Date,Daily Emissions (Kg Methane),Daily Mitigable Emissions (Kg Methane),Daily Non-Mitigable Emissions (Kg Methane),Daily Cost ($),Active Leaks,New Leaks,Leaks Repaired,Leaks Naturally Repaired,Leaks Tagged,Daily Repair Cost ($),Daily Natural Repair Cost ($),aircraft Deployment Cost ($),aircraft Sites flagged for Follow-Up,aircraft Leaks tagged for repair,aircraft Sites Visited,aircraft Travel Time (Minutes),aircraft Survey Time (Minutes),OGI_FU Deployment Cost ($),OGI_FU Sites flagged for Follow-Up,OGI_FU Leaks tagged for repair,OGI_FU Sites Visited,OGI_FU Travel Time (Minutes),OGI_FU Survey Time (Minutes)
2022-01-01,50141.74072,9153.58072,40988.16000,250.00000,397,399,0,2,0.00000,0.00000,400.00000,250.00000,0,,10,20,10,0.00000,,0,0,0,0
2022-01-02,50319.13837,9330.97837,40988.16000,0.00000,398,1,0,0,0.00000,0.00000,0.00000,0.00000,0,,0,0,0,0.00000,,0,0,0,0
2022-01-03,49896.24947,8908.08947,40988.16000,1000.00000,399,2,0,1,84.00000,0.00000,200.00000,0.00000,10,,0,0,0,1000.00000,,84,3,120,360
2022-01-04,49602.48947,8908.08947,40694.40000,1000.00000,398,0,0,0,96.00000,0.00000,0.00000,0.00000,0,,0,0,0,1000.00000,,96,3,120,360
2022-01-05,49602.48947,8908.08947,40694.40000,1000.00000,398,0,0,0,70.00000,0.00000,0.00000,0.00000,0,,0,0,0,1000.00000,,70,3,120,360
2022-01-06,49620.65267,8926.25267,40694.40000,500.00000,400,2,0,0,27.00000,0.00000,0.00000,0.00000,0,,0,0,0,500.00000,,27,1,30,120
2022-01-07,49620.65267,8926.25267,40694.40000,0.00000,400,0,0,0,0.00000,0.00000,0.00000,0.00000,0,,0,0,0,0.00000,,0,0,0,0
2022-01-08,49640.40230,8946.00230,40694.40000,0.00000,401,1,0,0,0.00000,0.00000,0.00000,0.00000,0,,0,0,0,0.00000,,0,0,0,0
2022-01-09,49640.40230,8946.00230,40694.40000,0.00000,401,0,0,0,0.00000,0.00000,0.00000,0.00000,0,,0,0,0,0.00000,,0,0,0,0
2022-01-10,49554.00230,8946.00230,40608.00000,0.00000,400,0,0,0,0.00000,0.00000,0.00000,0.00000,0,,0,0,0,0.00000,,0,0,0,0
2022-01-11,49554.00230,8946.00230,40608.00000,0.00000,400,0,0,0,0.00000,0.00000,0.00000,0.00000,0,,0,0,0,0.00000,,0,0,0,0
2022-01-12,49553.80400,8945.80400,40608.00000,0.00000,400,1,0,1,0.00000,0.00000,200.00000,0.00000,0,,0,0,0,0.00000,,0,0,0,0
2022-01-13,49567.51004,8959.51004,40608.00000,0.00000,401,1,0,0,0.00000,0.00000,0.00000,0.00000,0,,0,0,0,0.00000,,0,0,0,0
2022-01-14,49567.51004,8959.51004,40608.00000,0.00000,401,0,0,0,0.00000,0.00000,0.00000,0.00000,0,,0,0,0,0.00000,,0,0,0,0
2022-01-15,49658.61955,8964.21955,40694.40000,0.00000,403,2,0,0,0.00000,0.00000,0.00000,0.00000,0,,0,0,0,0.00000,,0,0,0,0
2022-01-16,49658.61955,8964.21955,40694.40000,0.00000,403,0,0,0,0.00000,0.00000,0.00000,0.00000,0,,0,0,0,0.00000,,0,0,0,0
2022-01-17,49661.82912,8967.42912,40694.40000,0.00000,404,1,0,0,0.00000,0.00000,0.00000,0.00000,0,,0,0,0,0.00000,,0,0,0,0
2022-01-18,47392.61624,6801.89624,40590.72000,14800.00000,330,1,74,0,0.00000,14800.00000,0.00000,0.00000,0,,0,0,0,0.00000,,0,0,0,0
2022-01-19,44762.81630,3878.33630,40884.48000,17200.00000,246,2,86,0,0.00000,17200.00000,0.00000,0.00000,0,,0,0,0,0.00000,,0,0,0,0
2022-01-20,42800.70289,1829.82289,40970.88000,12600.00000,184,2,63,0,0.00000,12600.00000,0.00000,0.00000,0,,0,0,0,0.00000,,0,0,0,0
2022-01-21,41151.70359,77.14359,41074.56000,5000.00000,161,2,25,0,0.00000,5000.00000,0.00000,0.00000,0,,0,0,0,0.00000,,0,0,0,0
2022-01-22,40288.39233,77.83233,40210.56000,0.00000,161,1,0,0,0.00000,0.00000,0.00000,0.00000,0,,0,0,0,0.00000,,0,0,0,0
2022-01-23,40258.46484,134.30484,40124.16000,0.00000,162,2,0,0,0.00000,0.00000,0.00000,0.00000,0,,0,0,0,0.00000,,0,0,0,0
2022-01-24,40258.46484,134.30484,40124.16000,0.00000,162,0,0,0,0.00000,0.00000,0.00000,0.00000,0,,0,0,0,0.00000,,0,0,0,0
2022-01-25,40258.11550,133.95550,40124.16000,0.00000,161,0,0,1,0.00000,0.00000,200.00000,0.00000,0,,0,0,0,0.00000,,0,0,0,0
2022-01-26,40551.87550,133.95550,40417.92000,0.00000,162,1,0,0,0.00000,0.00000,0.00000,0.00000,0,,0,0,0,0.00000,,0,0,0,0
2022-01-27,40552.07087,134.15087,40417.92000,0.00000,162,1,0,1,0.00000,0.00000,200.00000,0.00000,0,,0,0,0,0.00000,,0,0,0,0
2022-01-28,40561.10749,229.58749,40331.52000,0.00000,164,3,0,0,0.00000,0.00000,0.00000,0.00000,0,,0,0,0,0.00000,,0,0,0,0
2022-01-29,39696.85873,229.33873,39467.52000,0.00000,162,0,0,1,0.00000,0.00000,200.00000,0.00000,0,,0,0,0,0.00000,,0,0,0,0
2022-01-30,39696.85873,229.33873,39467.52000,0.00000,162,0,0,0,0.00000,0.00000,0.00000,0.00000,0,,0,0,0,0.00000,,0,0,0,0
2022-01-31,39841.85919,374.33919,39467.52000,0.00000,164,3,0,0,0.00000,0.00000,0.00000,0.00000,0,,0,0,0,0.00000,,0,0,0,0
2022-02-01,39841.85919,374.33919,39467.52000,0.00000,164,0,0,0,0.00000,0.00000,0.00000,0.00000,0,,0,0,0,0.00000,,0,0,0,0
2022-02-02,39755.45919,374.33919,39381.12000,0.00000,163,0,0,0,0.00000,0.00000,0.00000,0.00000,0,,0,0,0,0.00000,,0,0,0,0
2022-02-03,39713.79468,419.07468,39294.72000,0.00000,164,2,0,0,0.00000,0.00000,0.00000,0.00000,0,,0,0,0,0.00000,,0,0,0,0
2022-02-04,39800.19468,419.07468,39381.12000,0.00000,165,1,0,0,0.00000,0.00000,0.00000,0.00000,0,,0,0,0,0.00000,,0,0,0,0
2022-02-05,38936.19468,419.07468,38517.12000,0.00000,164,0,0,0,0.00000,0.00000,0.00000,0.00000,0,,0,0,0,0.00000,,0,0,0,0
2022-02-06,38936.19468,419.07468,38517.12000,0.00000,164,0,0,0,0.00000,0.00000,0.00000,0.00000,0,,0,0,0,0.00000,,0,0,0,0
2022-02-07,39147.60711,630.48711,38517.12000,0.00000,167,3,0,0,0.00000,0.00000,0.00000,0.00000,0,,0,0,0,0.00000,,0,0,0,0
2022-02-08,39147.60711,630.48711,38517.12000,0.00000,167,0,0,0,0.00000,0.00000,0.00000,0.00000,0,,0,0,0,0.00000,,0,0,0,0
2022-02-09,39157.18452,640.06452,38517.12000,0.00000,169,3,0,1,0.00000,0.00000,200.00000,0.00000,0,,0,0,0,0.00000,,0,0,0,0
2022-02-10,39160.03659,642.91659,38517.12000,0.00000,170,1,0,0,0.00000,0.00000,0.00000,0.00000,0,,0,0,0,0.00000,,0,0,0,0
2022-02-11,39076.05901,662.61901,38413.44000,0.00000,170,2,0,1,0.00000,0.00000,200.00000,0.00000,0,,0,0,0,0.00000,,0,0,0,0
2022-02-12,39076.30450,662.86450,38413.44000,0.00000,171,2,0,0,0.00000,0.00000,0.00000,0.00000,0,,0,0,0,0.00000,,0,0,0,0
2022-02-13,39136.75339,723.31339,38413.44000,0.00000,173,2,0,0,0.00000,0.00000,0.00000,0.00000,0,,0,0,0,0.00000,,0,0,0,0
2022-02-14,39050.35339,723.31339,38327.04000,0.00000,172,0,0,0,0.00000,0.00000,0.00000,0.00000,0,,0,0,0,0.00000,,0,0,0,0
2022-02-15,39219.43816,1860.07816,37359.36000,0.00000,171,1,0,0,0.00000,0.00000,0.00000,0.00000,0,,0,0,0,0.00000,,0,0,0,0
2022-02-16,39219.43816,1860.07816,37359.36000,0.00000,171,0,0,0,0.00000,0.00000,0.00000,0.00000,0,,0,0,0,0.00000,,0,0,0,0
2022-02-17,39327.49175,1864.45175,37463.04000,0.00000,173,2,0,0,0.00000,0.00000,0.00000,0.00000,0,,0,0,0,0.00000,,0,0,0,0
2022-02-18,39328.03910,1864.99910,37463.04000,0.00000,174,1,0,0,0.00000,0.00000,0.00000,0.00000,0,,0,0,0,0.00000,,0,0,0,0
2022-02-19,39328.03910,1864.99910,37463.04000,0.00000,174,0,0,0,0.00000,0.00000,0.00000,0.00000,0,,0,0,0,0.00000,,0,0,0,0
2022-02-20,39627.13264,1870.33264,37756.80000,0.00000,176,2,0,0,0.00000,0.00000,0.00000,0.00000,0,,0,0,0,0.00000,,0,0,0,0
2022-02-21,39630.91079,1874.11079,37756.80000,0.00000,177,1,0,0,0.00000,0.00000,0.00000,0.00000,0,,0,0,0,0.00000,,0,0,0,0
2022-02-22,39633.53848,1876.73848,37756.80000,0.00000,177,1,0,1,0.00000,0.00000,200.00000,0.00000,0,,0,0,0,0.00000,,0,0,0,0
2022-02-23,39633.53848,1876.73848,37756.80000,0.00000,177,0,0,0,0.00000,0.00000,0.00000,0.00000,0,,0,0,0,0.00000,,0,0,0,0
2022-02-24,39847.30782,1883.14782,37964.16000,0.00000,178,2,0,0,0.00000,0.00000,0.00000,0.00000,0,,0,0,0,0.00000,,0,0,0,0
2022-02-25,38982.95456,1882.79456,37100.16000,0.00000,176,0,0,1,0.00000,0.00000,200.00000,0.00000,0,,0,0,0,0.00000,,0,0,0,0
2022-02-26,38982.95456,1882.79456,37100.16000,0.00000,176,0,0,0,0.00000,0.00000,0.00000,0.00000,0,,0,0,0,0.00000,,0,0,0,0
2022-02-27,39554.45134,1884.05134,37670.40000,0.00000,177,2,0,0,0.00000,0.00000,0.00000,0.00000,0,,0,0,0,0.00000,,0,0,0,0
2022-02-28,39556.31662,1885.91662,37670.40000,0.00000,178,1,0,0,0.00000,0.00000,0.00000,0.00000,0,,0,0,0,0.00000,,0,0,0,0
2022-03-01,39556.31662,1885.91662,37670.40000,0.00000,178,0,0,0,0.00000,0.00000,0.00000,0.00000,0,,0,0,0,0.00000,,0,0,0,0
2022-03-02,39557.05532,1886.65532,37670.40000,0.00000,179,1,0,0,0.00000,0.00000,0.00000,0.00000,0,,0,0,0,0.00000,,0,0,0,0
2022-03-03,39515.38740,1948.66740,37566.72000,0.00000,179,1,0,0,0.00000,0.00000,0.00000,0.00000,0,,0,0,0,0.00000,,0,0,0,0
2022-03-04,39590.53024,2023.81024,37566.72000,0.00000,181,2,0,0,0.00000,0.00000,0.00000,0.00000,0,,0,0,0,0.00000,,0,0,0,0
2022-03-05,39590.53024,2023.81024,37566.72000,0.00000,181,0,0,0,0.00000,0.00000,0.00000,0.00000,0,,0,0,0,0.00000,,0,0,0,0
2022-03-06,39590.53024,2023.81024,37566.72000,0.00000,181,0,0,0,0.00000,0.00000,0.00000,0.00000,0,,0,0,0,0.00000,,0,0,0,0
2022-03-07,39590.53024,2023.81024,37566.72000,0.00000,181,0,0,0,0.00000,0.00000,0.00000,0.00000,0,,0,0,0,0.00000,,0,0,0,0
2022-03-08,39606.23275,2039.51275,37566.72000,0.00000,182,1,0,0,0.00000,0.00000,0.00000,0.00000,0,,0,0,0,0.00000,,0,0,0,0
2022-03-09,39606.23275,2039.51275,37566.72000,0.00000,182,0,0,0,0.00000,0.00000,0.00000,0.00000,0,,0,0,0,0.00000,,0,0,0,0
2022-03-10,39900.14795,2039.66795,37860.48000,0.00000,184,2,0,0,0.00000,0.00000,0.00000,0.00000,0,,0,0,0,0.00000,,0,0,0,0
2022-03-11,39937.93012,2077.45012,37860.48000,0.00000,185,1,0,0,0.00000,0.00000,0.00000,0.00000,0,,0,0,0,0.00000,,0,0,0,0
2022-03-12,40223.71939,2276.83939,37946.88000,0.00000,188,3,0,0,0.00000,0.00000,0.00000,0.00000,0,,0,0,0,0.00000,,0,0,0,0
2022-03-13,40445.84199,2498.96199,37946.88000,0.00000,189,1,0,0,0.00000,0.00000,0.00000,0.00000,0,,0,0,0,0.00000,,0,0,0,0
2022-03-14,40359.44199,2498.96199,37860.48000,0.00000,188,0,0,0,0.00000,0.00000,0.00000,0.00000,0,,0,0,0,0.00000,,0,0,0,0
2022-03-15,40739.60199,2498.96199,38240.64000,0.00000,190,2,0,0,0.00000,0.00000,0.00000,0.00000,0,,0,0,0,0.00000,,0,0,0,0
2022-03-16,40739.60199,2498.96199,38240.64000,0.00000,190,0,0,0,0.00000,0.00000,0.00000,0.00000,0,,0,0,0,0.00000,,0,0,0,0
2022-03-17,40858.66357,2531.62357,38327.04000,0.00000,193,3,0,0,0.00000,0.00000,0.00000,0.00000,0,,0,0,0,0.00000,,0,0,0,0
2022-03-18,39994.66357,2531.62357,37463.04000,0.00000,192,0,0,0,0.00000,0.00000,0.00000,0.00000,0,,0,0,0,0.00000,,0,0,0,0
2022-03-19,40000.18920,2537.14920,37463.04000,0.00000,193,1,0,0,0.00000,0.00000,0.00000,0.00000,0,,0,0,0,0.00000,,0,0,0,0
2022-03-20,40000.18920,2537.14920,37463.04000,0.00000,193,0,0,0,0.00000,0.00000,0.00000,0.00000,0,,0,0,0,0.00000,,0,0,0,0
2022-03-21,39608.51185,2542.91185,37065.60000,0.00000,194,3,0,0,0.00000,0.00000,0.00000,0.00000,0,,0,0,0,0.00000,,0,0,0,0
2022-03-22,40074.91065,2715.55065,37359.36000,0.00000,197,3,0,0,0.00000,0.00000,0.00000,0.00000,0,,0,0,0,0.00000,,0,0,0,0
2022-03-23,40075.51216,2716.15216,37359.36000,0.00000,198,1,0,0,0.00000,0.00000,0.00000,0.00000,0,,0,0,0,0.00000,,0,0,0,0
2022-03-24,40075.51216,2716.15216,37359.36000,0.00000,198,0,0,0,0.00000,0.00000,0.00000,0.00000,0,,0,0,0,0.00000,,0,0,0,0
2022-03-25,39990.63110,2717.67110,37272.96000,0.00000,198,1,0,0,0.00000,0.00000,0.00000,0.00000,0,,0,0,0,0.00000,,0,0,0,0
2022-03-26,39990.63110,2717.67110,37272.96000,0.00000,198,0,0,0,0.00000,0.00000,0.00000,0.00000,0,,0,0,0,0.00000,,0,0,0,0
2022-03-27,40288.15367,2721.43367,37566.72000,0.00000,200,2,0,0,0.00000,0.00000,0.00000,0.00000,0,,0,0,0,0.00000,,0,0,0,0
2022-03-28,40322.75305,2756.03305,37566.72000,0.00000,201,1,0,0,0.00000,0.00000,0.00000,0.00000,0,,0,0,0,0.00000,,0,0,0,0
2022-03-29,40333.62787,2766.90787,37566.72000,0.00000,202,1,0,0,0.00000,0.00000,0.00000,0.00000,0,,0,0,0,0.00000,,0,0,0,0
2022-03-30,39471.14550,2768.42550,36702.72000,0.00000,202,1,0,0,0.00000,0.00000,0.00000,0.00000,0,,0,0,0,0.00000,,0,0,0,0
2022-03-31,39367.46550,2768.42550,36599.04000,0.00000,201,1,0,0,0.00000,0.00000,0.00000,0.00000,0,,0,0,0,0.00000,,0,0,0,0
2022-04-01,39484.83997,2782.11997,36702.72000,0.00000,204,3,0,0,0.00000,0.00000,0.00000,0.00000,0,,0,0,0,0.00000,,0,0,0,0
2022-04-02,39484.83997,2782.11997,36702.72000,0.00000,204,0,0,0,0.00000,0.00000,0.00000,0.00000,0,,0,0,0,0.00000,,0,0,0,0
2022-04-03,39538.43553,2835.71553,36702.72000,0.00000,207,3,0,0,0.00000,0.00000,0.00000,0.00000,0,,0,0,0,0.00000,,0,0,0,0
2022-04-04,39549.37756,2846.65756,36702.72000,0.00000,207,1,0,1,0.00000,0.00000,200.00000,0.00000,0,,0,0,0,0.00000,,0,0,0,0
2022-04-05,38391.61756,2846.65756,35544.96000,0.00000,205,0,0,0,0.00000,0.00000,0.00000,0.00000,0,,0,0,0,0.00000,,0,0,0,0
2022-04-06,38305.21756,2846.65756,35458.56000,0.00000,204,0,0,0,0.00000,0.00000,0.00000,0.00000,0,,0,0,0,0.00000,,0,0,0,0
2022-04-07,38306.44286,2847.88286,35458.56000,0.00000,204,1,0,1,0.00000,0.00000,200.00000,0.00000,0,,0,0,0,0.00000,,0,0,0,0
2022-04-08,39170.51186,2847.95186,36322.56000,0.00000,206,2,0,0,0.00000,0.00000,0.00000,0.00000,0,,0,0,0,0.00000,,0,0,0,0
2022-04-09,39285.51163,2876.55163,36408.96000,0.00000,209,3,0,0,0.00000,0.00000,0.00000,0.00000,0,,0,0,0,0.00000,,0,0,0,0
2022-04-10,39285.51163,2876.55163,36408.96000,0.00000,209,0,0,0,0.00000,0.00000,0.00000,0.00000,0,,0,0,0,0.00000,,0,0,0,0
2022-04-11,39285.80172,2876.84172,36408.96000,0.00000,210,1,0,0,0.00000,0.00000,0.00000,0.00000,0,,0,0,0,0.00000,,0,0,0,0
2022-04-12,39389.30040,2876.66040,36512.64000,0.00000,210,1,0,1,0.00000,0.00000,200.00000,0.00000,0,,0,0,0,0.00000,,0,0,0,0
2022-04-13,43020.18998,6593.94998,36426.24000,0.00000,210,1,0,0,0.00000,0.00000,0.00000,0.00000,0,,0,0,0,0.00000,,0,0,0,0
2022-04-14,43025.60152,6599.36152,36426.24000,0.00000,209,1,0,2,0.00000,0.00000,400.00000,0.00000,0,,0,0,0,0.00000,,0,0,0,0
2022-04-15,43025.55212,6599.31212,36426.24000,0.00000,208,0,0,1,0.00000,0.00000,200.00000,0.00000,0,,0,0,0,0.00000,,0,0,0,0
2022-04-16,42165.00822,6602.76822,35562.24000,0.00000,209,2,0,0,0.00000,0.00000,0.00000,0.00000,0,,0,0,0,0.00000,,0,0,0,0
2022-04-17,42165.00822,6602.76822,35562.24000,0.00000,209,0,0,0,0.00000,0.00000,0.00000,0.00000,0,,0,0,0,0.00000,,0,0,0,0
2022-04-18,41301.28750,6603.04750,34698.24000,0.00000,210,2,0,0,0.00000,0.00000,0.00000,0.00000,0,,0,0,0,0.00000,,0,0,0,0
2022-04-19,41301.28750,6603.04750,34698.24000,0.00000,210,0,0,0,0.00000,0.00000,0.00000,0.00000,0,,0,0,0,0.00000,,0,0,0,0
2022-04-20,42165.18312,6602.94312,35562.24000,0.00000,210,1,0,1,0.00000,0.00000,200.00000,0.00000,0,,0,0,0,0.00000,,0,0,0,0
2022-04-21,42268.86312,6602.94312,35665.92000,0.00000,211,1,0,0,0.00000,0.00000,0.00000,0.00000,0,,0,0,0,0.00000,,0,0,0,0
2022-04-22,42167.34103,6605.10103,35562.24000,0.00000,211,1,0,0,0.00000,0.00000,0.00000,0.00000,0,,0,0,0,0.00000,,0,0,0,0
2022-04-23,42167.34103,6605.10103,35562.24000,0.00000,211,0,0,0,0.00000,0.00000,0.00000,0.00000,0,,0,0,0,0.00000,,0,0,0,0
2022-04-24,41216.94103,6605.10103,34611.84000,0.00000,209,0,0,0,0.00000,0.00000,0.00000,0.00000,0,,0,0,0,0.00000,,0,0,0,0
2022-04-25,40439.34103,6605.10103,33834.24000,0.00000,209,1,0,0,0.00000,0.00000,0.00000,0.00000,0,,0,0,0,0.00000,,0,0,0,0
2022-04-26,40335.66103,6605.10103,33730.56000,0.00000,208,0,0,0,0.00000,0.00000,0.00000,0.00000,0,,0,0,0,0.00000,,0,0,0,0
2022-04-27,40629.42103,6605.10103,34024.32000,0.00000,209,1,0,0,0.00000,0.00000,0.00000,0.00000,0,,0,0,0,0.00000,,0,0,0,0
2022-04-28,40491.83600,6761.27600,33730.56000,0.00000,210,2,0,0,0.00000,0.00000,0.00000,0.00000,0,,0,0,0,0.00000,,0,0,0,0
2022-04-29,39627.83600,6761.27600,32866.56000,0.00000,209,0,0,0,0.00000,0.00000,0.00000,0.00000,0,,0,0,0,0.00000,,0,0,0,0
2022-04-30,39731.51600,6761.27600,32970.24000,0.00000,210,1,0,0,0.00000,0.00000,0.00000,0.00000,0,,0,0,0,0.00000,,0,0,0,0
2022-05-01,39743.68228,6773.44228,32970.24000,0.00000,212,2,0,0,0.00000,0.00000,0.00000,0.00000,0,,0,0,0,0.00000,,0,0,0,0
2022-05-02,39794.86794,6824.62794,32970.24000,0.00000,215,3,0,0,0.00000,0.00000,0.00000,0.00000,0,,0,0,0,0.00000,,0,0,0,0
2022-05-03,39810.76055,6840.52055,32970.24000,0.00000,216,1,0,0,0.00000,0.00000,0.00000,0.00000,0,,0,0,0,0.00000,,0,0,0,0
2022-05-04,39811.24578,6841.00578,32970.24000,0.00000,216,1,0,1,0.00000,0.00000,200.00000,0.00000,0,,0,0,0,0.00000,,0,0,0,0
2022-05-05,39842.26429,6872.02429,32970.24000,0.00000,217,1,0,0,0.00000,0.00000,0.00000,0.00000,0,,0,0,0,0.00000,,0,0,0,0
2022-05-06,40374.99190,7110.99190,33264.00000,0.00000,223,6,0,0,0.00000,0.00000,0.00000,0.00000,0,,0,0,0,0.00000,,0,0,0,0
2022-05-07,40376.02391,7112.02391,33264.00000,0.00000,223,1,0,1,0.00000,0.00000,200.00000,0.00000,0,,0,0,0,0.00000,,0,0,0,0
2022-05-08,40082.26391,7112.02391,32970.24000,0.00000,222,0,0,0,0.00000,0.00000,0.00000,0.00000,0,,0,0,0,0.00000,,0,0,0,0
2022-05-09,40082.60655,7112.36655,32970.24000,0.00000,223,1,0,0,0.00000,0.00000,0.00000,0.00000,0,,0,0,0,0.00000,,0,0,0,0
2022-05-10,40171.98805,7115.34805,33056.64000,0.00000,226,3,0,0,0.00000,0.00000,0.00000,0.00000,0,,0,0,0,0.00000,,0,0,0,0
2022-05-11,40299.84924,7243.20924,33056.64000,0.00000,226,1,0,1,0.00000,0.00000,200.00000,0.00000,0,,0,0,0,0.00000,,0,0,0,0
2022-05-12,40299.84924,7243.20924,33056.64000,0.00000,226,0,0,0,0.00000,0.00000,0.00000,0.00000,0,,0,0,0,0.00000,,0,0,0,0
2022-05-13,40196.16924,7243.20924,32952.96000,0.00000,225,0,0,0,0.00000,0.00000,0.00000,0.00000,0,,0,0,0,0.00000,,0,0,0,0
2022-05-14,40195.74555,7242.78555,32952.96000,0.00000,224,0,0,1,0.00000,0.00000,200.00000,0.00000,0,,0,0,0,0.00000,,0,0,0,0
2022-05-15,40288.75968,7249.39968,33039.36000,0.00000,226,2,0,0,0.00000,0.00000,0.00000,0.00000,0,,0,0,0,0.00000,,0,0,0,0
2022-05-16,40288.75968,7249.39968,33039.36000,0.00000,226,0,0,0,0.00000,0.00000,0.00000,0.00000,0,,0,0,0,0.00000,,0,0,0,0
2022-05-17,40288.75968,7249.39968,33039.36000,0.00000,226,0,0,0,0.00000,0.00000,0.00000,0.00000,0,,0,0,0,0.00000,,0,0,0,0
2022-05-18,40288.36096,7249.00096,33039.36000,0.00000,225,0,0,1,0.00000,0.00000,200.00000,0.00000,0,,0,0,0,0.00000,,0,0,0,0
2022-05-19,40615.96378,7282.84378,33333.12000,0.00000,227,2,0,0,0.00000,0.00000,0.00000,0.00000,0,,0,0,0,0.00000,,0,0,0,0
2022-05-20,40616.75871,7283.63871,33333.12000,0.00000,228,1,0,0,0.00000,0.00000,0.00000,0.00000,0,,0,0,0,0.00000,,0,0,0,0
2022-05-21,40516.64036,7287.20036,33229.44000,0.00000,228,1,0,0,0.00000,0.00000,0.00000,0.00000,0,,0,0,0,0.00000,,0,0,0,0
2022-05-22,40222.88036,7287.20036,32935.68000,0.00000,227,0,0,0,0.00000,0.00000,0.00000,0.00000,0,,0,0,0,0.00000,,0,0,0,0
2022-05-23,41108.61884,7308.93884,33799.68000,0.00000,229,2,0,0,0.00000,0.00000,0.00000,0.00000,0,,0,0,0,0.00000,,0,0,0,0
2022-05-24,41113.36392,7313.68392,33799.68000,0.00000,230,1,0,0,0.00000,0.00000,0.00000,0.00000,0,,0,0,0,0.00000,,0,0,0,0
2022-05-25,41407.12392,7313.68392,34093.44000,0.00000,231,1,0,0,0.00000,0.00000,0.00000,0.00000,0,,0,0,0,0.00000,,0,0,0,0
2022-05-26,40543.12392,7313.68392,33229.44000,0.00000,230,0,0,0,0.00000,0.00000,0.00000,0.00000,0,,0,0,0,0.00000,,0,0,0,0
2022-05-27,40629.55502,7313.71502,33315.84000,0.00000,232,2,0,0,0.00000,0.00000,0.00000,0.00000,0,,0,0,0,0.00000,,0,0,0,0
2022-05-28,40767.62254,7365.38254,33402.24000,0.00000,234,2,0,0,0.00000,0.00000,0.00000,0.00000,0,,0,0,0,0.00000,,0,0,0,0
2022-05-29,40769.39681,7367.15681,33402.24000,0.00000,235,2,0,0,0.00000,0.00000,0.00000,0.00000,0,,0,0,0,0.00000,,0,0,0,0
2022-05-30,40769.39681,7367.15681,33402.24000,0.00000,235,0,0,0,0.00000,0.00000,0.00000,0.00000,0,,0,0,0,0.00000,,0,0,0,0
2022-05-31,40769.40717,7367.16717,33402.24000,0.00000,236,1,0,0,0.00000,0.00000,0.00000,0.00000,0,,0,0,0,0.00000,,0,0,0,0
2022-06-01,40774.39685,7372.15685,33402.24000,0.00000,238,2,0,0,0.00000,0.00000,0.00000,0.00000,0,,0,0,0,0.00000,,0,0,0,0
2022-06-02,40687.81667,7371.97667,33315.84000,0.00000,236,0,0,1,0.00000,0.00000,200.00000,0.00000,0,,0,0,0,0.00000,,0,0,0,0
2022-06-03,40408.75543,7386.67543,33022.08000,0.00000,236,1,0,0,0.00000,0.00000,0.00000,0.00000,0,,0,0,0,0.00000,,0,0,0,0
2022-06-04,40454.41457,7432.33457,33022.08000,0.00000,236,1,0,1,0.00000,0.00000,200.00000,0.00000,0,,0,0,0,0.00000,,0,0,0,0
2022-06-05,40494.23504,7472.15504,33022.08000,0.00000,237,1,0,0,0.00000,0.00000,0.00000,0.00000,0,,0,0,0,0.00000,,0,0,0,0
2022-06-06,40597.91504,7472.15504,33125.76000,0.00000,238,1,0,0,0.00000,0.00000,0.00000,0.00000,0,,0,0,0,0.00000,,0,0,0,0
2022-06-07,40498.51171,7476.43171,33022.08000,0.00000,238,1,0,0,0.00000,0.00000,0.00000,0.00000,0,,0,0,0,0.00000,,0,0,0,0
2022-06-08,40584.91171,7476.43171,33108.48000,0.00000,239,1,0,0,0.00000,0.00000,0.00000,0.00000,0,,0,0,0,0.00000,,0,0,0,0
2022-06-09,40481.53004,7476.73004,33004.80000,0.00000,239,1,0,0,0.00000,0.00000,0.00000,0.00000,0,,0,0,0,0.00000,,0,0,0,0
2022-06-10,40537.29096,7532.49096,33004.80000,0.00000,241,2,0,0,0.00000,0.00000,0.00000,0.00000,0,,0,0,0,0.00000,,0,0,0,0
2022-06-11,40539.25684,7534.45684,33004.80000,0.00000,242,1,0,0,0.00000,0.00000,0.00000,0.00000,0,,0,0,0,0.00000,,0,0,0,0
2022-06-12,39675.25684,7534.45684,32140.80000,0.00000,241,0,0,0,0.00000,0.00000,0.00000,0.00000,0,,0,0,0,0.00000,,0,0,0,0
2022-06-13,39675.25684,7534.45684,32140.80000,0.00000,241,0,0,0,0.00000,0.00000,0.00000,0.00000,0,,0,0,0,0.00000,,0,0,0,0
2022-06-14,39675.25684,7534.45684,32140.80000,0.00000,241,0,0,0,0.00000,0.00000,0.00000,0.00000,0,,0,0,0,0.00000,,0,0,0,0
2022-06-15,38830.92632,7554.12632,31276.80000,0.00000,241,1,0,0,0.00000,0.00000,0.00000,0.00000,0,,0,0,0,0.00000,,0,0,0,0
2022-06-16,38744.52632,7554.12632,31190.40000,0.00000,240,0,0,0,0.00000,0.00000,0.00000,0.00000,0,,0,0,0,0.00000,,0,0,0,0
2022-06-17,38466.86317,7570.22317,30896.64000,0.00000,241,2,0,0,0.00000,0.00000,0.00000,0.00000,0,,0,0,0,0.00000,,0,0,0,0
2022-06-18,37621.31563,7588.67563,30032.64000,0.00000,242,2,0,0,0.00000,0.00000,0.00000,0.00000,0,,0,0,0,0.00000,,0,0,0,0
2022-06-19,37709.92291,7590.88291,30119.04000,0.00000,244,2,0,0,0.00000,0.00000,0.00000,0.00000,0,,0,0,0,0.00000,,0,0,0,0
2022-06-20,35983.92366,7592.88366,28391.04000,0.00000,243,1,0,0,0.00000,0.00000,0.00000,0.00000,0,,0,0,0,0.00000,,0,0,0,0
2022-06-21,35690.16366,7592.88366,28097.28000,0.00000,242,0,0,0,0.00000,0.00000,0.00000,0.00000,0,,0,0,0,0.00000,,0,0,0,0
2022-06-22,36658.08911,7593.12911,29064.96000,0.00000,245,4,0,0,0.00000,0.00000,0.00000,0.00000,0,,0,0,0,0.00000,,0,0,0,0
2022-06-23,37608.67320,7593.31320,30015.36000,0.00000,248,3,0,0,0.00000,0.00000,0.00000,0.00000,0,,0,0,0,0.00000,,0,0,0,0
2022-06-24,38472.67320,7593.31320,30879.36000,0.00000,249,1,0,0,0.00000,0.00000,0.00000,0.00000,0,,0,0,0,0.00000,,0,0,0,0
2022-06-25,38474.08945,7594.72945,30879.36000,0.00000,250,1,0,0,0.00000,0.00000,0.00000,0.00000,0,,0,0,0,0.00000,,0,0,0,0
2022-06-26,38474.08945,7594.72945,30879.36000,0.00000,250,0,0,0,0.00000,0.00000,0.00000,0.00000,0,,0,0,0,0.00000,,0,0,0,0
2022-06-27,38477.00798,7597.64798,30879.36000,0.00000,251,1,0,0,0.00000,0.00000,0.00000,0.00000,0,,0,0,0,0.00000,,0,0,0,0
2022-06-28,37614.13323,7598.77323,30015.36000,0.00000,251,1,0,0,0.00000,0.00000,0.00000,0.00000,0,,0,0,0,0.00000,,0,0,0,0
2022-06-29,37614.13323,7598.77323,30015.36000,0.00000,251,0,0,0,0.00000,0.00000,0.00000,0.00000,0,,0,0,0,0.00000,,0,0,0,0
2022-06-30,37614.13323,7598.77323,30015.36000,0.00000,251,0,0,0,0.00000,0.00000,0.00000,0.00000,0,,0,0,0,0.00000,,0,0,0,0
2022-07-01,37615.18162,7599.82162,30015.36000,0.00000,252,1,0,0,0.00000,0.00000,0.00000,0.00000,0,,0,0,0,0.00000,,0,0,0,0
2022-07-02,37615.03189,7599.67189,30015.36000,0.00000,251,1,0,1,0.00000,0.00000,200.00000,0.00000,0,,0,0,0,0.00000,,0,0,0,0
2022-07-03,37615.45613,7600.09613,30015.36000,0.00000,252,1,0,0,0.00000,0.00000,0.00000,0.00000,0,,0,0,0,0.00000,,0,0,0,0
2022-07-04,37615.45613,7600.09613,30015.36000,0.00000,252,0,0,0,0.00000,0.00000,0.00000,0.00000,0,,0,0,0,0.00000,,0,0,0,0
2022-07-05,37615.45613,7600.09613,30015.36000,0.00000,252,0,0,0,0.00000,0.00000,0.00000,0.00000,0,,0,0,0,0.00000,,0,0,0,0
2022-07-06,38385.42215,7609.74215,30775.68000,0.00000,253,2,0,0,0.00000,0.00000,0.00000,0.00000,0,,0,0,0,0.00000,,0,0,0,0
2022-07-07,38475.23585,7613.15585,30862.08000,0.00000,255,2,0,0,0.00000,0.00000,0.00000,0.00000,0,,0,0,0,0.00000,,0,0,0,0
2022-07-08,38475.05700,7612.97700,30862.08000,0.00000,254,0,0,1,0.00000,0.00000,200.00000,0.00000,0,,0,0,0,0.00000,,0,0,0,0
2022-07-09,38475.05700,7612.97700,30862.08000,0.00000,254,1,0,0,0.00000,0.00000,0.00000,0.00000,0,,0,0,0,0.00000,,0,0,0,0
2022-07-10,38405.97571,7630.29571,30775.68000,0.00000,255,2,0,0,0.00000,0.00000,0.00000,0.00000,0,,0,0,0,0.00000,,0,0,0,0
2022-07-11,38323.77593,7634.49593,30689.28000,0.00000,255,1,0,0,0.00000,0.00000,0.00000,0.00000,0,,0,0,0,0.00000,,0,0,0,0
2022-07-12,38323.77593,7634.49593,30689.28000,0.00000,255,0,0,0,0.00000,0.00000,0.00000,0.00000,0,,0,0,0,0.00000,,0,0,0,0
2022-07-13,39187.46179,7634.18179,31553.28000,0.00000,255,1,0,1,0.00000,0.00000,200.00000,0.00000,0,,0,0,0,0.00000,,0,0,0,0
2022-07-14,39292.23722,7635.27722,31656.96000,0.00000,257,2,0,0,0.00000,0.00000,0.00000,0.00000,0,,0,0,0,0.00000,,0,0,0,0
2022-07-15,39304.58175,7647.62175,31656.96000,0.00000,258,1,0,0,0.00000,0.00000,0.00000,0.00000,0,,0,0,0,0.00000,,0,0,0,0
2022-07-16,39326.53325,7669.57325,31656.96000,0.00000,260,2,0,0,0.00000,0.00000,0.00000,0.00000,0,,0,0,0,0.00000,,0,0,0,0
2022-07-17,37598.53325,7669.57325,29928.96000,0.00000,258,0,0,0,0.00000,0.00000,0.00000,0.00000,0,,0,0,0,0.00000,,0,0,0,0
2022-07-18,37682.26318,7753.30318,29928.96000,0.00000,260,2,0,0,0.00000,0.00000,0.00000,0.00000,0,,0,0,0,0.00000,,0,0,0,0
2022-07-19,37682.26318,7753.30318,29928.96000,0.00000,260,0,0,0,0.00000,0.00000,0.00000,0.00000,0,,0,0,0,0.00000,,0,0,0,0
2022-07-20,37591.46715,7766.18715,29825.28000,0.00000,260,1,0,0,0.00000,0.00000,0.00000,0.00000,0,,0,0,0,0.00000,,0,0,0,0
2022-07-21,37403.68465,7768.48465,29635.20000,0.00000,259,1,0,0,0.00000,0.00000,0.00000,0.00000,0,,0,0,0,0.00000,,0,0,0,0
2022-07-22,37409.29232,7774.09232,29635.20000,0.00000,261,2,0,0,0.00000,0.00000,0.00000,0.00000,0,,0,0,0,0.00000,,0,0,0,0
2022-07-23,37409.29232,7774.09232,29635.20000,0.00000,261,0,0,0,0.00000,0.00000,0.00000,0.00000,0,,0,0,0,0.00000,,0,0,0,0
2022-07-24,37409.29232,7774.09232,29635.20000,0.00000,261,0,0,0,0.00000,0.00000,0.00000,0.00000,0,,0,0,0,0.00000,,0,0,0,0
2022-07-25,36551.34733,7780.14733,28771.20000,0.00000,261,1,0,0,0.00000,0.00000,0.00000,0.00000,0,,0,0,0,0.00000,,0,0,0,0
2022-07-26,36705.67208,8020.87208,28684.80000,0.00000,261,1,0,0,0.00000,0.00000,0.00000,0.00000,0,,0,0,0,0.00000,,0,0,0,0
2022-07-27,36707.74736,8022.94736,28684.80000,0.00000,261,1,0,1,0.00000,0.00000,200.00000,0.00000,0,,0,0,0,0.00000,,0,0,0,0
2022-07-28,36720.52960,8035.72960,28684.80000,0.00000,261,1,0,1,0.00000,0.00000,200.00000,0.00000,0,,0,0,0,0.00000,,0,0,0,0
2022-07-29,36806.92960,8035.72960,28771.20000,0.00000,262,1,0,0,0.00000,0.00000,0.00000,0.00000,0,,0,0,0,0.00000,,0,0,0,0
2022-07-30,36811.33884,8040.13884,28771.20000,0.00000,263,1,0,0,0.00000,0.00000,0.00000,0.00000,0,,0,0,0,0.00000,,0,0,0,0
2022-07-31,36816.67370,8045.47370,28771.20000,0.00000,265,2,0,0,0.00000,0.00000,0.00000,0.00000,0,,0,0,0,0.00000,,0,0,0,0
2022-08-01,36903.07370,8045.47370,28857.60000,0.00000,266,1,0,0,0.00000,0.00000,0.00000,0.00000,0,,0,0,0,0.00000,,0,0,0,0
2022-08-02,37201.30450,8049.94450,29151.36000,0.00000,268,2,0,0,0.00000,0.00000,0.00000,0.00000,0,,0,0,0,0.00000,,0,0,0,0
2022-08-03,37201.30450,8049.94450,29151.36000,0.00000,268,0,0,0,0.00000,0.00000,0.00000,0.00000,0,,0,0,0,0.00000,,0,0,0,0
2022-08-04,38065.58263,8050.22263,30015.36000,0.00000,270,2,0,0,0.00000,0.00000,0.00000,0.00000,0,,0,0,0,0.00000,,0,0,0,0
2022-08-05,38083.90574,8068.54574,30015.36000,0.00000,272,2,0,0,0.00000,0.00000,0.00000,0.00000,0,,0,0,0,0.00000,,0,0,0,0
2022-08-06,39241.66574,8068.54574,31173.12000,0.00000,274,2,0,0,0.00000,0.00000,0.00000,0.00000,0,,0,0,0,0.00000,,0,0,0,0
2022-08-07,39241.66574,8068.54574,31173.12000,0.00000,274,0,0,0,0.00000,0.00000,0.00000,0.00000,0,,0,0,0,0.00000,,0,0,0,0
2022-08-08,39275.45247,8102.33247,31173.12000,0.00000,276,2,0,0,0.00000,0.00000,0.00000,0.00000,0,,0,0,0,0.00000,,0,0,0,0
2022-08-09,39275.45247,8102.33247,31173.12000,0.00000,276,0,0,0,0.00000,0.00000,0.00000,0.00000,0,,0,0,0,0.00000,,0,0,0,0
2022-08-10,39311.85799,8138.73799,31173.12000,0.00000,278,2,0,0,0.00000,0.00000,0.00000,0.00000,0,,0,0,0,0.00000,,0,0,0,0
2022-08-11,39242.36108,8155.64108,31086.72000,0.00000,278,1,0,0,0.00000,0.00000,0.00000,0.00000,0,,0,0,0,0.00000,,0,0,0,0
2022-08-12,39244.48469,8157.76469,31086.72000,0.00000,280,2,0,0,0.00000,0.00000,0.00000,0.00000,0,,0,0,0,0.00000,,0,0,0,0
2022-08-13,39244.48469,8157.76469,31086.72000,0.00000,280,0,0,0,0.00000,0.00000,0.00000,0.00000,0,,0,0,0,0.00000,,0,0,0,0
2022-08-14,40109.49934,8158.77934,31950.72000,0.00000,283,3,0,0,0.00000,0.00000,0.00000,0.00000,0,,0,0,0,0.00000,,0,0,0,0
2022-08-15,40110.50845,8159.78845,31950.72000,0.00000,283,1,0,1,0.00000,0.00000,200.00000,0.00000,0,,0,0,0,0.00000,,0,0,0,0
2022-08-16,40110.50845,8159.78845,31950.72000,0.00000,283,0,0,0,0.00000,0.00000,0.00000,0.00000,0,,0,0,0,0.00000,,0,0,0,0
2022-08-17,40112.63233,8161.91233,31950.72000,0.00000,284,1,0,0,0.00000,0.00000,0.00000,0.00000,0,,0,0,0,0.00000,,0,0,0,0
2022-08-18,40008.95233,8161.91233,31847.04000,0.00000,283,0,0,0,0.00000,0.00000,0.00000,0.00000,0,,0,0,0,0.00000,,0,0,0,0
2022-08-19,39922.69135,8162.05135,31760.64000,0.00000,283,1,0,0,0.00000,0.00000,0.00000,0.00000,0,,0,0,0,0.00000,,0,0,0,0
2022-08-20,39922.69135,8162.05135,31760.64000,0.00000,283,0,0,0,0.00000,0.00000,0.00000,0.00000,0,,0,0,0,0.00000,,0,0,0,0
2022-08-21,39922.69135,8162.05135,31760.64000,0.00000,283,0,0,0,0.00000,0.00000,0.00000,0.00000,0,,0,0,0,0.00000,,0,0,0,0
2022-08-22,39928.85736,8168.21736,31760.64000,0.00000,286,3,0,0,0.00000,0.00000,0.00000,0.00000,0,,0,0,0,0.00000,,0,0,0,0
2022-08-23,39928.85736,8168.21736,31760.64000,0.00000,286,0,0,0,0.00000,0.00000,0.00000,0.00000,0,,0,0,0,0.00000,,0,0,0,0
2022-08-24,39938.57935,8177.93935,31760.64000,0.00000,288,2,0,0,0.00000,0.00000,0.00000,0.00000,0,,0,0,0,0.00000,,0,0,0,0
2022-08-25,39943.13400,8182.49400,31760.64000,0.00000,290,3,0,0,0.00000,0.00000,0.00000,0.00000,0,,0,0,0,0.00000,,0,0,0,0
2022-08-26,39951.37567,8190.73567,31760.64000,0.00000,292,2,0,0,0.00000,0.00000,0.00000,0.00000,0,,0,0,0,0.00000,,0,0,0,0
2022-08-27,39951.37567,8190.73567,31760.64000,0.00000,292,0,0,0,0.00000,0.00000,0.00000,0.00000,0,,0,0,0,0.00000,,0,0,0,0
2022-08-28,40055.05567,8190.73567,31864.32000,0.00000,293,1,0,0,0.00000,0.00000,0.00000,0.00000,0,,0,0,0,0.00000,,0,0,0,0
2022-08-29,39191.05567,8190.73567,31000.32000,0.00000,292,0,0,0,0.00000,0.00000,0.00000,0.00000,0,,0,0,0,0.00000,,0,0,0,0
2022-08-30,39191.05567,8190.73567,31000.32000,0.00000,292,0,0,0,0.00000,0.00000,0.00000,0.00000,0,,0,0,0,0.00000,,0,0,0,0
2022-08-31,39109.06018,8195.14018,30913.92000,0.00000,292,1,0,0,0.00000,0.00000,0.00000,0.00000,0,,0,0,0,0.00000,,0,0,0,0
2022-09-01,39111.31896,8197.39896,30913.92000,0.00000,293,1,0,0,0.00000,0.00000,0.00000,0.00000,0,,0,0,0,0.00000,,0,0,0,0
2022-09-02,38938.80623,8197.68623,30741.12000,0.00000,292,1,0,0,0.00000,0.00000,0.00000,0.00000,0,,0,0,0,0.00000,,0,0,0,0
2022-09-03,38947.20994,8206.08994,30741.12000,0.00000,294,2,0,0,0.00000,0.00000,0.00000,0.00000,0,,0,0,0,0.00000,,0,0,0,0
2022-09-04,38955.01849,8213.89849,30741.12000,0.00000,295,1,0,0,0.00000,0.00000,0.00000,0.00000,0,,0,0,0,0.00000,,0,0,0,0
2022-09-05,39058.69849,8213.89849,30844.80000,0.00000,296,1,0,0,0.00000,0.00000,0.00000,0.00000,0,,0,0,0,0.00000,,0,0,0,0
2022-09-06,39058.69849,8213.89849,30844.80000,0.00000,296,0,0,0,0.00000,0.00000,0.00000,0.00000,0,,0,0,0,0.00000,,0,0,0,0
2022-09-07,39059.28924,8214.48924,30844.80000,0.00000,297,1,0,0,0.00000,0.00000,0.00000,0.00000,0,,0,0,0,0.00000,,0,0,0,0
2022-09-08,39145.68924,8214.48924,30931.20000,0.00000,298,1,0,0,0.00000,0.00000,0.00000,0.00000,0,,0,0,0,0.00000,,0,0,0,0
2022-09-09,39145.68924,8214.48924,30931.20000,0.00000,298,0,0,0,0.00000,0.00000,0.00000,0.00000,0,,0,0,0,0.00000,,0,0,0,0
2022-09-10,39285.69546,8250.81546,31034.88000,0.00000,301,3,0,0,0.00000,0.00000,0.00000,0.00000,0,,0,0,0,0.00000,,0,0,0,0
2022-09-11,39285.69546,8250.81546,31034.88000,0.00000,301,0,0,0,0.00000,0.00000,0.00000,0.00000,0,,0,0,0,0.00000,,0,0,0,0
2022-09-12,38318.01546,8250.81546,30067.20000,0.00000,299,0,0,0,0.00000,0.00000,0.00000,0.00000,0,,0,0,0,0.00000,,0,0,0,0
2022-09-13,38318.01546,8250.81546,30067.20000,0.00000,299,0,0,0,0.00000,0.00000,0.00000,0.00000,0,,0,0,0,0.00000,,0,0,0,0
2022-09-14,37540.17614,8250.57614,29289.60000,0.00000,298,1,0,1,0.00000,0.00000,200.00000,0.00000,0,,0,0,0,0.00000,,0,0,0,0
2022-09-15,37892.42073,8309.06073,29583.36000,0.00000,301,3,0,0,0.00000,0.00000,0.00000,0.00000,0,,0,0,0,0.00000,,0,0,0,0
2022-09-16,37892.42073,8309.06073,29583.36000,0.00000,301,0,0,0,0.00000,0.00000,0.00000,0.00000,0,,0,0,0,0.00000,,0,0,0,0
2022-09-17,37028.20223,8308.84223,28719.36000,0.00000,299,0,0,1,0.00000,0.00000,200.00000,0.00000,0,,0,0,0,0.00000,,0,0,0,0
2022-09-18,37028.20223,8308.84223,28719.36000,0.00000,299,0,0,0,0.00000,0.00000,0.00000,0.00000,0,,0,0,0,0.00000,,0,0,0,0
2022-09-19,36988.64448,8355.68448,28632.96000,0.00000,300,2,0,0,0.00000,0.00000,0.00000,0.00000,0,,0,0,0,0.00000,,0,0,0,0
2022-09-20,36988.69437,8355.73437,28632.96000,0.00000,301,1,0,0,0.00000,0.00000,0.00000,0.00000,0,,0,0,0,0.00000,,0,0,0,0
2022-09-21,37188.86032,8365.82032,28823.04000,0.00000,305,4,0,0,0.00000,0.00000,0.00000,0.00000,0,,0,0,0,0.00000,,0,0,0,0
2022-09-22,37188.86032,8365.82032,28823.04000,0.00000,305,0,0,0,0.00000,0.00000,0.00000,0.00000,0,,0,0,0,0.00000,,0,0,0,0
2022-09-23,37764.18480,8941.14480,28823.04000,0.00000,306,1,0,0,0.00000,0.00000,0.00000,0.00000,0,,0,0,0,0.00000,,0,0,0,0
2022-09-24,37867.86480,8941.14480,28926.72000,0.00000,307,1,0,0,0.00000,0.00000,0.00000,0.00000,0,,0,0,0,0.00000,,0,0,0,0
2022-09-25,37954.26480,8941.14480,29013.12000,0.00000,308,1,0,0,0.00000,0.00000,0.00000,0.00000,0,,0,0,0,0.00000,,0,0,0,0
2022-09-26,37954.26480,8941.14480,29013.12000,0.00000,308,0,0,0,0.00000,0.00000,0.00000,0.00000,0,,0,0,0,0.00000,,0,0,0,0
2022-09-27,37954.26480,8941.14480,29013.12000,0.00000,308,0,0,0,0.00000,0.00000,0.00000,0.00000,0,,0,0,0,0.00000,,0,0,0,0
2022-09-28,37956.31534,8943.19534,29013.12000,0.00000,309,1,0,0,0.00000,0.00000,0.00000,0.00000,0,,0,0,0,0.00000,,0,0,0,0
2022-09-29,38059.99534,8943.19534,29116.80000,0.00000,310,1,0,0,0.00000,0.00000,0.00000,0.00000,0,,0,0,0,0.00000,,0,0,0,0
2022-09-30,37195.99534,8943.19534,28252.80000,0.00000,309,0,0,0,0.00000,0.00000,0.00000,0.00000,0,,0,0,0,0.00000,,0,0,0,0
2022-10-01,37195.99534,8943.19534,28252.80000,0.00000,309,0,0,0,0.00000,0.00000,0.00000,0.00000,0,,0,0,0,0.00000,,0,0,0,0
2022-10-02,37092.31534,8943.19534,28149.12000,0.00000,308,0,0,0,0.00000,0.00000,0.00000,0.00000,0,,0,0,0,0.00000,,0,0,0,0
2022-10-03,36902.23534,8943.19534,27959.04000,0.00000,306,0,0,0,0.00000,0.00000,0.00000,0.00000,0,,0,0,0,0.00000,,0,0,0,0
2022-10-04,36912.81343,8953.77343,27959.04000,0.00000,307,1,0,0,0.00000,0.00000,0.00000,0.00000,0,,0,0,0,0.00000,,0,0,0,0
2022-10-05,36914.38816,8955.34816,27959.04000,0.00000,308,1,0,0,0.00000,0.00000,0.00000,0.00000,0,,0,0,0,0.00000,,0,0,0,0
2022-10-06,36914.38816,8955.34816,27959.04000,0.00000,308,0,0,0,0.00000,0.00000,0.00000,0.00000,0,,0,0,0,0.00000,,0,0,0,0
2022-10-07,36914.38816,8955.34816,27959.04000,0.00000,308,0,0,0,0.00000,0.00000,0.00000,0.00000,0,,0,0,0,0.00000,,0,0,0,0
2022-10-08,36914.38816,8955.34816,27959.04000,0.00000,308,0,0,0,0.00000,0.00000,0.00000,0.00000,0,,0,0,0,0.00000,,0,0,0,0
2022-10-09,36977.51049,9122.15049,27855.36000,0.00000,308,1,0,0,0.00000,0.00000,0.00000,0.00000,0,,0,0,0,0.00000,,0,0,0,0
2022-10-10,37461.35049,9122.15049,28339.20000,0.00000,307,1,0,0,0.00000,0.00000,0.00000,0.00000,0,,0,0,0,0.00000,,0,0,0,0
2022-10-11,37413.99680,9161.19680,28252.80000,0.00000,306,1,0,1,0.00000,0.00000,200.00000,0.00000,0,,0,0,0,0.00000,,0,0,0,0
2022-10-12,37413.99680,9161.19680,28252.80000,0.00000,306,0,0,0,0.00000,0.00000,0.00000,0.00000,0,,0,0,0,0.00000,,0,0,0,0
2022-10-13,38367.60367,9164.40367,29203.20000,0.00000,309,3,0,0,0.00000,0.00000,0.00000,0.00000,0,,0,0,0,0.00000,,0,0,0,0
2022-10-14,38574.85943,9164.29943,29410.56000,0.00000,310,2,0,1,0.00000,0.00000,200.00000,0.00000,0,,0,0,0,0.00000,,0,0,0,0
2022-10-15,37642.84128,9182.68128,28460.16000,0.00000,310,2,0,0,0.00000,0.00000,0.00000,0.00000,0,,0,0,0,0.00000,,0,0,0,0
2022-10-16,37585.89888,9212.13888,28373.76000,0.00000,311,2,0,0,0.00000,0.00000,0.00000,0.00000,0,,0,0,0,0.00000,,0,0,0,0
2022-10-17,37581.51979,9225.03979,28356.48000,0.00000,313,3,0,0,0.00000,0.00000,0.00000,0.00000,0,,0,0,0,0.00000,,0,0,0,0
2022-10-18,36717.68338,9225.20338,27492.48000,0.00000,313,1,0,0,0.00000,0.00000,0.00000,0.00000,0,,0,0,0,0.00000,,0,0,0,0
2022-10-19,36925.04338,9225.20338,27699.84000,0.00000,313,1,0,0,0.00000,0.00000,0.00000,0.00000,0,,0,0,0,0.00000,,0,0,0,0
2022-10-20,36925.04338,9225.20338,27699.84000,0.00000,313,0,0,0,0.00000,0.00000,0.00000,0.00000,0,,0,0,0,0.00000,,0,0,0,0
2022-10-21,36925.04338,9225.20338,27699.84000,0.00000,313,0,0,0,0.00000,0.00000,0.00000,0.00000,0,,0,0,0,0.00000,,0,0,0,0
2022-10-22,36925.04338,9225.20338,27699.84000,0.00000,313,0,0,0,0.00000,0.00000,0.00000,0.00000,0,,0,0,0,0.00000,,0,0,0,0
2022-10-23,37061.33975,9257.81975,27803.52000,0.00000,315,2,0,0,0.00000,0.00000,0.00000,0.00000,0,,0,0,0,0.00000,,0,0,0,0
2022-10-24,36491.09975,9257.81975,27233.28000,0.00000,315,1,0,0,0.00000,0.00000,0.00000,0.00000,0,,0,0,0,0.00000,,0,0,0,0
2022-10-25,36491.09975,9257.81975,27233.28000,0.00000,315,0,0,0,0.00000,0.00000,0.00000,0.00000,0,,0,0,0,0.00000,,0,0,0,0
2022-10-26,36613.44684,9380.16684,27233.28000,0.00000,316,1,0,0,0.00000,0.00000,0.00000,0.00000,0,,0,0,0,0.00000,,0,0,0,0
2022-10-27,36749.18488,9412.22488,27336.96000,0.00000,319,3,0,0,0.00000,0.00000,0.00000,0.00000,0,,0,0,0,0.00000,,0,0,0,0
2022-10-28,36752.01657,9415.05657,27336.96000,0.00000,321,2,0,0,0.00000,0.00000,0.00000,0.00000,0,,0,0,0,0.00000,,0,0,0,0
2022-10-29,36838.41657,9415.05657,27423.36000,0.00000,322,1,0,0,0.00000,0.00000,0.00000,0.00000,0,,0,0,0,0.00000,,0,0,0,0
2022-10-30,36838.18792,9414.82792,27423.36000,0.00000,321,0,0,1,0.00000,0.00000,200.00000,0.00000,0,,0,0,0,0.00000,,0,0,0,0
2022-10-31,36883.43853,9460.07853,27423.36000,0.00000,324,3,0,0,0.00000,0.00000,0.00000,0.00000,0,,0,0,0,0.00000,,0,0,0,0
2022-11-01,36904.78578,9481.42578,27423.36000,0.00000,327,3,0,0,0.00000,0.00000,0.00000,0.00000,0,,0,0,0,0.00000,,0,0,0,0
2022-11-02,37528.30434,9811.18434,27717.12000,0.00000,330,3,0,0,0.00000,0.00000,0.00000,0.00000,0,,0,0,0,0.00000,,0,0,0,0
2022-11-03,37320.94434,9811.18434,27509.76000,0.00000,330,1,0,0,0.00000,0.00000,0.00000,0.00000,0,,0,0,0,0.00000,,0,0,0,0
2022-11-04,37362.80687,9853.04687,27509.76000,0.00000,331,1,0,0,0.00000,0.00000,0.00000,0.00000,0,,0,0,0,0.00000,,0,0,0,0
2022-11-05,37069.04687,9853.04687,27216.00000,0.00000,330,0,0,0,0.00000,0.00000,0.00000,0.00000,0,,0,0,0,0.00000,,0,0,0,0
2022-11-06,37068.96220,9852.96220,27216.00000,0.00000,329,0,0,1,0.00000,0.00000,200.00000,0.00000,0,,0,0,0,0.00000,,0,0,0,0
2022-11-07,37292.83523,10076.83523,27216.00000,0.00000,330,1,0,0,0.00000,0.00000,0.00000,0.00000,0,,0,0,0,0.00000,,0,0,0,0
2022-11-08,37293.24705,10077.24705,27216.00000,0.00000,331,2,0,0,0.00000,0.00000,0.00000,0.00000,0,,0,0,0,0.00000,,0,0,0,0
2022-11-09,37293.93531,10077.93531,27216.00000,0.00000,332,1,0,0,0.00000,0.00000,0.00000,0.00000,0,,0,0,0,0.00000,,0,0,0,0
2022-11-10,37293.93531,10077.93531,27216.00000,0.00000,332,0,0,0,0.00000,0.00000,0.00000,0.00000,0,,0,0,0,0.00000,,0,0,0,0
2022-11-11,37207.53531,10077.93531,27129.60000,0.00000,331,0,0,0,0.00000,0.00000,0.00000,0.00000,0,,0,0,0,0.00000,,0,0,0,0
2022-11-12,37209.44341,10079.84341,27129.60000,0.00000,332,1,0,0,0.00000,0.00000,0.00000,0.00000,0,,0,0,0,0.00000,,0,0,0,0
2022-11-13,37105.76341,10079.84341,27025.92000,0.00000,331,0,0,0,0.00000,0.00000,0.00000,0.00000,0,,0,0,0,0.00000,,0,0,0,0
2022-11-14,37105.76341,10079.84341,27025.92000,0.00000,331,0,0,0,0.00000,0.00000,0.00000,0.00000,0,,0,0,0,0.00000,,0,0,0,0
2022-11-15,37105.76341,10079.84341,27025.92000,0.00000,331,0,0,0,0.00000,0.00000,0.00000,0.00000,0,,0,0,0,0.00000,,0,0,0,0
2022-11-16,38263.52341,10079.84341,28183.68000,0.00000,333,3,0,0,0.00000,0.00000,0.00000,0.00000,0,,0,0,0,0.00000,,0,0,0,0
2022-11-17,38263.52341,10079.84341,28183.68000,0.00000,333,0,0,0,0.00000,0.00000,0.00000,0.00000,0,,0,0,0,0.00000,,0,0,0,0
2022-11-18,38284.19025,10100.51025,28183.68000,0.00000,334,1,0,0,0.00000,0.00000,0.00000,0.00000,0,,0,0,0,0.00000,,0,0,0,0
2022-11-19,38284.99456,10101.31456,28183.68000,0.00000,335,1,0,0,0.00000,0.00000,0.00000,0.00000,0,,0,0,0,0.00000,,0,0,0,0
2022-11-20,38578.75456,10101.31456,28477.44000,0.00000,336,1,0,0,0.00000,0.00000,0.00000,0.00000,0,,0,0,0,0.00000,,0,0,0,0
2022-11-21,38578.48257,10101.04257,28477.44000,0.00000,335,0,0,1,0.00000,0.00000,200.00000,0.00000,0,,0,0,0,0.00000,,0,0,0,0
2022-11-22,38578.48257,10101.04257,28477.44000,0.00000,335,0,0,0,0.00000,0.00000,0.00000,0.00000,0,,0,0,0,0.00000,,0,0,0,0
2022-11-23,38595.54032,10118.10032,28477.44000,0.00000,336,1,0,0,0.00000,0.00000,0.00000,0.00000,0,,0,0,0,0.00000,,0,0,0,0
2022-11-24,38685.62934,10208.18934,28477.44000,0.00000,338,2,0,0,0.00000,0.00000,0.00000,0.00000,0,,0,0,0,0.00000,,0,0,0,0
2022-11-25,38685.62934,10208.18934,28477.44000,0.00000,338,0,0,0,0.00000,0.00000,0.00000,0.00000,0,,0,0,0,0.00000,,0,0,0,0
2022-11-26,38686.67629,10209.23629,28477.44000,0.00000,339,1,0,0,0.00000,0.00000,0.00000,0.00000,0,,0,0,0,0.00000,,0,0,0,0
2022-11-27,38686.67629,10209.23629,28477.44000,0.00000,339,0,0,0,0.00000,0.00000,0.00000,0.00000,0,,0,0,0,0.00000,,0,0,0,0
2022-11-28,38686.67629,10209.23629,28477.44000,0.00000,339,0,0,0,0.00000,0.00000,0.00000,0.00000,0,,0,0,0,0.00000,,0,0,0,0
2022-11-29,38989.96682,10218.76682,28771.20000,0.00000,342,4,0,1,0.00000,0.00000,200.00000,0.00000,0,,0,0,0,0.00000,,0,0,0,0
2022-11-30,39002.04124,10230.84124,28771.20000,0.00000,343,1,0,0,0.00000,0.00000,0.00000,0.00000,0,,0,0,0,0.00000,,0,0,0,0
2022-12-01,39109.33206,10338.13206,28771.20000,0.00000,345,2,0,0,0.00000,0.00000,0.00000,0.00000,0,,0,0,0,0.00000,,0,0,0,0
2022-12-02,39109.39734,10338.19734,28771.20000,0.00000,346,1,0,0,0.00000,0.00000,0.00000,0.00000,0,,0,0,0,0.00000,,0,0,0,0
2022-12-03,39113.86742,10342.66742,28771.20000,0.00000,347,1,0,0,0.00000,0.00000,0.00000,0.00000,0,,0,0,0,0.00000,,0,0,0,0
2022-12-04,39132.19594,10360.99594,28771.20000,0.00000,347,1,0,1,0.00000,0.00000,200.00000,0.00000,0,,0,0,0,0.00000,,0,0,0,0
2022-12-05,39428.08133,10363.12133,29064.96000,0.00000,350,3,0,0,0.00000,0.00000,0.00000,0.00000,0,,0,0,0,0.00000,,0,0,0,0
2022-12-06,39428.08133,10363.12133,29064.96000,0.00000,350,0,0,0,0.00000,0.00000,0.00000,0.00000,0,,0,0,0,0.00000,,0,0,0,0
2022-12-07,39671.62506,10606.66506,29064.96000,0.00000,351,1,0,0,0.00000,0.00000,0.00000,0.00000,0,,0,0,0,0.00000,,0,0,0,0
2022-12-08,38807.62506,10606.66506,28200.96000,0.00000,350,0,0,0,0.00000,0.00000,0.00000,0.00000,0,,0,0,0,0.00000,,0,0,0,0
2022-12-09,38980.55188,10606.79188,28373.76000,0.00000,353,3,0,0,0.00000,0.00000,0.00000,0.00000,0,,0,0,0,0.00000,,0,0,0,0
2022-12-10,38980.55188,10606.79188,28373.76000,0.00000,353,0,0,0,0.00000,0.00000,0.00000,0.00000,0,,0,0,0,0.00000,,0,0,0,0
2022-12-11,39844.55188,10606.79188,29237.76000,0.00000,354,1,0,0,0.00000,0.00000,0.00000,0.00000,0,,0,0,0,0.00000,,0,0,0,0
2022-12-12,39847.46439,10609.70439,29237.76000,0.00000,355,1,0,0,0.00000,0.00000,0.00000,0.00000,0,,0,0,0,0.00000,,0,0,0,0
2022-12-13,39847.46439,10609.70439,29237.76000,0.00000,355,0,0,0,0.00000,0.00000,0.00000,0.00000,0,,0,0,0,0.00000,,0,0,0,0
2022-12-14,38983.46439,10609.70439,28373.76000,0.00000,354,0,0,0,0.00000,0.00000,0.00000,0.00000,0,,0,0,0,0.00000,,0,0,0,0
2022-12-15,39847.46439,10609.70439,29237.76000,0.00000,355,1,0,0,0.00000,0.00000,0.00000,0.00000,0,,0,0,0,0.00000,,0,0,0,0
2022-12-16,39847.46439,10609.70439,29237.76000,0.00000,355,0,0,0,0.00000,0.00000,0.00000,0.00000,0,,0,0,0,0.00000,,0,0,0,0
2022-12-17,39451.01339,10610.69339,28840.32000,0.00000,354,1,0,0,0.00000,0.00000,0.00000,0.00000,0,,0,0,0,0.00000,,0,0,0,0
2022-12-18,40334.08202,10629.76202,29704.32000,0.00000,356,2,0,0,0.00000,0.00000,0.00000,0.00000,0,,0,0,0,0.00000,,0,0,0,0
2022-12-19,40334.26612,10629.94612,29704.32000,0.00000,356,1,0,1,0.00000,0.00000,200.00000,0.00000,0,,0,0,0,0.00000,,0,0,0,0
2022-12-20,40334.26612,10629.94612,29704.32000,0.00000,356,0,0,0,0.00000,0.00000,0.00000,0.00000,0,,0,0,0,0.00000,,0,0,0,0
2022-12-21,40336.45532,10632.13532,29704.32000,0.00000,358,2,0,0,0.00000,0.00000,0.00000,0.00000,0,,0,0,0,0.00000,,0,0,0,0
2022-12-22,40367.11255,10662.79255,29704.32000,0.00000,359,1,0,0,0.00000,0.00000,0.00000,0.00000,0,,0,0,0,0.00000,,0,0,0,0
2022-12-23,40375.20646,10670.88646,29704.32000,0.00000,360,1,0,0,0.00000,0.00000,0.00000,0.00000,0,,0,0,0,0.00000,,0,0,0,0
2022-12-24,40447.17198,10742.85198,29704.32000,0.00000,362,2,0,0,0.00000,0.00000,0.00000,0.00000,0,,0,0,0,0.00000,,0,0,0,0
2022-12-25,40558.81188,10854.49188,29704.32000,0.00000,363,1,0,0,0.00000,0.00000,0.00000,0.00000,0,,0,0,0,0.00000,,0,0,0,0
2022-12-26,40662.49188,10854.49188,29808.00000,0.00000,364,1,0,0,0.00000,0.00000,0.00000,0.00000,0,,0,0,0,0.00000,,0,0,0,0
2022-12-27,41923.93188,10854.49188,31069.44000,0.00000,367,3,0,0,0.00000,0.00000,0.00000,0.00000,0,,0,0,0,0.00000,,0,0,0,0
2022-12-28,41923.93188,10854.49188,31069.44000,0.00000,367,0,0,0,0.00000,0.00000,0.00000,0.00000,0,,0,0,0,0.00000,,0,0,0,0
2022-12-29,42010.33188,10854.49188,31155.84000,0.00000,368,1,0,0,0.00000,0.00000,0.00000,0.00000,0,,0,0,0,0.00000,,0,0,0,0
2022-12-30,42015.96680,10860.12680,31155.84000,0.00000,369,1,0,0,0.00000,0.00000,0.00000,0.00000,0,,0,0,0,0.00000,,0,0,0,0
2022-12-31,41916.49228,10864.33228,31052.16000,0.00000,370,2,0,0,0.00000,0.00000,0.00000,0.00000,0,,0,0,0,0.00000,,0,0,0,0
