Date,Daily Emissions (Kg Methane),Daily Mitigable Emissions (Kg Methane),Daily Non-Mitigable Emissions (Kg Methane),Daily Cost ($),Active Leaks,New Leaks,Leaks Repaired,Leaks Naturally Repaired,Leaks Tagged,Daily Repair Cost ($),Daily Natural Repair Cost ($),stationary Deployment Cost ($),stationary Sites flagged for Follow-Up,stationary Leaks tagged for repair,stationary Sites Visited,stationary Travel Time (Minutes),stationary Survey Time (Minutes),OGI_FU_persitehigh Deployment Cost ($),OGI_FU_persitehigh Sites flagged for Follow-Up,OGI_FU_persitehigh Leaks tagged for repair,OGI_FU_persitehigh Sites Visited,OGI_FU_persitehigh Travel Time (Minutes),OGI_FU_persitehigh Survey Time (Minutes)
2022-01-01,1001.53661,738.05275,263.48386,6030.00000,373,376,0,3,0.00000,0.00000,600.00000,6030,0,,10,0,0,0.00000,,0,0,0,0
2022-01-02,998.40833,735.37136,263.03696,30.00000,371,0,0,1,0.00000,0.00000,200.00000,30,0,,10,0,0,0.00000,,0,0,0,0
2022-01-03,1010.92148,739.61690,271.30458,30.00000,372,2,0,1,0.00000,0.00000,200.00000,30,0,,10,0,0,0.00000,,0,0,0,0
2022-01-04,1011.77804,738.72310,273.05494,30.00000,371,2,0,2,0.00000,0.00000,400.00000,30,0,,10,0,0,0.00000,,0,0,0,0
2022-01-05,997.06763,725.98649,271.08114,30.00000,368,1,0,3,0.00000,0.00000,600.00000,30,0,,10,0,0,0.00000,,0,0,0,0
2022-01-06,1004.21801,733.13687,271.08114,30.00000,370,3,0,1,0.00000,0.00000,200.00000,30,0,,10,0,0,0.00000,,0,0,0,0
2022-01-07,1003.10076,732.01962,271.08114,30.00000,369,1,0,2,0.00000,0.00000,400.00000,30,0,,10,0,0,0.00000,,0,0,0,0
2022-01-08,1001.12696,732.01962,269.10733,30.00000,368,1,0,1,0.00000,0.00000,200.00000,30,0,,10,0,0,0.00000,,0,0,0,0
2022-01-09,1000.90351,731.79617,269.10733,30.00000,367,0,0,1,0.00000,0.00000,200.00000,30,0,,10,0,0,0.00000,,0,0,0,0
2022-01-10,1015.65116,737.82930,277.82185,5542.00000,368,2,0,0,62.00000,0.00000,0.00000,30,10,,10,0,0,5512.00000,,62,3,120,360
2022-01-11,1015.87461,738.05275,277.82185,5542.00000,369,1,0,0,53.00000,0.00000,0.00000,30,0,,10,0,0,5512.00000,,53,3,120,360
2022-01-12,1015.87461,738.05275,277.82185,5542.00000,369,0,0,0,72.00000,0.00000,0.00000,30,0,,10,0,0,5512.00000,,72,3,120,360
2022-01-13,1021.01394,743.41553,277.59840,2786.00000,370,2,0,0,31.00000,0.00000,0.00000,30,0,,10,0,0,2756.00000,,31,1,30,120
2022-01-14,1019.00289,749.44866,269.55423,30.00000,371,2,0,0,0.00000,0.00000,0.00000,30,0,,10,0,0,0.00000,,0,0,0,0
2022-01-15,1019.00289,749.44866,269.55423,30.00000,371,0,0,0,0.00000,0.00000,0.00000,30,0,,10,0,0,0.00000,,0,0,0,0
2022-01-16,1019.00289,749.44866,269.55423,30.00000,371,0,0,0,0.00000,0.00000,0.00000,30,0,,10,0,0,0.00000,,0,0,0,0
2022-01-17,1019.00289,749.44866,269.55423,30.00000,371,0,0,0,0.00000,0.00000,0.00000,30,0,,10,0,0,0.00000,,0,0,0,0
2022-01-18,1014.60839,749.00176,265.60663,30.00000,368,0,0,1,0.00000,0.00000,200.00000,30,0,,10,0,0,0.00000,,0,0,0,0
2022-01-19,1025.55741,759.95078,265.60663,5542.00000,370,2,0,0,72.00000,0.00000,0.00000,30,10,,10,0,0,5512.00000,,72,3,120,360
2022-01-20,1036.72987,770.67634,266.05353,5542.00000,372,3,0,1,66.00000,0.00000,200.00000,30,0,,10,0,0,5512.00000,,66,3,120,360
2022-01-21,1038.29401,772.24048,266.05353,5542.00000,373,1,0,0,69.00000,0.00000,0.00000,30,0,,10,0,0,5512.00000,,69,3,120,360
2022-01-22,1041.19885,775.14532,266.05353,2786.00000,375,2,0,0,17.00000,0.00000,0.00000,30,0,,10,0,0,2756.00000,,17,1,30,120
2022-01-23,1043.65679,777.60326,266.05353,30.00000,375,1,0,1,0.00000,0.00000,200.00000,30,0,,10,0,0,0.00000,,0,0,0,0
2022-01-24,1047.90233,781.84880,266.05353,30.00000,377,2,0,0,0.00000,0.00000,0.00000,30,0,,10,0,0,0.00000,,0,0,0,0
2022-01-25,855.51255,589.45903,266.05353,10830.00000,323,0,54,0,0.00000,10800.00000,0.00000,30,0,,10,0,0,0.00000,,0,0,0,0
2022-01-26,660.88829,394.83476,266.05353,9830.00000,276,2,49,0,0.00000,9800.00000,0.00000,30,0,,10,0,0,0.00000,,0,0,0,0
2022-01-27,430.28870,164.68207,265.60663,12230.00000,215,2,61,1,0.00000,12200.00000,200.00000,30,0,,10,0,0,0.00000,,0,0,0,0
2022-01-28,340.68557,75.07894,265.60663,11542.00000,186,1,30,0,17.00000,6000.00000,0.00000,30,10,,10,0,0,5512.00000,,17,3,120,360
2022-01-29,340.68557,75.07894,265.60663,5542.00000,186,0,0,0,11.00000,0.00000,0.00000,30,0,,10,0,0,5512.00000,,11,3,120,360
2022-01-30,350.07043,75.52583,274.54460,5542.00000,188,2,0,0,17.00000,0.00000,0.00000,30,0,,10,0,0,5512.00000,,17,3,120,360
2022-01-31,343.77661,75.97273,267.80388,2786.00000,188,2,0,0,6.00000,0.00000,0.00000,30,0,,10,0,0,2756.00000,,6,1,30,120
2022-02-01,344.67041,76.19618,268.47423,30.00000,189,2,0,0,0.00000,0.00000,0.00000,30,0,,10,0,0,0.00000,,0,0,0,0
2022-02-02,350.70354,82.22931,268.47423,30.00000,190,1,0,0,0.00000,0.00000,0.00000,30,0,,10,0,0,0.00000,,0,0,0,0
2022-02-03,350.70354,73.96169,276.74185,230.00000,190,1,1,0,0.00000,200.00000,0.00000,30,0,,10,0,0,0.00000,,0,0,0,0
2022-02-04,352.26768,75.52583,276.74185,30.00000,191,1,0,0,0.00000,0.00000,0.00000,30,0,,10,0,0,0.00000,,0,0,0,0
2022-02-05,331.48691,54.29816,277.18875,1030.00000,187,1,5,0,0.00000,1000.00000,0.00000,30,0,,10,0,0,0.00000,,0,0,0,0
2022-02-06,329.02897,51.84022,277.18875,5742.00000,187,1,1,0,16.00000,200.00000,0.00000,30,10,,10,0,0,5512.00000,,16,3,120,360
2022-02-07,329.47586,52.28712,277.18875,5542.00000,188,1,0,0,16.00000,0.00000,0.00000,30,0,,10,0,0,5512.00000,,16,3,120,360
2022-02-08,329.47586,52.28712,277.18875,5542.00000,188,0,0,0,10.00000,0.00000,0.00000,30,0,,10,0,0,5512.00000,,10,3,120,360
2022-02-09,325.19309,54.96851,270.22458,2786.00000,189,3,0,0,6.00000,0.00000,0.00000,30,0,,10,0,0,2756.00000,,6,1,30,120
2022-02-10,325.19309,54.96851,270.22458,30.00000,189,0,0,0,0.00000,0.00000,0.00000,30,0,,10,0,0,0.00000,,0,0,0,0
2022-02-11,325.19309,54.96851,270.22458,30.00000,189,0,0,0,0.00000,0.00000,0.00000,30,0,,10,0,0,0.00000,,0,0,0,0
2022-02-12,320.72410,50.49952,270.22458,430.00000,186,0,2,1,0.00000,400.00000,200.00000,30,0,,10,0,0,0.00000,,0,0,0,0
2022-02-13,314.46752,44.24294,270.22458,230.00000,184,0,1,1,0.00000,200.00000,200.00000,30,0,,10,0,0,0.00000,,0,0,0,0
2022-02-14,295.95848,36.64567,259.31281,830.00000,180,2,4,0,0.00000,800.00000,0.00000,30,0,,10,0,0,0.00000,,0,0,0,0
2022-02-15,293.27709,33.96428,259.31281,5742.00000,179,0,1,0,13.00000,200.00000,0.00000,30,10,,10,0,0,5512.00000,,13,3,120,360
2022-02-16,293.27709,33.96428,259.31281,5542.00000,179,0,0,0,13.00000,0.00000,0.00000,30,0,,10,0,0,5512.00000,,13,3,120,360
2022-02-17,293.27709,33.96428,259.31281,5542.00000,179,0,0,0,10.00000,0.00000,0.00000,30,0,,10,0,0,5512.00000,,10,3,120,360
2022-02-18,293.27709,33.96428,259.31281,2786.00000,179,0,0,0,4.00000,0.00000,0.00000,30,0,,10,0,0,2756.00000,,4,1,30,120
2022-02-19,293.50054,34.18773,259.31281,30.00000,180,1,0,0,0.00000,0.00000,0.00000,30,0,,10,0,0,0.00000,,0,0,0,0
2022-02-20,297.74608,38.43326,259.31281,30.00000,180,1,0,1,0.00000,0.00000,200.00000,30,0,,10,0,0,0.00000,,0,0,0,0
2022-02-21,297.07573,38.43326,258.64246,30.00000,179,0,0,0,0.00000,0.00000,0.00000,30,0,,10,0,0,0.00000,,0,0,0,0
2022-02-22,289.47845,30.83599,258.64246,430.00000,177,0,2,0,0.00000,400.00000,0.00000,30,0,,10,0,0,0.00000,,0,0,0,0
2022-02-23,292.15984,33.51738,258.64246,30.00000,178,1,0,0,0.00000,0.00000,0.00000,30,0,,10,0,0,0.00000,,0,0,0,0
2022-02-24,303.07161,42.45535,260.61626,5542.00000,181,3,0,0,11.00000,0.00000,0.00000,30,10,,10,0,0,5512.00000,,11,3,120,360
2022-02-25,311.33924,50.72297,260.61626,5542.00000,182,1,0,0,12.00000,0.00000,0.00000,30,0,,10,0,0,5512.00000,,12,3,120,360
2022-02-26,311.56268,50.94642,260.61626,5542.00000,183,1,0,0,14.00000,0.00000,0.00000,30,0,,10,0,0,5512.00000,,14,3,120,360
2022-02-27,322.25101,51.39332,270.85769,2786.00000,186,3,0,0,5.00000,0.00000,0.00000,30,0,,10,0,0,2756.00000,,5,1,30,120
2022-02-28,322.02756,60.10784,261.91972,30.00000,187,3,0,1,0.00000,0.00000,200.00000,30,0,,10,0,0,0.00000,,0,0,0,0
2022-03-01,322.02756,60.10784,261.91972,30.00000,187,0,0,0,0.00000,0.00000,0.00000,30,0,,10,0,0,0.00000,,0,0,0,0
2022-03-02,323.59170,61.67198,261.91972,230.00000,188,2,1,0,0.00000,200.00000,0.00000,30,0,,10,0,0,0.00000,,0,0,0,0
2022-03-03,323.14480,61.67198,261.47282,30.00000,187,0,0,0,0.00000,0.00000,0.00000,30,0,,10,0,0,0.00000,,0,0,0,0
2022-03-04,321.17100,61.67198,259.49902,230.00000,186,1,1,0,0.00000,200.00000,0.00000,30,0,,10,0,0,0.00000,,0,0,0,0
2022-03-05,323.85239,64.35337,259.49902,5542.00000,187,1,0,0,14.00000,0.00000,0.00000,30,10,,10,0,0,5512.00000,,14,3,120,360
2022-03-06,326.98068,67.03476,259.94592,5542.00000,189,2,0,0,11.00000,0.00000,0.00000,30,0,,10,0,0,5512.00000,,11,3,120,360
2022-03-07,333.05105,75.74928,257.30177,5542.00000,189,3,0,1,17.00000,0.00000,200.00000,30,0,,10,0,0,5512.00000,,17,3,120,360
2022-03-08,341.76557,84.91070,256.85487,2786.00000,191,4,0,1,5.00000,0.00000,200.00000,30,0,,10,0,0,2756.00000,,5,1,30,120
2022-03-09,346.90490,90.05003,256.85487,30.00000,192,2,0,1,0.00000,0.00000,200.00000,30,0,,10,0,0,0.00000,,0,0,0,0
2022-03-10,346.23455,90.05003,256.18452,30.00000,190,0,0,0,0.00000,0.00000,0.00000,30,0,,10,0,0,0.00000,,0,0,0,0
2022-03-11,337.07314,80.88862,256.18452,630.00000,187,0,3,0,0.00000,600.00000,0.00000,30,0,,10,0,0,0.00000,,0,0,0,0
2022-03-12,340.20143,84.01690,256.18452,230.00000,189,3,1,0,0.00000,200.00000,0.00000,30,0,,10,0,0,0.00000,,0,0,0,0
2022-03-13,327.24137,71.05685,256.18452,430.00000,186,0,2,1,0.00000,400.00000,200.00000,30,0,,10,0,0,0.00000,,0,0,0,0
2022-03-14,325.26757,71.05685,254.21072,5542.00000,185,0,0,0,14.00000,0.00000,0.00000,30,10,,10,0,0,5512.00000,,14,3,120,360
2022-03-15,325.04412,70.83340,254.21072,5542.00000,184,0,0,1,13.00000,0.00000,200.00000,30,0,,10,0,0,5512.00000,,13,3,120,360
2022-03-16,325.04412,70.83340,254.21072,5542.00000,184,0,0,0,16.00000,0.00000,0.00000,30,0,,10,0,0,5512.00000,,16,3,120,360
2022-03-17,335.99313,81.78241,254.21072,2786.00000,186,2,0,0,7.00000,0.00000,0.00000,30,0,,10,0,0,2756.00000,,7,1,30,120
2022-03-18,335.76968,81.55896,254.21072,30.00000,185,0,0,1,0.00000,0.00000,200.00000,30,0,,10,0,0,0.00000,,0,0,0,0
2022-03-19,344.03730,89.82658,254.21072,30.00000,186,1,0,0,0.00000,0.00000,0.00000,30,0,,10,0,0,0.00000,,0,0,0,0
2022-03-20,349.62353,95.41281,254.21072,230.00000,186,2,1,1,0.00000,200.00000,200.00000,30,0,,10,0,0,0.00000,,0,0,0,0
2022-03-21,359.41806,94.29557,265.12249,430.00000,188,4,2,0,0.00000,400.00000,0.00000,30,0,,10,0,0,0.00000,,0,0,0,0
2022-03-22,347.16559,84.01690,263.14869,630.00000,184,0,3,0,0.00000,600.00000,0.00000,30,0,,10,0,0,0.00000,,0,0,0,0
2022-03-23,347.16559,84.01690,263.14869,5742.00000,184,1,1,0,17.00000,200.00000,0.00000,30,10,,10,0,0,5512.00000,,17,3,120,360
2022-03-24,349.84698,86.69829,263.14869,5542.00000,185,1,0,0,11.00000,0.00000,0.00000,30,0,,10,0,0,5512.00000,,11,3,120,360
2022-03-25,360.75875,86.69829,274.06046,5542.00000,187,2,0,0,19.00000,0.00000,0.00000,30,0,,10,0,0,5512.00000,,19,3,120,360
2022-03-26,372.37811,89.37969,282.99843,2786.00000,189,2,0,0,5.00000,0.00000,0.00000,30,0,,10,0,0,2756.00000,,5,1,30,120
2022-03-27,376.13951,91.16728,284.97223,30.00000,192,3,0,0,0.00000,0.00000,0.00000,30,0,,10,0,0,0.00000,,0,0,0,0
2022-03-28,387.75887,102.11629,285.64258,30.00000,195,3,0,0,0.00000,0.00000,0.00000,30,0,,10,0,0,0.00000,,0,0,0,0
2022-03-29,392.45130,106.80872,285.64258,630.00000,196,4,3,0,0.00000,600.00000,0.00000,30,0,,10,0,0,0.00000,,0,0,0,0
2022-03-30,386.41817,100.77560,285.64258,230.00000,195,0,1,0,0.00000,200.00000,0.00000,30,0,,10,0,0,0.00000,,0,0,0,0
2022-03-31,379.93814,94.96592,284.97223,630.00000,191,0,3,0,0.00000,600.00000,0.00000,30,0,,10,0,0,0.00000,,0,0,0,0
2022-04-01,374.57536,89.60313,284.97223,5942.00000,189,0,2,0,14.00000,400.00000,0.00000,30,10,,10,0,0,5512.00000,,14,3,120,360
2022-04-02,385.74782,100.55215,285.19568,5542.00000,192,3,0,0,18.00000,0.00000,0.00000,30,0,,10,0,0,5512.00000,,18,3,120,360
2022-04-03,385.74782,100.55215,285.19568,5542.00000,192,0,0,0,17.00000,0.00000,0.00000,30,0,,10,0,0,5512.00000,,17,3,120,360
2022-04-04,388.42921,103.23354,285.19568,2786.00000,193,1,0,0,5.00000,0.00000,0.00000,30,0,,10,0,0,2756.00000,,5,1,30,120
2022-04-05,391.55750,105.91493,285.64258,30.00000,195,2,0,0,0.00000,0.00000,0.00000,30,0,,10,0,0,0.00000,,0,0,0,0
2022-04-06,391.33405,105.91493,285.41913,30.00000,194,0,0,0,0.00000,0.00000,0.00000,30,0,,10,0,0,0.00000,,0,0,0,0
2022-04-07,399.34098,111.94806,287.39293,230.00000,196,3,1,0,0.00000,200.00000,0.00000,30,0,,10,0,0,0.00000,,0,0,0,0
2022-04-08,391.52026,104.12733,287.39293,830.00000,193,1,4,0,0.00000,800.00000,0.00000,30,0,,10,0,0,0.00000,,0,0,0,0
2022-04-09,370.73948,83.34656,287.39293,630.00000,191,2,3,1,0.00000,600.00000,200.00000,30,0,,10,0,0,0.00000,,0,0,0,0
2022-04-10,368.05809,80.66517,287.39293,5942.00000,191,2,2,0,19.00000,400.00000,0.00000,30,10,,10,0,0,5512.00000,,19,3,120,360
2022-04-11,368.05809,80.66517,287.39293,5542.00000,191,0,0,0,12.00000,0.00000,0.00000,30,0,,10,0,0,5512.00000,,12,3,120,360
2022-04-12,367.61120,80.66517,286.94603,5542.00000,190,0,0,0,16.00000,0.00000,0.00000,30,0,,10,0,0,5512.00000,,16,3,120,360
2022-04-13,370.29259,83.34656,286.94603,2786.00000,191,1,0,0,6.00000,0.00000,0.00000,30,0,,10,0,0,2756.00000,,6,1,30,120
2022-04-14,370.73948,83.79346,286.94603,30.00000,192,1,0,0,0.00000,0.00000,0.00000,30,0,,10,0,0,0.00000,,0,0,0,0
2022-04-15,373.38363,83.79346,289.59018,30.00000,194,2,0,0,0.00000,0.00000,0.00000,30,0,,10,0,0,0.00000,,0,0,0,0
2022-04-16,370.25534,80.66517,289.59018,230.00000,192,0,1,1,0.00000,200.00000,200.00000,30,0,,10,0,0,0.00000,,0,0,0,0
2022-04-17,353.90631,62.11888,291.78743,830.00000,190,2,4,0,0.00000,800.00000,0.00000,30,0,,10,0,0,0.00000,,0,0,0,0
2022-04-18,345.63869,53.85126,291.78743,430.00000,190,2,2,0,0.00000,400.00000,0.00000,30,0,,10,0,0,0.00000,,0,0,0,0
2022-04-19,342.95730,51.16987,291.78743,5742.00000,189,0,1,0,13.00000,200.00000,0.00000,30,10,,10,0,0,5512.00000,,13,3,120,360
2022-04-20,342.73385,51.16987,291.56398,5542.00000,189,1,0,0,13.00000,0.00000,0.00000,30,0,,10,0,0,5512.00000,,13,3,120,360
2022-04-21,342.51040,51.16987,291.34053,5542.00000,188,0,0,0,18.00000,0.00000,0.00000,30,0,,10,0,0,5512.00000,,18,3,120,360
2022-04-22,343.44144,54.07471,289.36673,2786.00000,189,2,0,0,5.00000,0.00000,0.00000,30,0,,10,0,0,2756.00000,,5,1,30,120
2022-04-23,343.44144,54.07471,289.36673,30.00000,189,0,0,0,0.00000,0.00000,0.00000,30,0,,10,0,0,0.00000,,0,0,0,0
2022-04-24,344.37248,56.97955,287.39293,30.00000,190,2,0,0,0.00000,0.00000,0.00000,30,0,,10,0,0,0.00000,,0,0,0,0
2022-04-25,336.32831,48.93538,287.39293,630.00000,187,0,3,0,0.00000,600.00000,0.00000,30,0,,10,0,0,0.00000,,0,0,0,0
2022-04-26,342.36143,54.96851,287.39293,30.00000,188,1,0,0,0.00000,0.00000,0.00000,30,0,,10,0,0,0.00000,,0,0,0,0
2022-04-27,328.28413,40.89121,287.39293,1430.00000,181,0,7,0,0.00000,1400.00000,0.00000,30,0,,10,0,0,0.00000,,0,0,0,0
2022-04-28,337.22210,40.89121,296.33090,5542.00000,181,2,0,2,15.00000,0.00000,400.00000,30,10,,10,0,0,5512.00000,,15,3,120,360
2022-04-29,337.44555,41.11466,296.33090,5542.00000,182,1,0,0,12.00000,0.00000,0.00000,30,0,,10,0,0,5512.00000,,12,3,120,360
2022-04-30,347.24008,48.93538,298.30470,5542.00000,183,2,0,1,14.00000,0.00000,200.00000,30,0,,10,0,0,5512.00000,,14,3,120,360
2022-05-01,347.91042,48.93538,298.97505,2786.00000,184,1,0,0,6.00000,0.00000,0.00000,30,0,,10,0,0,2756.00000,,6,1,30,120
2022-05-02,350.59181,51.61677,298.97505,30.00000,185,1,0,0,0.00000,0.00000,0.00000,30,0,,10,0,0,0.00000,,0,0,0,0
2022-05-03,350.81526,51.61677,299.19849,30.00000,186,1,0,0,0.00000,0.00000,0.00000,30,0,,10,0,0,0.00000,,0,0,0,0
2022-05-04,346.56973,47.37123,299.19849,230.00000,186,1,1,0,0.00000,200.00000,0.00000,30,0,,10,0,0,0.00000,,0,0,0,0
2022-05-05,344.55869,45.80709,298.75160,230.00000,184,0,1,0,0.00000,200.00000,0.00000,30,0,,10,0,0,0.00000,,0,0,0,0
2022-05-06,344.78213,46.03054,298.75160,230.00000,185,2,1,0,0.00000,200.00000,0.00000,30,0,,10,0,0,0.00000,,0,0,0,0
2022-05-07,346.79318,48.04158,298.75160,5542.00000,184,1,0,2,12.00000,0.00000,400.00000,30,10,,10,0,0,5512.00000,,12,3,120,360
2022-05-08,346.79318,48.04158,298.75160,5542.00000,184,0,0,0,14.00000,0.00000,0.00000,30,0,,10,0,0,5512.00000,,14,3,120,360
2022-05-09,346.56973,48.04158,298.52815,5542.00000,184,1,0,0,16.00000,0.00000,0.00000,30,0,,10,0,0,5512.00000,,16,3,120,360
2022-05-10,348.54353,48.04158,300.50195,2786.00000,185,2,0,0,4.00000,0.00000,0.00000,30,0,,10,0,0,2756.00000,,4,1,30,120
2022-05-11,339.19590,49.60573,289.59018,30.00000,184,1,0,0,0.00000,0.00000,0.00000,30,0,,10,0,0,0.00000,,0,0,0,0
2022-05-12,338.74901,49.60573,289.14328,30.00000,183,0,0,0,0.00000,0.00000,0.00000,30,0,,10,0,0,0.00000,,0,0,0,0
2022-05-13,331.82208,43.57260,288.24948,230.00000,180,0,1,0,0.00000,200.00000,0.00000,30,0,,10,0,0,0.00000,,0,0,0,0
2022-05-14,331.82208,43.57260,288.24948,230.00000,180,2,1,0,0.00000,200.00000,0.00000,30,0,,10,0,0,0.00000,,0,0,0,0
2022-05-15,322.88411,35.30498,287.57914,230.00000,178,0,1,0,0.00000,200.00000,0.00000,30,0,,10,0,0,0.00000,,0,0,0,0
2022-05-16,326.23585,38.65671,287.57914,5742.00000,178,1,1,0,15.00000,200.00000,0.00000,30,10,,10,0,0,5512.00000,,15,3,120,360
2022-05-17,333.60967,45.80709,287.80259,5542.00000,181,3,0,0,10.00000,0.00000,0.00000,30,0,,10,0,0,5512.00000,,10,3,120,360
2022-05-18,334.28002,46.03054,288.24948,5542.00000,183,2,0,0,14.00000,0.00000,0.00000,30,0,,10,0,0,5512.00000,,14,3,120,360
2022-05-19,334.28002,46.03054,288.24948,2786.00000,183,0,0,0,6.00000,0.00000,0.00000,30,0,,10,0,0,2756.00000,,6,1,30,120
2022-05-20,337.66900,51.39332,286.27568,30.00000,184,2,0,0,0.00000,0.00000,0.00000,30,0,,10,0,0,0.00000,,0,0,0,0
2022-05-21,337.66900,51.39332,286.27568,30.00000,184,1,0,0,0.00000,0.00000,0.00000,30,0,,10,0,0,0.00000,,0,0,0,0
2022-05-22,338.33935,52.06367,286.27568,30.00000,186,3,0,0,0.00000,0.00000,0.00000,30,0,,10,0,0,0.00000,,0,0,0,0
2022-05-23,336.14210,51.84022,284.30188,30.00000,184,0,0,1,0.00000,0.00000,200.00000,30,0,,10,0,0,0.00000,,0,0,0,0
2022-05-24,331.22622,46.92433,284.30188,430.00000,183,1,2,0,0.00000,400.00000,0.00000,30,0,,10,0,0,0.00000,,0,0,0,0
2022-05-25,328.54483,44.24294,284.30188,5742.00000,182,0,1,0,12.00000,200.00000,0.00000,30,10,,10,0,0,5512.00000,,12,3,120,360
2022-05-26,330.29518,44.01950,286.27568,5542.00000,182,1,0,1,15.00000,0.00000,200.00000,30,0,,10,0,0,5512.00000,,15,3,120,360
2022-05-27,330.29518,44.01950,286.27568,5542.00000,182,0,0,0,15.00000,0.00000,0.00000,30,0,,10,0,0,5512.00000,,15,3,120,360
2022-05-28,330.29518,44.01950,286.27568,2786.00000,182,0,0,0,5.00000,0.00000,0.00000,30,0,,10,0,0,2756.00000,,5,1,30,120
2022-05-29,338.56280,44.01950,294.54330,30.00000,182,1,0,0,0.00000,0.00000,0.00000,30,0,,10,0,0,0.00000,,0,0,0,0
2022-05-30,341.24419,46.70089,294.54330,30.00000,183,1,0,0,0.00000,0.00000,0.00000,30,0,,10,0,0,0.00000,,0,0,0,0
2022-05-31,329.84828,44.01950,285.82878,230.00000,180,0,1,0,0.00000,200.00000,0.00000,30,0,,10,0,0,0.00000,,0,0,0,0
2022-06-01,337.44555,44.01950,293.42606,30.00000,180,1,0,0,0.00000,0.00000,0.00000,30,0,,10,0,0,0.00000,,0,0,0,0
2022-06-02,328.95448,45.13674,283.81774,230.00000,178,2,1,0,0.00000,200.00000,0.00000,30,0,,10,0,0,0.00000,,0,0,0,0
2022-06-03,327.39034,43.57260,283.81774,5742.00000,177,0,1,0,16.00000,200.00000,0.00000,30,10,,10,0,0,5512.00000,,16,3,120,360
2022-06-04,328.28413,43.79605,284.48809,5542.00000,179,2,0,0,13.00000,0.00000,0.00000,30,0,,10,0,0,5512.00000,,13,3,120,360
2022-06-05,344.59593,60.10784,284.48809,5542.00000,183,4,0,0,14.00000,0.00000,0.00000,30,0,,10,0,0,5512.00000,,14,3,120,360
2022-06-06,347.05387,62.56578,284.48809,2786.00000,183,1,0,1,5.00000,0.00000,200.00000,30,0,,10,0,0,2756.00000,,5,1,30,120
2022-06-07,347.05387,62.56578,284.48809,30.00000,183,0,0,0,0.00000,0.00000,0.00000,30,0,,10,0,0,0.00000,,0,0,0,0
2022-06-08,349.73526,65.24717,284.48809,30.00000,184,2,0,1,0.00000,0.00000,200.00000,30,0,,10,0,0,0.00000,,0,0,0,0
2022-06-09,347.50077,62.56578,284.93499,230.00000,184,1,1,0,0.00000,200.00000,0.00000,30,0,,10,0,0,0.00000,,0,0,0,0
2022-06-10,344.81938,59.88439,284.93499,230.00000,183,0,1,0,0.00000,200.00000,0.00000,30,0,,10,0,0,0.00000,,0,0,0,0
2022-06-11,337.66900,53.18091,284.48809,430.00000,182,2,2,0,0.00000,400.00000,0.00000,30,0,,10,0,0,0.00000,,0,0,0,0
2022-06-12,336.99865,53.18091,283.81774,5542.00000,181,0,0,0,13.00000,0.00000,0.00000,30,10,,10,0,0,5512.00000,,13,3,120,360
2022-06-13,336.99865,53.18091,283.81774,5542.00000,181,0,0,0,12.00000,0.00000,0.00000,30,0,,10,0,0,5512.00000,,12,3,120,360
2022-06-14,341.02074,57.20300,283.81774,5542.00000,181,1,0,1,17.00000,0.00000,200.00000,30,0,,10,0,0,5512.00000,,17,3,120,360
2022-06-15,340.57384,57.20300,283.37084,2786.00000,180,0,0,0,6.00000,0.00000,0.00000,30,0,,10,0,0,2756.00000,,6,1,30,120
2022-06-16,338.60004,57.20300,281.39704,30.00000,179,0,0,0,0.00000,0.00000,0.00000,30,0,,10,0,0,0.00000,,0,0,0,0
2022-06-17,335.69520,63.23613,272.45907,30.00000,179,1,0,0,0.00000,0.00000,0.00000,30,0,,10,0,0,0.00000,,0,0,0,0
2022-06-18,334.98761,60.55474,274.43287,430.00000,179,2,2,0,0.00000,400.00000,0.00000,30,0,,10,0,0,0.00000,,0,0,0,0
2022-06-19,336.55176,62.11888,274.43287,30.00000,180,1,0,0,0.00000,0.00000,0.00000,30,0,,10,0,0,0.00000,,0,0,0,0
2022-06-20,323.59170,49.15883,274.43287,430.00000,177,0,2,1,0.00000,400.00000,200.00000,30,0,,10,0,0,0.00000,,0,0,0,0
2022-06-21,331.18897,56.75610,274.43287,5542.00000,180,3,0,0,17.00000,0.00000,0.00000,30,10,,10,0,0,5512.00000,,17,3,120,360
2022-06-22,333.16278,56.75610,276.40668,5542.00000,181,1,0,0,15.00000,0.00000,0.00000,30,0,,10,0,0,5512.00000,,15,3,120,360
2022-06-23,340.76005,65.02372,275.73633,5542.00000,181,2,0,1,15.00000,0.00000,200.00000,30,0,,10,0,0,5512.00000,,15,3,120,360
2022-06-24,340.76005,65.02372,275.73633,2786.00000,181,1,0,1,4.00000,0.00000,200.00000,30,0,,10,0,0,2756.00000,,4,1,30,120
2022-06-25,343.21799,67.48166,275.73633,30.00000,181,2,0,2,0.00000,0.00000,400.00000,30,0,,10,0,0,0.00000,,0,0,0,0
2022-06-26,345.89938,70.16305,275.73633,30.00000,182,1,0,0,0.00000,0.00000,0.00000,30,0,,10,0,0,0.00000,,0,0,0,0
2022-06-27,348.58077,72.84444,275.73633,30.00000,183,1,0,0,0.00000,0.00000,0.00000,30,0,,10,0,0,0.00000,,0,0,0,0
2022-06-28,374.72433,81.78241,292.94192,30.00000,188,6,0,1,0.00000,0.00000,200.00000,30,0,,10,0,0,0.00000,,0,0,0,0
2022-06-29,372.71329,79.77137,292.94192,630.00000,186,1,3,0,0.00000,600.00000,0.00000,30,0,,10,0,0,0.00000,,0,0,0,0
2022-06-30,370.47879,77.53688,292.94192,5942.00000,186,2,2,0,17.00000,400.00000,0.00000,30,10,,10,0,0,5512.00000,,17,3,120,360
2022-07-01,370.47879,77.53688,292.94192,5542.00000,186,0,0,0,13.00000,0.00000,0.00000,30,0,,10,0,0,5512.00000,,13,3,120,360
2022-07-02,373.16019,80.21827,292.94192,5542.00000,187,1,0,0,16.00000,0.00000,0.00000,30,0,,10,0,0,5512.00000,,16,3,120,360
2022-07-03,373.16019,80.21827,292.94192,2786.00000,187,0,0,0,7.00000,0.00000,0.00000,30,0,,10,0,0,2756.00000,,7,1,30,120
2022-07-04,373.16019,80.21827,292.94192,30.00000,187,0,0,0,0.00000,0.00000,0.00000,30,0,,10,0,0,0.00000,,0,0,0,0
2022-07-05,374.91054,80.21827,294.69227,30.00000,187,1,0,0,0.00000,0.00000,0.00000,30,0,,10,0,0,0.00000,,0,0,0,0
2022-07-06,366.41947,71.72720,294.69227,430.00000,186,1,2,0,0.00000,400.00000,0.00000,30,0,,10,0,0,0.00000,,0,0,0,0
2022-07-07,363.29118,69.71615,293.57502,430.00000,181,1,2,2,0.00000,400.00000,400.00000,30,0,,10,0,0,0.00000,,0,0,0,0
2022-07-08,346.53249,52.51057,294.02192,630.00000,179,1,3,0,0.00000,600.00000,0.00000,30,0,,10,0,0,0.00000,,0,0,0,0
2022-07-09,354.80011,52.51057,302.28954,5542.00000,180,1,0,0,14.00000,0.00000,0.00000,30,10,,10,0,0,5512.00000,,14,3,120,360
2022-07-10,363.51463,52.51057,311.00406,5542.00000,182,2,0,0,13.00000,0.00000,0.00000,30,0,,10,0,0,5512.00000,,13,3,120,360
2022-07-11,364.22222,55.19196,309.03026,5542.00000,182,1,0,0,13.00000,0.00000,0.00000,30,0,,10,0,0,5512.00000,,13,3,120,360
2022-07-12,366.90361,57.87335,309.03026,2786.00000,183,1,0,0,6.00000,0.00000,0.00000,30,0,,10,0,0,2756.00000,,6,1,30,120
2022-07-13,366.90361,57.87335,309.03026,30.00000,183,0,0,0,0.00000,0.00000,0.00000,30,0,,10,0,0,0.00000,,0,0,0,0
2022-07-14,369.58500,60.55474,309.03026,30.00000,184,1,0,0,0.00000,0.00000,0.00000,30,0,,10,0,0,0.00000,,0,0,0,0
2022-07-15,370.96293,54.96851,315.99443,830.00000,181,3,4,1,0.00000,800.00000,200.00000,30,0,,10,0,0,0.00000,,0,0,0,0
2022-07-16,374.09122,58.09680,315.99443,30.00000,183,2,0,0,0.00000,0.00000,0.00000,30,0,,10,0,0,0.00000,,0,0,0,0
2022-07-17,368.05809,52.06367,315.99443,630.00000,182,2,3,0,0.00000,600.00000,0.00000,30,0,,10,0,0,0.00000,,0,0,0,0
2022-07-18,368.05809,52.06367,315.99443,5742.00000,182,1,1,0,12.00000,200.00000,0.00000,30,10,,10,0,0,5512.00000,,12,3,120,360
2022-07-19,371.18638,55.19196,315.99443,5542.00000,184,2,0,0,15.00000,0.00000,0.00000,30,0,,10,0,0,5512.00000,,15,3,120,360
2022-07-20,379.45400,55.19196,324.26205,5542.00000,185,1,0,0,16.00000,0.00000,0.00000,30,0,,10,0,0,5512.00000,,16,3,120,360
2022-07-21,382.58229,58.32024,324.26205,2786.00000,188,3,0,0,4.00000,0.00000,0.00000,30,0,,10,0,0,2756.00000,,4,1,30,120
2022-07-22,382.80574,58.54369,324.26205,30.00000,189,1,0,0,0.00000,0.00000,0.00000,30,0,,10,0,0,0.00000,,0,0,0,0
2022-07-23,382.80574,58.54369,324.26205,30.00000,189,0,0,0,0.00000,0.00000,0.00000,30,0,,10,0,0,0.00000,,0,0,0,0
2022-07-24,383.47609,58.54369,324.93240,30.00000,190,1,0,0,0.00000,0.00000,0.00000,30,0,,10,0,0,0.00000,,0,0,0,0
2022-07-25,389.06232,64.12992,324.93240,230.00000,190,1,1,0,0.00000,200.00000,0.00000,30,0,,10,0,0,0.00000,,0,0,0,0
2022-07-26,391.52026,66.81131,324.70895,30.00000,190,1,0,0,0.00000,0.00000,0.00000,30,0,,10,0,0,0.00000,,0,0,0,0
2022-07-27,393.08441,68.37546,324.70895,5542.00000,191,1,0,0,14.00000,0.00000,0.00000,30,10,,10,0,0,5512.00000,,14,3,120,360
2022-07-28,393.30786,68.59891,324.70895,5542.00000,192,1,0,0,16.00000,0.00000,0.00000,30,0,,10,0,0,5512.00000,,16,3,120,360
2022-07-29,393.30786,68.59891,324.70895,5542.00000,192,0,0,0,13.00000,0.00000,0.00000,30,0,,10,0,0,5512.00000,,13,3,120,360
2022-07-30,395.98925,71.50375,324.48550,2786.00000,193,2,0,0,8.00000,0.00000,0.00000,30,0,,10,0,0,2756.00000,,8,1,30,120
2022-07-31,398.44719,73.29134,325.15585,30.00000,196,3,0,0,0.00000,0.00000,0.00000,30,0,,10,0,0,0.00000,,0,0,0,0
2022-08-01,401.12858,75.97273,325.15585,30.00000,197,1,0,0,0.00000,0.00000,0.00000,30,0,,10,0,0,0.00000,,0,0,0,0
2022-08-02,401.12858,75.97273,325.15585,230.00000,197,1,1,0,0.00000,200.00000,0.00000,30,0,,10,0,0,0.00000,,0,0,0,0
2022-08-03,387.05128,61.89543,325.15585,830.00000,193,0,4,0,0.00000,800.00000,0.00000,30,0,,10,0,0,0.00000,,0,0,0,0
2022-08-04,374.12847,50.94642,323.18204,830.00000,187,0,4,1,0.00000,800.00000,200.00000,30,0,,10,0,0,0.00000,,0,0,0,0
2022-08-05,374.35191,51.16987,323.18204,5542.00000,188,1,0,0,13.00000,0.00000,0.00000,30,10,,10,0,0,5512.00000,,13,3,120,360
2022-08-06,374.35191,51.16987,323.18204,5542.00000,188,0,0,0,14.00000,0.00000,0.00000,30,0,,10,0,0,5512.00000,,14,3,120,360
2022-08-07,377.03330,53.85126,323.18204,5542.00000,189,1,0,0,15.00000,0.00000,0.00000,30,0,,10,0,0,5512.00000,,15,3,120,360
2022-08-08,380.83194,56.53265,324.29929,2786.00000,193,4,0,0,6.00000,0.00000,0.00000,30,0,,10,0,0,2756.00000,,6,1,30,120
2022-08-09,380.83194,56.08575,324.74619,30.00000,193,1,0,1,0.00000,0.00000,200.00000,30,0,,10,0,0,0.00000,,0,0,0,0
2022-08-10,382.80574,56.08575,326.71999,30.00000,194,1,0,0,0.00000,0.00000,0.00000,30,0,,10,0,0,0.00000,,0,0,0,0
2022-08-11,375.65537,48.93538,326.71999,430.00000,193,1,2,0,0.00000,400.00000,0.00000,30,0,,10,0,0,0.00000,,0,0,0,0
2022-08-12,370.29259,43.57260,326.71999,430.00000,191,0,2,0,0.00000,400.00000,0.00000,30,0,,10,0,0,0.00000,,0,0,0,0
2022-08-13,367.61120,40.89121,326.71999,230.00000,190,0,1,0,0.00000,200.00000,0.00000,30,0,,10,0,0,0.00000,,0,0,0,0
2022-08-14,367.61120,40.89121,326.71999,5542.00000,190,0,0,0,13.00000,0.00000,0.00000,30,10,,10,0,0,5512.00000,,13,3,120,360
2022-08-15,379.45400,52.73401,326.71999,5542.00000,195,5,0,0,14.00000,0.00000,0.00000,30,0,,10,0,0,5512.00000,,14,3,120,360
2022-08-16,379.45400,52.73401,326.71999,5542.00000,195,0,0,0,14.00000,0.00000,0.00000,30,0,,10,0,0,5512.00000,,14,3,120,360
2022-08-17,379.45400,52.73401,326.71999,2786.00000,195,0,0,0,6.00000,0.00000,0.00000,30,0,,10,0,0,2756.00000,,6,1,30,120
2022-08-18,384.14644,57.42645,326.71999,30.00000,197,3,0,1,0.00000,0.00000,200.00000,30,0,,10,0,0,0.00000,,0,0,0,0
2022-08-19,389.73267,63.01268,326.71999,30.00000,197,1,0,1,0.00000,0.00000,200.00000,30,0,,10,0,0,0.00000,,0,0,0,0
2022-08-20,387.05128,60.33129,326.71999,230.00000,196,0,1,0,0.00000,200.00000,0.00000,30,0,,10,0,0,0.00000,,0,0,0,0
2022-08-21,387.49818,60.33129,327.16689,30.00000,197,1,0,0,0.00000,0.00000,0.00000,30,0,,10,0,0,0.00000,,0,0,0,0
2022-08-22,380.57125,53.40436,327.16689,830.00000,194,1,4,0,0.00000,800.00000,0.00000,30,0,,10,0,0,0.00000,,0,0,0,0
2022-08-23,380.12435,53.40436,326.71999,5542.00000,193,0,0,0,12.00000,0.00000,0.00000,30,10,,10,0,0,5512.00000,,12,3,120,360
2022-08-24,382.80574,56.08575,326.71999,5542.00000,194,1,0,0,13.00000,0.00000,0.00000,30,0,,10,0,0,5512.00000,,13,3,120,360
2022-08-25,379.90090,62.11888,317.78202,5542.00000,194,1,0,0,16.00000,0.00000,0.00000,30,0,,10,0,0,5512.00000,,16,3,120,360
2022-08-26,379.45400,62.34233,317.11167,2786.00000,194,1,0,0,7.00000,0.00000,0.00000,30,0,,10,0,0,2756.00000,,7,1,30,120
2022-08-27,382.35884,65.02372,317.33512,30.00000,196,2,0,0,0.00000,0.00000,0.00000,30,0,,10,0,0,0.00000,,0,0,0,0
2022-08-28,380.38504,65.02372,315.36132,30.00000,195,0,0,0,0.00000,0.00000,0.00000,30,0,,10,0,0,0.00000,,0,0,0,0
2022-08-29,380.38504,65.02372,315.36132,30.00000,195,0,0,0,0.00000,0.00000,0.00000,30,0,,10,0,0,0.00000,,0,0,0,0
2022-08-30,365.00429,59.88439,305.11990,430.00000,191,1,2,1,0.00000,400.00000,200.00000,30,0,,10,0,0,0.00000,,0,0,0,0
2022-08-31,362.32290,57.20300,305.11990,230.00000,190,0,1,0,0.00000,200.00000,0.00000,30,0,,10,0,0,0.00000,,0,0,0,0
2022-09-01,362.76980,57.20300,305.56680,5542.00000,191,1,0,0,14.00000,0.00000,0.00000,30,10,,10,0,0,5512.00000,,14,3,120,360
2022-09-02,362.76980,57.20300,305.56680,5542.00000,191,0,0,0,14.00000,0.00000,0.00000,30,0,,10,0,0,5512.00000,,14,3,120,360
2022-09-03,371.03742,65.47062,305.56680,5542.00000,192,1,0,0,13.00000,0.00000,0.00000,30,0,,10,0,0,5512.00000,,13,3,120,360
2022-09-04,370.81397,65.47062,305.34335,2786.00000,192,1,0,0,4.00000,0.00000,0.00000,30,0,,10,0,0,2756.00000,,4,1,30,120
2022-09-05,373.71881,68.15201,305.56680,30.00000,194,2,0,0,0.00000,0.00000,0.00000,30,0,,10,0,0,0.00000,,0,0,0,0
2022-09-06,373.27191,68.15201,305.11990,30.00000,194,1,0,0,0.00000,0.00000,0.00000,30,0,,10,0,0,0.00000,,0,0,0,0
2022-09-07,362.76980,65.47062,297.29918,230.00000,193,1,1,0,0.00000,200.00000,0.00000,30,0,,10,0,0,0.00000,,0,0,0,0
2022-09-08,351.82079,54.52161,297.29918,430.00000,191,0,2,0,0.00000,400.00000,0.00000,30,0,,10,0,0,0.00000,,0,0,0,0
2022-09-09,337.78073,42.45535,295.32538,430.00000,188,0,2,0,0.00000,400.00000,0.00000,30,0,,10,0,0,0.00000,,0,0,0,0
2022-09-10,333.53519,38.20982,295.32538,5742.00000,188,1,1,0,11.00000,200.00000,0.00000,30,10,,10,0,0,5512.00000,,11,3,120,360
2022-09-11,325.26757,38.20982,287.05775,5542.00000,187,0,0,0,11.00000,0.00000,0.00000,30,0,,10,0,0,5512.00000,,11,3,120,360
2022-09-12,325.26757,38.20982,287.05775,5542.00000,187,0,0,0,15.00000,0.00000,0.00000,30,0,,10,0,0,5512.00000,,15,3,120,360
2022-09-13,327.94896,40.89121,287.05775,2786.00000,188,1,0,0,3.00000,0.00000,0.00000,30,0,,10,0,0,2756.00000,,3,1,30,120
2022-09-14,328.17241,41.11466,287.05775,30.00000,189,1,0,0,0.00000,0.00000,0.00000,30,0,,10,0,0,0.00000,,0,0,0,0
2022-09-15,328.17241,41.11466,287.05775,30.00000,189,0,0,0,0.00000,0.00000,0.00000,30,0,,10,0,0,0.00000,,0,0,0,0
2022-09-16,325.49102,38.43326,287.05775,230.00000,188,0,1,0,0.00000,200.00000,0.00000,30,0,,10,0,0,0.00000,,0,0,0,0
2022-09-17,316.99995,38.20982,278.79013,30.00000,187,1,0,1,0.00000,0.00000,200.00000,30,0,,10,0,0,0.00000,,0,0,0,0
2022-09-18,323.74067,46.92434,276.81633,30.00000,188,2,0,0,0.00000,0.00000,0.00000,30,0,,10,0,0,0.00000,,0,0,0,0
2022-09-19,337.59452,61.22508,276.36943,5542.00000,189,2,0,0,13.00000,0.00000,0.00000,30,10,,10,0,0,5512.00000,,13,3,120,360
2022-09-20,337.59452,61.22508,276.36943,5542.00000,189,0,0,0,12.00000,0.00000,0.00000,30,0,,10,0,0,5512.00000,,12,3,120,360
2022-09-21,344.03730,65.69407,278.34324,5542.00000,191,2,0,0,12.00000,0.00000,0.00000,30,0,,10,0,0,5512.00000,,12,3,120,360
2022-09-22,346.49525,67.25821,279.23703,2786.00000,194,3,0,0,5.00000,0.00000,0.00000,30,0,,10,0,0,2756.00000,,5,1,30,120
2022-09-23,346.94214,67.25821,279.68393,30.00000,195,1,0,0,0.00000,0.00000,0.00000,30,0,,10,0,0,0.00000,,0,0,0,0
2022-09-24,346.94214,67.25821,279.68393,30.00000,195,0,0,0,0.00000,0.00000,0.00000,30,0,,10,0,0,0.00000,,0,0,0,0
2022-09-25,351.18768,71.50375,279.68393,30.00000,197,2,0,0,0.00000,0.00000,0.00000,30,0,,10,0,0,0.00000,,0,0,0,0
2022-09-26,353.86907,74.18514,279.68393,30.00000,198,1,0,0,0.00000,0.00000,0.00000,30,0,,10,0,0,0.00000,,0,0,0,0
2022-09-27,342.92006,63.23613,279.68393,430.00000,196,0,2,0,0.00000,400.00000,0.00000,30,0,,10,0,0,0.00000,,0,0,0,0
2022-09-28,345.60145,65.91752,279.68393,5542.00000,197,1,0,0,14.00000,0.00000,0.00000,30,10,,10,0,0,5512.00000,,14,3,120,360
2022-09-29,354.53942,65.91752,288.62190,5542.00000,198,1,0,0,13.00000,0.00000,0.00000,30,0,,10,0,0,5512.00000,,13,3,120,360
2022-09-30,354.53942,65.91752,288.62190,5542.00000,198,0,0,0,14.00000,0.00000,0.00000,30,0,,10,0,0,5512.00000,,14,3,120,360
2022-10-01,362.36014,74.18514,288.17500,2786.00000,198,1,0,0,6.00000,0.00000,0.00000,30,0,,10,0,0,2756.00000,,6,1,30,120
2022-10-02,360.16289,73.96169,286.20120,30.00000,196,0,0,1,0.00000,0.00000,200.00000,30,0,,10,0,0,0.00000,,0,0,0,0
2022-10-03,359.93944,73.73824,286.20120,30.00000,196,1,0,1,0.00000,0.00000,200.00000,30,0,,10,0,0,0.00000,,0,0,0,0
2022-10-04,365.07877,69.93960,295.13917,230.00000,197,2,1,0,0.00000,200.00000,0.00000,30,0,,10,0,0,0.00000,,0,0,0,0
2022-10-05,350.33112,55.19196,295.13917,630.00000,194,0,3,0,0.00000,600.00000,0.00000,30,0,,10,0,0,0.00000,,0,0,0,0
2022-10-06,353.01251,57.87335,295.13917,30.00000,195,1,0,0,0.00000,0.00000,0.00000,30,0,,10,0,0,0.00000,,0,0,0,0
2022-10-07,350.33112,55.19196,295.13917,5742.00000,194,0,1,0,14.00000,200.00000,0.00000,30,10,,10,0,0,5512.00000,,14,3,120,360
2022-10-08,350.33112,55.19196,295.13917,5542.00000,194,1,0,1,12.00000,0.00000,200.00000,30,0,,10,0,0,5512.00000,,12,3,120,360
2022-10-09,359.26909,55.19196,304.07714,5542.00000,195,1,0,0,14.00000,0.00000,0.00000,30,0,,10,0,0,5512.00000,,14,3,120,360
2022-10-10,360.83324,56.75610,304.07714,2786.00000,196,1,0,0,5.00000,0.00000,0.00000,30,0,,10,0,0,2756.00000,,5,1,30,120
2022-10-11,364.18498,60.10784,304.07714,30.00000,199,3,0,0,0.00000,0.00000,0.00000,30,0,,10,0,0,0.00000,,0,0,0,0
2022-10-12,364.18498,60.10784,304.07714,30.00000,199,0,0,0,0.00000,0.00000,0.00000,30,0,,10,0,0,0.00000,,0,0,0,0
2022-10-13,359.71599,55.63885,304.07714,630.00000,196,0,3,0,0.00000,600.00000,0.00000,30,0,,10,0,0,0.00000,,0,0,0,0
2022-10-14,357.22081,51.16987,306.05094,230.00000,196,1,1,0,0.00000,200.00000,0.00000,30,0,,10,0,0,0.00000,,0,0,0,0
2022-10-15,351.00147,46.92434,304.07714,630.00000,193,1,3,0,0.00000,600.00000,0.00000,30,0,,10,0,0,0.00000,,0,0,0,0
2022-10-16,357.03460,52.95746,304.07714,5542.00000,194,2,0,1,13.00000,0.00000,200.00000,30,10,,10,0,0,5512.00000,,13,3,120,360
2022-10-17,357.03460,52.95746,304.07714,5542.00000,194,0,0,0,14.00000,0.00000,0.00000,30,0,,10,0,0,5512.00000,,14,3,120,360
2022-10-18,356.58770,52.95746,303.63024,5542.00000,193,0,0,0,12.00000,0.00000,0.00000,30,0,,10,0,0,5512.00000,,12,3,120,360
2022-10-19,358.37530,55.41541,302.95989,2786.00000,191,1,0,1,3.00000,0.00000,200.00000,30,0,,10,0,0,2756.00000,,3,1,30,120
2022-10-20,356.40149,55.41541,300.98609,30.00000,190,0,0,0,0.00000,0.00000,0.00000,30,0,,10,0,0,0.00000,,0,0,0,0
2022-10-21,356.40149,55.41541,300.98609,30.00000,190,0,0,0,0.00000,0.00000,0.00000,30,0,,10,0,0,0.00000,,0,0,0,0
2022-10-22,356.40149,55.41541,300.98609,230.00000,190,1,1,0,0.00000,200.00000,0.00000,30,0,,10,0,0,0.00000,,0,0,0,0
2022-10-23,357.96564,56.97955,300.98609,230.00000,191,2,1,0,0.00000,200.00000,0.00000,30,0,,10,0,0,0.00000,,0,0,0,0
2022-10-24,360.01392,61.00164,299.01229,230.00000,191,2,1,0,0.00000,200.00000,0.00000,30,0,,10,0,0,0.00000,,0,0,0,0
2022-10-25,360.05116,63.45958,296.59159,5542.00000,189,1,0,1,11.00000,0.00000,200.00000,30,10,,10,0,0,5512.00000,,11,3,120,360
2022-10-26,368.31879,63.45958,304.85921,5542.00000,190,1,0,0,12.00000,0.00000,0.00000,30,0,,10,0,0,5512.00000,,12,3,120,360
2022-10-27,371.00018,66.14097,304.85921,5542.00000,191,1,0,0,15.00000,0.00000,0.00000,30,0,,10,0,0,5512.00000,,15,3,120,360
2022-10-28,373.68157,68.82236,304.85921,2786.00000,192,1,0,0,5.00000,0.00000,0.00000,30,0,,10,0,0,2756.00000,,5,1,30,120
2022-10-29,373.45812,68.82236,304.63576,30.00000,191,1,0,0,0.00000,0.00000,0.00000,30,0,,10,0,0,0.00000,,0,0,0,0
2022-10-30,389.73267,74.85549,314.87718,30.00000,194,3,0,0,0.00000,0.00000,0.00000,30,0,,10,0,0,0.00000,,0,0,0,0
2022-10-31,383.25264,68.59891,314.65373,230.00000,191,0,1,1,0.00000,200.00000,200.00000,30,0,,10,0,0,0.00000,,0,0,0,0
2022-11-01,378.78366,64.12992,314.65373,630.00000,188,1,3,1,0.00000,600.00000,200.00000,30,0,,10,0,0,0.00000,,0,0,0,0
2022-11-02,379.45400,64.12992,315.32408,30.00000,189,1,0,0,0.00000,0.00000,0.00000,30,0,,10,0,0,0.00000,,0,0,0,0
2022-11-03,377.44296,71.05685,306.38611,5542.00000,191,3,0,0,12.00000,0.00000,0.00000,30,10,,10,0,0,5512.00000,,12,3,120,360
2022-11-04,375.91606,71.05685,304.85921,5542.00000,191,1,0,0,16.00000,0.00000,0.00000,30,0,,10,0,0,5512.00000,,16,3,120,360
2022-11-05,385.74782,80.88862,304.85921,5542.00000,194,3,0,0,14.00000,0.00000,0.00000,30,0,,10,0,0,5512.00000,,14,3,120,360
2022-11-06,399.37823,86.25140,313.12683,2786.00000,197,3,0,0,4.00000,0.00000,0.00000,30,0,,10,0,0,2756.00000,,4,1,30,120
2022-11-07,399.15478,86.02795,313.12683,30.00000,196,0,0,1,0.00000,0.00000,200.00000,30,0,,10,0,0,0.00000,,0,0,0,0
2022-11-08,399.60168,86.47485,313.12683,30.00000,197,1,0,0,0.00000,0.00000,0.00000,30,0,,10,0,0,0.00000,,0,0,0,0
2022-11-09,396.92029,83.79346,313.12683,230.00000,196,0,1,0,0.00000,200.00000,0.00000,30,0,,10,0,0,0.00000,,0,0,0,0
2022-11-10,386.86507,73.73824,313.12683,430.00000,193,0,2,1,0.00000,400.00000,200.00000,30,0,,10,0,0,0.00000,,0,0,0,0
2022-11-11,371.26087,60.10784,311.15303,630.00000,189,1,3,1,0.00000,600.00000,200.00000,30,0,,10,0,0,0.00000,,0,0,0,0
2022-11-12,379.52849,60.10784,319.42065,5542.00000,190,1,0,0,12.00000,0.00000,0.00000,30,10,,10,0,0,5512.00000,,12,3,120,360
2022-11-13,379.08159,59.43749,319.64410,5542.00000,189,1,0,2,14.00000,0.00000,400.00000,30,0,,10,0,0,5512.00000,,14,3,120,360
2022-11-14,379.52849,59.43749,320.09100,5542.00000,190,1,0,0,14.00000,0.00000,0.00000,30,0,,10,0,0,5512.00000,,14,3,120,360
2022-11-15,379.75194,59.43749,320.31445,2786.00000,191,1,0,0,5.00000,0.00000,0.00000,30,0,,10,0,0,2756.00000,,5,1,30,120
2022-11-16,381.98643,61.67198,320.31445,30.00000,191,1,0,1,0.00000,0.00000,200.00000,30,0,,10,0,0,0.00000,,0,0,0,0
2022-11-17,395.39338,66.14097,329.25241,30.00000,193,2,0,0,0.00000,0.00000,0.00000,30,0,,10,0,0,0.00000,,0,0,0,0
2022-11-18,392.71199,63.45958,329.25241,430.00000,192,1,2,0,0.00000,400.00000,0.00000,30,0,,10,0,0,0.00000,,0,0,0,0
2022-11-19,390.44026,59.21404,331.22622,430.00000,191,1,2,0,0.00000,400.00000,0.00000,30,0,,10,0,0,0.00000,,0,0,0,0
2022-11-20,381.72574,50.49952,331.22622,430.00000,189,0,2,0,0.00000,400.00000,0.00000,30,0,,10,0,0,0.00000,,0,0,0,0
2022-11-21,379.04435,47.81813,331.22622,5742.00000,188,0,1,0,12.00000,200.00000,0.00000,30,10,,10,0,0,5512.00000,,12,3,120,360
2022-11-22,386.19472,54.96851,331.22622,5542.00000,190,2,0,0,15.00000,0.00000,0.00000,30,0,,10,0,0,5512.00000,,15,3,120,360
2022-11-23,377.25675,54.96851,322.28825,5542.00000,189,0,0,0,12.00000,0.00000,0.00000,30,0,,10,0,0,5512.00000,,12,3,120,360
2022-11-24,393.79200,63.23613,330.55587,2786.00000,191,2,0,0,4.00000,0.00000,0.00000,30,0,,10,0,0,2756.00000,,4,1,30,120
2022-11-25,396.47339,65.91752,330.55587,30.00000,192,1,0,0,0.00000,0.00000,0.00000,30,0,,10,0,0,0.00000,,0,0,0,0
2022-11-26,407.42240,76.86653,330.55587,30.00000,194,2,0,0,0.00000,0.00000,0.00000,30,0,,10,0,0,0.00000,,0,0,0,0
2022-11-27,417.03071,76.86653,340.16418,30.00000,196,2,0,0,0.00000,0.00000,0.00000,30,0,,10,0,0,0.00000,,0,0,0,0
2022-11-28,405.63480,73.73824,331.89656,230.00000,193,0,1,1,0.00000,200.00000,200.00000,30,0,,10,0,0,0.00000,,0,0,0,0
2022-11-29,396.02649,64.12992,331.89656,630.00000,191,1,3,0,0.00000,600.00000,0.00000,30,0,,10,0,0,0.00000,,0,0,0,0
2022-11-30,393.34510,61.44853,331.89656,5742.00000,190,0,1,0,13.00000,200.00000,0.00000,30,10,,10,0,0,5512.00000,,13,3,120,360
2022-12-01,393.12165,61.22508,331.89656,5542.00000,189,0,0,1,13.00000,0.00000,200.00000,30,0,,10,0,0,5512.00000,,13,3,120,360
2022-12-02,393.12165,61.22508,331.89656,5542.00000,189,0,0,0,12.00000,0.00000,0.00000,30,0,,10,0,0,5512.00000,,12,3,120,360
2022-12-03,401.16582,61.00164,340.16418,2786.00000,189,1,0,1,5.00000,0.00000,200.00000,30,0,,10,0,0,2756.00000,,5,1,30,120
2022-12-04,401.16582,61.00164,340.16418,30.00000,189,0,0,0,0.00000,0.00000,0.00000,30,0,,10,0,0,0.00000,,0,0,0,0
2022-12-05,403.84721,63.68303,340.16418,30.00000,190,1,0,0,0.00000,0.00000,0.00000,30,0,,10,0,0,0.00000,,0,0,0,0
2022-12-06,414.53553,63.45958,351.07595,430.00000,191,3,2,0,0.00000,400.00000,0.00000,30,0,,10,0,0,0.00000,,0,0,0,0
2022-12-07,407.38516,56.30920,351.07595,430.00000,189,0,2,0,0.00000,400.00000,0.00000,30,0,,10,0,0,0.00000,,0,0,0,0
2022-12-08,400.23478,49.15883,351.07595,430.00000,187,0,2,0,0.00000,400.00000,0.00000,30,0,,10,0,0,0.00000,,0,0,0,0
2022-12-09,400.23478,49.15883,351.07595,5542.00000,187,0,0,0,11.00000,0.00000,0.00000,30,10,,10,0,0,5512.00000,,11,3,120,360
2022-12-10,400.23478,49.15883,351.07595,5542.00000,187,0,0,0,12.00000,0.00000,0.00000,30,0,,10,0,0,5512.00000,,12,3,120,360
2022-12-11,402.20858,49.15883,353.04976,5542.00000,188,1,0,0,13.00000,0.00000,0.00000,30,0,,10,0,0,5512.00000,,13,3,120,360
2022-12-12,402.20858,49.15883,353.04976,2786.00000,188,0,0,0,6.00000,0.00000,0.00000,30,0,,10,0,0,2756.00000,,6,1,30,120
2022-12-13,393.49406,49.38228,344.11179,30.00000,188,1,0,0,0.00000,0.00000,0.00000,30,0,,10,0,0,0.00000,,0,0,0,0
2022-12-14,391.25957,55.41541,335.84417,30.00000,188,1,0,0,0.00000,0.00000,0.00000,30,0,,10,0,0,0.00000,,0,0,0,0
2022-12-15,382.99195,47.14778,335.84417,230.00000,187,0,1,0,0.00000,200.00000,0.00000,30,0,,10,0,0,0.00000,,0,0,0,0
2022-12-16,380.31056,44.46639,335.84417,230.00000,186,0,1,0,0.00000,200.00000,0.00000,30,0,,10,0,0,0.00000,,0,0,0,0
2022-12-17,370.51604,35.97532,334.54071,430.00000,184,2,2,1,0.00000,400.00000,200.00000,30,0,,10,0,0,0.00000,,0,0,0,0
2022-12-18,370.96293,35.97532,334.98761,5542.00000,185,1,0,0,11.00000,0.00000,0.00000,30,10,,10,0,0,5512.00000,,11,3,120,360
2022-12-19,372.93674,35.97532,336.96141,5542.00000,186,1,0,0,14.00000,0.00000,0.00000,30,0,,10,0,0,5512.00000,,14,3,120,360
2022-12-20,372.48984,35.52843,336.96141,5542.00000,185,0,0,1,11.00000,0.00000,200.00000,30,0,,10,0,0,5512.00000,,11,3,120,360
2022-12-21,372.26639,35.30498,336.96141,2786.00000,184,0,0,1,4.00000,0.00000,200.00000,30,0,,10,0,0,2756.00000,,4,1,30,120
2022-12-22,378.96986,42.23190,336.73796,30.00000,184,2,0,1,0.00000,0.00000,200.00000,30,0,,10,0,0,0.00000,,0,0,0,0
2022-12-23,379.19331,42.45535,336.73796,30.00000,185,1,0,0,0.00000,0.00000,0.00000,30,0,,10,0,0,0.00000,,0,0,0,0
2022-12-24,381.87470,45.13674,336.73796,30.00000,186,1,0,0,0.00000,0.00000,0.00000,30,0,,10,0,0,0.00000,,0,0,0,0
2022-12-25,381.87470,45.13674,336.73796,230.00000,186,1,1,0,0.00000,200.00000,0.00000,30,0,,10,0,0,0.00000,,0,0,0,0
2022-12-26,378.52297,41.78500,336.73796,230.00000,183,0,1,2,0.00000,200.00000,400.00000,30,0,,10,0,0,0.00000,,0,0,0,0
2022-12-27,378.96986,42.23190,336.73796,5542.00000,184,1,0,0,11.00000,0.00000,0.00000,30,10,,10,0,0,5512.00000,,11,3,120,360
2022-12-28,378.96986,42.23190,336.73796,5542.00000,184,0,0,0,15.00000,0.00000,0.00000,30,0,,10,0,0,5512.00000,,15,3,120,360
2022-12-29,387.90783,42.23190,345.67593,5542.00000,185,1,0,0,11.00000,0.00000,0.00000,30,0,,10,0,0,5512.00000,,11,3,120,360
2022-12-30,390.10508,42.45535,347.64973,2786.00000,187,2,0,0,6.00000,0.00000,0.00000,30,0,,10,0,0,2756.00000,,6,1,30,120
2022-12-31,390.10508,42.45535,347.64973,30.00000,187,0,0,0,0.00000,0.00000,0.00000,30,0,,10,0,0,0.00000,,0,0,0,0
