Date,Daily Emissions (Kg Methane),Daily Mitigable Emissions (Kg Methane),Daily Non-Mitigable Emissions (Kg Methane),Daily Cost ($),Active Leaks,New Leaks,Leaks Repaired,Leaks Naturally Repaired,Leaks Tagged,Daily Repair Cost ($),Daily Natural Repair Cost ($),truck Deployment Cost ($),truck Sites flagged for Follow-Up,truck Leaks tagged for repair,truck Sites Visited,truck Travel Time (Minutes),truck Survey Time (Minutes),OGI_FU_mdl_high Deployment Cost ($),OGI_FU_mdl_high Sites flagged for Follow-Up,OGI_FU_mdl_high Leaks tagged for repair,OGI_FU_mdl_high Sites Visited,OGI_FU_mdl_high Travel Time (Minutes),OGI_FU_mdl_high Survey Time (Minutes)
2022-01-01,925.56388,705.87607,219.68782,400.00000,374,376,0,1,0.00000,0.00000,200.00000,400.00000,0,,10,180,270,0.00000,,0,0,0,0
2022-01-02,920.42455,700.73673,219.68782,400.00000,373,2,0,3,0.00000,0.00000,600.00000,400.00000,0,,1,20,30,0.00000,,0,0,0,0
2022-01-03,917.74316,698.05534,219.68782,1000.00000,374,2,0,1,32.00000,0.00000,200.00000,0.00000,9,,0,0,0,1000.00000,,32,3,120,360
2022-01-04,909.25209,697.83189,211.42020,1000.00000,372,0,0,1,38.00000,0.00000,200.00000,0.00000,1,,0,0,0,1000.00000,,38,3,120,360
2022-01-05,909.69899,698.27879,211.42020,1000.00000,374,2,0,0,55.00000,0.00000,0.00000,0.00000,0,,0,0,0,1000.00000,,55,3,120,360
2022-01-06,900.76102,698.27879,202.48223,500.00000,373,0,0,0,15.00000,0.00000,0.00000,0.00000,0,,0,0,0,500.00000,,15,1,30,120
2022-01-07,912.15693,709.67470,202.48223,0.00000,376,3,0,0,0.00000,0.00000,0.00000,0.00000,0,,0,0,0,0.00000,,0,0,0,0
2022-01-08,912.15693,709.67470,202.48223,0.00000,376,1,0,0,0.00000,0.00000,0.00000,0.00000,0,,0,0,0,0.00000,,0,0,0,0
2022-01-09,914.35418,710.12160,204.23258,0.00000,377,2,0,0,0.00000,0.00000,0.00000,0.00000,0,,0,0,0,0.00000,,0,0,0,0
2022-01-10,919.71696,715.48438,204.23258,0.00000,379,2,0,0,0.00000,0.00000,0.00000,0.00000,0,,0,0,0,0.00000,,0,0,0,0
2022-01-11,919.27006,715.03748,204.23258,0.00000,377,0,0,2,0.00000,0.00000,400.00000,0.00000,0,,0,0,0,0.00000,,0,0,0,0
2022-01-12,919.49351,715.26093,204.23258,0.00000,378,1,0,0,0.00000,0.00000,0.00000,0.00000,0,,0,0,0,0.00000,,0,0,0,0
2022-01-13,922.62180,717.94232,204.67948,0.00000,380,2,0,0,0.00000,0.00000,0.00000,0.00000,0,,0,0,0,0.00000,,0,0,0,0
2022-01-14,919.94041,715.26093,204.67948,0.00000,379,1,0,2,0.00000,0.00000,400.00000,0.00000,0,,0,0,0,0.00000,,0,0,0,0
2022-01-15,917.96661,715.26093,202.70568,0.00000,378,0,0,0,0.00000,0.00000,0.00000,0.00000,0,,0,0,0,0.00000,,0,0,0,0
2022-01-16,914.61487,711.90919,202.70568,0.00000,378,2,0,2,0.00000,0.00000,400.00000,0.00000,0,,0,0,0,0.00000,,0,0,0,0
2022-01-17,911.71003,709.00435,202.70568,0.00000,376,0,0,2,0.00000,0.00000,400.00000,0.00000,0,,0,0,0,0.00000,,0,0,0,0
2022-01-18,814.95652,612.25085,202.70568,5800.00000,347,0,29,0,0.00000,5800.00000,0.00000,0.00000,0,,0,0,0,0.00000,,0,0,0,0
2022-01-19,694.74084,492.03517,202.70568,6000.00000,317,0,30,0,0.00000,6000.00000,0.00000,0.00000,0,,0,0,0,0.00000,,0,0,0,0
2022-01-20,528.30842,327.57655,200.73187,9600.00000,268,1,48,1,0.00000,9600.00000,200.00000,0.00000,0,,0,0,0,0.00000,,0,0,0,0
2022-01-21,495.23794,294.50606,200.73187,2000.00000,260,2,10,0,0.00000,2000.00000,0.00000,0.00000,0,,0,0,0,0.00000,,0,0,0,0
2022-01-22,497.91933,297.18745,200.73187,0.00000,261,1,0,0,0.00000,0.00000,0.00000,0.00000,0,,0,0,0,0.00000,,0,0,0,0
2022-01-23,496.57863,295.84676,200.73187,0.00000,261,1,0,1,0.00000,0.00000,200.00000,0.00000,0,,0,0,0,0.00000,,0,0,0,0
2022-01-24,496.57863,295.84676,200.73187,0.00000,261,0,0,0,0.00000,0.00000,0.00000,0.00000,0,,0,0,0,0.00000,,0,0,0,0
2022-01-25,494.60483,295.84676,198.75807,0.00000,260,0,0,0,0.00000,0.00000,0.00000,0.00000,0,,0,0,0,0.00000,,0,0,0,0
2022-01-26,495.27518,295.84676,199.42842,0.00000,261,1,0,0,0.00000,0.00000,0.00000,0.00000,0,,0,0,0,0.00000,,0,0,0,0
2022-01-27,497.95657,298.52815,199.42842,0.00000,262,1,0,0,0.00000,0.00000,0.00000,0.00000,0,,0,0,0,0.00000,,0,0,0,0
2022-01-28,520.07804,312.82890,207.24914,0.00000,264,3,0,0,0.00000,0.00000,0.00000,0.00000,0,,0,0,0,0.00000,,0,0,0,0
2022-01-29,522.75943,315.51029,207.24914,0.00000,265,1,0,0,0.00000,0.00000,0.00000,0.00000,0,,0,0,0,0.00000,,0,0,0,0
2022-01-30,522.75943,315.51029,207.24914,0.00000,265,0,0,0,0.00000,0.00000,0.00000,0.00000,0,,0,0,0,0.00000,,0,0,0,0
2022-01-31,524.32358,317.07443,207.24914,0.00000,266,2,0,1,0.00000,0.00000,200.00000,0.00000,0,,0,0,0,0.00000,,0,0,0,0
2022-02-01,529.68636,322.43722,207.24914,0.00000,268,2,0,0,0.00000,0.00000,0.00000,0.00000,0,,0,0,0,0.00000,,0,0,0,0
2022-02-02,537.95398,330.70484,207.24914,0.00000,269,2,0,1,0.00000,0.00000,200.00000,0.00000,0,,0,0,0,0.00000,,0,0,0,0
2022-02-03,538.17743,330.70484,207.47259,0.00000,270,1,0,0,0.00000,0.00000,0.00000,0.00000,0,,0,0,0,0.00000,,0,0,0,0
2022-02-04,538.17743,330.70484,207.47259,0.00000,270,0,0,0,0.00000,0.00000,0.00000,0.00000,0,,0,0,0,0.00000,,0,0,0,0
2022-02-05,540.85882,333.38623,207.47259,0.00000,271,1,0,0,0.00000,0.00000,0.00000,0.00000,0,,0,0,0,0.00000,,0,0,0,0
2022-02-06,541.56641,336.06762,205.49879,0.00000,271,1,0,0,0.00000,0.00000,0.00000,0.00000,0,,0,0,0,0.00000,,0,0,0,0
2022-02-07,542.01331,336.06762,205.94569,0.00000,272,1,0,0,0.00000,0.00000,0.00000,0.00000,0,,0,0,0,0.00000,,0,0,0,0
2022-02-08,542.01331,336.06762,205.94569,0.00000,272,0,0,0,0.00000,0.00000,0.00000,0.00000,0,,0,0,0,0.00000,,0,0,0,0
2022-02-09,545.14160,338.74901,206.39259,0.00000,274,2,0,0,0.00000,0.00000,0.00000,0.00000,0,,0,0,0,0.00000,,0,0,0,0
2022-02-10,545.14160,338.74901,206.39259,0.00000,274,0,0,0,0.00000,0.00000,0.00000,0.00000,0,,0,0,0,0.00000,,0,0,0,0
2022-02-11,549.34989,341.43040,207.91949,0.00000,275,2,0,0,0.00000,0.00000,0.00000,0.00000,0,,0,0,0,0.00000,,0,0,0,0
2022-02-12,547.37609,341.43040,205.94569,0.00000,274,0,0,0,0.00000,0.00000,0.00000,0.00000,0,,0,0,0,0.00000,,0,0,0,0
2022-02-13,555.34578,345.45248,209.89329,0.00000,276,3,0,1,0.00000,0.00000,200.00000,0.00000,0,,0,0,0,0.00000,,0,0,0,0
2022-02-14,563.38995,353.49666,209.89329,0.00000,279,3,0,0,0.00000,0.00000,0.00000,0.00000,0,,0,0,0,0.00000,,0,0,0,0
2022-02-15,562.94305,361.31738,201.62567,0.00000,279,3,0,2,0.00000,0.00000,400.00000,0.00000,0,,0,0,0,0.00000,,0,0,0,0
2022-02-16,561.63960,361.54083,200.09877,0.00000,280,2,0,0,0.00000,0.00000,0.00000,0.00000,0,,0,0,0,0.00000,,0,0,0,0
2022-02-17,564.76789,364.22222,200.54567,0.00000,282,2,0,0,0.00000,0.00000,0.00000,0.00000,0,,0,0,0,0.00000,,0,0,0,0
2022-02-18,570.13067,369.36155,200.76912,0.00000,284,3,0,1,0.00000,0.00000,200.00000,0.00000,0,,0,0,0,0.00000,,0,0,0,0
2022-02-19,570.13067,369.36155,200.76912,0.00000,284,1,0,1,0.00000,0.00000,200.00000,0.00000,0,,0,0,0,0.00000,,0,0,0,0
2022-02-20,571.47136,370.70225,200.76912,0.00000,283,1,0,2,0.00000,0.00000,400.00000,0.00000,0,,0,0,0,0.00000,,0,0,0,0
2022-02-21,580.44657,373.38364,207.06294,0.00000,284,2,0,0,0.00000,0.00000,0.00000,0.00000,0,,0,0,0,0.00000,,0,0,0,0
2022-02-22,581.11692,373.60709,207.50983,0.00000,286,2,0,0,0.00000,0.00000,0.00000,0.00000,0,,0,0,0,0.00000,,0,0,0,0
2022-02-23,581.11692,373.60709,207.50983,0.00000,286,0,0,0,0.00000,0.00000,0.00000,0.00000,0,,0,0,0,0.00000,,0,0,0,0
2022-02-24,578.02587,372.48984,205.53603,0.00000,285,1,0,1,0.00000,0.00000,200.00000,0.00000,0,,0,0,0,0.00000,,0,0,0,0
2022-02-25,578.47277,372.48984,205.98293,0.00000,286,1,0,0,0.00000,0.00000,0.00000,0.00000,0,,0,0,0,0.00000,,0,0,0,0
2022-02-26,578.47277,372.48984,205.98293,0.00000,286,1,0,0,0.00000,0.00000,0.00000,0.00000,0,,0,0,0,0.00000,,0,0,0,0
2022-02-27,578.47277,372.48984,205.98293,0.00000,286,0,0,0,0.00000,0.00000,0.00000,0.00000,0,,0,0,0,0.00000,,0,0,0,0
2022-02-28,580.26036,374.94778,205.31258,0.00000,285,1,0,1,0.00000,0.00000,200.00000,0.00000,0,,0,0,0,0.00000,,0,0,0,0
2022-03-01,589.42178,383.66230,205.75948,0.00000,288,3,0,0,0.00000,0.00000,0.00000,0.00000,0,,0,0,0,0.00000,,0,0,0,0
2022-03-02,586.51694,380.75746,205.75948,0.00000,286,0,0,2,0.00000,0.00000,400.00000,0.00000,0,,0,0,0,0.00000,,0,0,0,0
2022-03-03,578.02587,380.75746,197.26841,0.00000,286,1,0,0,0.00000,0.00000,0.00000,0.00000,0,,0,0,0,0.00000,,0,0,0,0
2022-03-04,580.70726,383.43885,197.26841,0.00000,287,1,0,0,0.00000,0.00000,0.00000,0.00000,0,,0,0,0,0.00000,,0,0,0,0
2022-03-05,580.48381,383.21540,197.26841,0.00000,286,0,0,1,0.00000,0.00000,200.00000,0.00000,0,,0,0,0,0.00000,,0,0,0,0
2022-03-06,580.48381,383.21540,197.26841,0.00000,286,0,0,0,0.00000,0.00000,0.00000,0.00000,0,,0,0,0,0.00000,,0,0,0,0
2022-03-07,581.37761,383.43885,197.93876,0.00000,288,2,0,0,0.00000,0.00000,0.00000,0.00000,0,,0,0,0,0.00000,,0,0,0,0
2022-03-08,581.37761,383.43885,197.93876,0.00000,288,0,0,0,0.00000,0.00000,0.00000,0.00000,0,,0,0,0,0.00000,,0,0,0,0
2022-03-09,583.83555,385.89679,197.93876,0.00000,288,1,0,1,0.00000,0.00000,200.00000,0.00000,0,,0,0,0,0.00000,,0,0,0,0
2022-03-10,576.46173,378.52297,197.93876,0.00000,285,0,0,3,0.00000,0.00000,600.00000,0.00000,0,,0,0,0,0.00000,,0,0,0,0
2022-03-11,576.46173,378.52297,197.93876,0.00000,285,0,0,0,0.00000,0.00000,0.00000,0.00000,0,,0,0,0,0.00000,,0,0,0,0
2022-03-12,571.09895,373.16019,197.93876,0.00000,283,0,0,2,0.00000,0.00000,400.00000,0.00000,0,,0,0,0,0.00000,,0,0,0,0
2022-03-13,571.09895,373.16019,197.93876,0.00000,283,0,0,0,0.00000,0.00000,0.00000,0.00000,0,,0,0,0,0.00000,,0,0,0,0
2022-03-14,573.78034,375.84158,197.93876,0.00000,284,1,0,0,0.00000,0.00000,0.00000,0.00000,0,,0,0,0,0.00000,,0,0,0,0
2022-03-15,573.78034,375.84158,197.93876,0.00000,284,0,0,0,0.00000,0.00000,0.00000,0.00000,0,,0,0,0,0.00000,,0,0,0,0
2022-03-16,576.90863,378.74642,198.16221,0.00000,287,3,0,0,0.00000,0.00000,0.00000,0.00000,0,,0,0,0,0.00000,,0,0,0,0
2022-03-17,576.46173,378.29952,198.16221,0.00000,286,1,0,2,0.00000,0.00000,400.00000,0.00000,0,,0,0,0,0.00000,,0,0,0,0
2022-03-18,574.71138,378.52297,196.18841,0.00000,286,1,0,0,0.00000,0.00000,0.00000,0.00000,0,,0,0,0,0.00000,,0,0,0,0
2022-03-19,574.93482,378.74642,196.18841,0.00000,287,2,0,0,0.00000,0.00000,0.00000,0.00000,0,,0,0,0,0.00000,,0,0,0,0
2022-03-20,573.81758,378.29952,195.51806,0.00000,284,0,0,1,0.00000,0.00000,200.00000,0.00000,0,,0,0,0,0.00000,,0,0,0,0
2022-03-21,574.04103,378.29952,195.74151,0.00000,285,1,0,0,0.00000,0.00000,0.00000,0.00000,0,,0,0,0,0.00000,,0,0,0,0
2022-03-22,571.58309,375.84158,195.74151,0.00000,285,1,0,1,0.00000,0.00000,200.00000,0.00000,0,,0,0,0,0.00000,,0,0,0,0
2022-03-23,568.45480,372.71329,195.74151,0.00000,283,0,0,2,0.00000,0.00000,400.00000,0.00000,0,,0,0,0,0.00000,,0,0,0,0
2022-03-24,566.48100,372.71329,193.76771,0.00000,282,1,0,1,0.00000,0.00000,200.00000,0.00000,0,,0,0,0,0.00000,,0,0,0,0
2022-03-25,558.21338,372.71329,185.50009,0.00000,281,0,0,0,0.00000,0.00000,0.00000,0.00000,0,,0,0,0,0.00000,,0,0,0,0
2022-03-26,558.21338,372.71329,185.50009,0.00000,281,0,0,0,0.00000,0.00000,0.00000,0.00000,0,,0,0,0,0.00000,,0,0,0,0
2022-03-27,559.10717,373.83053,185.27664,0.00000,279,1,0,2,0.00000,0.00000,400.00000,0.00000,0,,0,0,0,0.00000,,0,0,0,0
2022-03-28,559.10717,373.83053,185.27664,0.00000,279,0,0,0,0.00000,0.00000,0.00000,0.00000,0,,0,0,0,0.00000,,0,0,0,0
2022-03-29,559.33062,373.83053,185.50009,0.00000,280,1,0,0,0.00000,0.00000,0.00000,0.00000,0,,0,0,0,0.00000,,0,0,0,0
2022-03-30,561.30442,373.83053,187.47389,0.00000,281,1,0,0,0.00000,0.00000,0.00000,0.00000,0,,0,0,0,0.00000,,0,0,0,0
2022-03-31,566.66720,379.19332,187.47389,0.00000,283,2,0,0,0.00000,0.00000,0.00000,0.00000,0,,0,0,0,0.00000,,0,0,0,0
2022-04-01,569.34859,381.87471,187.47389,0.00000,284,2,0,1,0.00000,0.00000,200.00000,0.00000,0,,0,0,0,0.00000,,0,0,0,0
2022-04-02,569.12515,381.65126,187.47389,0.00000,283,0,0,1,0.00000,0.00000,200.00000,0.00000,0,,0,0,0,0.00000,,0,0,0,0
2022-04-03,568.67825,381.20436,187.47389,0.00000,282,0,0,1,0.00000,0.00000,200.00000,0.00000,0,,0,0,0,0.00000,,0,0,0,0
2022-04-04,568.23135,381.20436,187.02699,0.00000,281,0,0,0,0.00000,0.00000,0.00000,0.00000,0,,0,0,0,0.00000,,0,0,0,0
2022-04-05,567.78445,380.75746,187.02699,0.00000,280,0,0,1,0.00000,0.00000,200.00000,0.00000,0,,0,0,0,0.00000,,0,0,0,0
2022-04-06,568.00790,380.98091,187.02699,0.00000,281,1,0,0,0.00000,0.00000,0.00000,0.00000,0,,0,0,0,0.00000,,0,0,0,0
2022-04-07,570.68929,383.66230,187.02699,0.00000,282,1,0,0,0.00000,0.00000,0.00000,0.00000,0,,0,0,0,0.00000,,0,0,0,0
2022-04-08,569.98170,380.98091,189.00079,0.00000,282,1,0,1,0.00000,0.00000,200.00000,0.00000,0,,0,0,0,0.00000,,0,0,0,0
2022-04-09,574.63689,383.66230,190.97459,0.00000,284,2,0,0,0.00000,0.00000,0.00000,0.00000,0,,0,0,0,0.00000,,0,0,0,0
2022-04-10,574.63689,383.66230,190.97459,0.00000,284,0,0,0,0.00000,0.00000,0.00000,0.00000,0,,0,0,0,0.00000,,0,0,0,0
2022-04-11,576.87138,386.34369,190.52769,0.00000,284,2,0,1,0.00000,0.00000,200.00000,0.00000,0,,0,0,0,0.00000,,0,0,0,0
2022-04-12,584.87831,384.10920,200.76912,0.00000,286,4,0,1,0.00000,0.00000,200.00000,0.00000,0,,0,0,0,0.00000,,0,0,0,0
2022-04-13,587.55971,386.79059,200.76912,0.00000,287,1,0,0,0.00000,0.00000,0.00000,0.00000,0,,0,0,0,0.00000,,0,0,0,0
2022-04-14,588.00660,386.79059,201.21601,0.00000,288,1,0,0,0.00000,0.00000,0.00000,0.00000,0,,0,0,0,0.00000,,0,0,0,0
2022-04-15,593.36938,392.15337,201.21601,0.00000,290,2,0,0,0.00000,0.00000,0.00000,0.00000,0,,0,0,0,0.00000,,0,0,0,0
2022-04-16,592.69904,392.15337,200.54567,0.00000,289,0,0,0,0.00000,0.00000,0.00000,0.00000,0,,0,0,0,0.00000,,0,0,0,0
2022-04-17,592.47559,391.92992,200.54567,0.00000,288,0,0,1,0.00000,0.00000,200.00000,0.00000,0,,0,0,0,0.00000,,0,0,0,0
2022-04-18,597.83837,397.51615,200.32222,0.00000,287,2,0,2,0.00000,0.00000,400.00000,0.00000,0,,0,0,0,0.00000,,0,0,0,0
2022-04-19,597.83837,397.51615,200.32222,0.00000,287,0,0,0,0.00000,0.00000,0.00000,0.00000,0,,0,0,0,0.00000,,0,0,0,0
2022-04-20,606.55289,406.23067,200.32222,0.00000,289,2,0,0,0.00000,0.00000,0.00000,0.00000,0,,0,0,0,0.00000,,0,0,0,0
2022-04-21,605.39840,403.54928,201.84912,0.00000,288,1,0,1,0.00000,0.00000,200.00000,0.00000,0,,0,0,0,0.00000,,0,0,0,0
2022-04-22,607.37220,403.54928,203.82292,0.00000,289,1,0,0,0.00000,0.00000,0.00000,0.00000,0,,0,0,0,0.00000,,0,0,0,0
2022-04-23,604.69081,400.86789,203.82292,0.00000,288,0,0,1,0.00000,0.00000,200.00000,0.00000,0,,0,0,0,0.00000,,0,0,0,0
2022-04-24,597.13078,403.54928,193.58150,0.00000,287,1,0,0,0.00000,0.00000,0.00000,0.00000,0,,0,0,0,0.00000,,0,0,0,0
2022-04-25,597.13078,403.54928,193.58150,0.00000,287,0,0,0,0.00000,0.00000,0.00000,0.00000,0,,0,0,0,0.00000,,0,0,0,0
2022-04-26,597.61492,406.00722,191.60770,0.00000,286,1,0,1,0.00000,0.00000,200.00000,0.00000,0,,0,0,0,0.00000,,0,0,0,0
2022-04-27,597.39147,405.78377,191.60770,0.00000,285,0,0,1,0.00000,0.00000,200.00000,0.00000,0,,0,0,0,0.00000,,0,0,0,0
2022-04-28,600.07286,408.46516,191.60770,0.00000,286,1,0,0,0.00000,0.00000,0.00000,0.00000,0,,0,0,0,0.00000,,0,0,0,0
2022-04-29,600.74321,408.46516,192.27805,0.00000,287,1,0,0,0.00000,0.00000,0.00000,0.00000,0,,0,0,0,0.00000,,0,0,0,0
2022-04-30,600.74321,408.46516,192.27805,0.00000,287,0,0,0,0.00000,0.00000,0.00000,0.00000,0,,0,0,0,0.00000,,0,0,0,0
2022-05-01,611.69222,419.41417,192.27805,0.00000,289,2,0,0,0.00000,0.00000,0.00000,0.00000,0,,0,0,0,0.00000,,0,0,0,0
2022-05-02,616.60810,424.33006,192.27805,0.00000,290,2,0,1,0.00000,0.00000,200.00000,0.00000,0,,0,0,0,0.00000,,0,0,0,0
2022-05-03,619.73639,427.45835,192.27805,0.00000,293,3,0,0,0.00000,0.00000,0.00000,0.00000,0,,0,0,0,0.00000,,0,0,0,0
2022-05-04,614.37361,430.13974,184.23387,0.00000,294,2,0,0,0.00000,0.00000,0.00000,0.00000,0,,0,0,0,0.00000,,0,0,0,0
2022-05-05,614.59706,430.36319,184.23387,0.00000,295,1,0,0,0.00000,0.00000,0.00000,0.00000,0,,0,0,0,0.00000,,0,0,0,0
2022-05-06,613.07016,430.36319,182.70697,0.00000,295,1,0,0,0.00000,0.00000,0.00000,0.00000,0,,0,0,0,0.00000,,0,0,0,0
2022-05-07,618.43294,435.72597,182.70697,0.00000,297,2,0,0,0.00000,0.00000,0.00000,0.00000,0,,0,0,0,0.00000,,0,0,0,0
2022-05-08,618.43294,435.72597,182.70697,0.00000,297,0,0,0,0.00000,0.00000,0.00000,0.00000,0,,0,0,0,0.00000,,0,0,0,0
2022-05-09,616.45914,435.72597,180.73317,0.00000,296,1,0,1,0.00000,0.00000,200.00000,0.00000,0,,0,0,0,0.00000,,0,0,0,0
2022-05-10,613.33085,432.59768,180.73317,0.00000,294,0,0,2,0.00000,0.00000,400.00000,0.00000,0,,0,0,0,0.00000,,0,0,0,0
2022-05-11,612.88395,432.15078,180.73317,0.00000,293,0,0,1,0.00000,0.00000,200.00000,0.00000,0,,0,0,0,0.00000,,0,0,0,0
2022-05-12,612.88395,432.15078,180.73317,0.00000,293,0,0,0,0.00000,0.00000,0.00000,0.00000,0,,0,0,0,0.00000,,0,0,0,0
2022-05-13,613.55430,432.15078,181.40352,0.00000,294,1,0,0,0.00000,0.00000,0.00000,0.00000,0,,0,0,0,0.00000,,0,0,0,0
2022-05-14,614.22465,432.82113,181.40352,0.00000,295,3,0,2,0.00000,0.00000,400.00000,0.00000,0,,0,0,0,0.00000,,0,0,0,0
2022-05-15,605.06323,432.59768,172.46555,0.00000,293,0,0,1,0.00000,0.00000,200.00000,0.00000,0,,0,0,0,0.00000,,0,0,0,0
2022-05-16,601.52528,431.03353,170.49175,0.00000,291,0,0,1,0.00000,0.00000,200.00000,0.00000,0,,0,0,0,0.00000,,0,0,0,0
2022-05-17,608.67566,438.18391,170.49175,0.00000,293,2,0,0,0.00000,0.00000,0.00000,0.00000,0,,0,0,0,0.00000,,0,0,0,0
2022-05-18,608.26600,439.74805,168.51795,0.00000,292,1,0,1,0.00000,0.00000,200.00000,0.00000,0,,0,0,0,0.00000,,0,0,0,0
2022-05-19,608.04255,439.52460,168.51795,0.00000,291,0,0,1,0.00000,0.00000,200.00000,0.00000,0,,0,0,0,0.00000,,0,0,0,0
2022-05-20,608.26600,439.74805,168.51795,0.00000,292,1,0,0,0.00000,0.00000,0.00000,0.00000,0,,0,0,0,0.00000,,0,0,0,0
2022-05-21,612.92119,442.42944,170.49175,0.00000,294,2,0,0,0.00000,0.00000,0.00000,0.00000,0,,0,0,0,0.00000,,0,0,0,0
2022-05-22,612.47429,441.98255,170.49175,0.00000,293,0,0,1,0.00000,0.00000,200.00000,0.00000,0,,0,0,0,0.00000,,0,0,0,0
2022-05-23,612.47429,441.98255,170.49175,0.00000,293,0,0,0,0.00000,0.00000,0.00000,0.00000,0,,0,0,0,0.00000,,0,0,0,0
2022-05-24,612.47429,441.98255,170.49175,0.00000,293,0,0,0,0.00000,0.00000,0.00000,0.00000,0,,0,0,0,0.00000,,0,0,0,0
2022-05-25,612.47429,441.98255,170.49175,0.00000,293,1,0,1,0.00000,0.00000,200.00000,0.00000,0,,0,0,0,0.00000,,0,0,0,0
2022-05-26,617.16673,446.67498,170.49175,0.00000,295,2,0,0,0.00000,0.00000,0.00000,0.00000,0,,0,0,0,0.00000,,0,0,0,0
2022-05-27,615.19293,446.67498,168.51795,0.00000,294,0,0,0,0.00000,0.00000,0.00000,0.00000,0,,0,0,0,0.00000,,0,0,0,0
2022-05-28,637.76130,469.24335,168.51795,0.00000,297,3,0,0,0.00000,0.00000,0.00000,0.00000,0,,0,0,0,0.00000,,0,0,0,0
2022-05-29,640.44269,471.92474,168.51795,0.00000,298,1,0,0,0.00000,0.00000,0.00000,0.00000,0,,0,0,0,0.00000,,0,0,0,0
2022-05-30,646.02892,469.24335,176.78557,0.00000,298,1,0,1,0.00000,0.00000,200.00000,0.00000,0,,0,0,0,0.00000,,0,0,0,0
2022-05-31,644.27856,469.46680,174.81177,0.00000,297,1,0,1,0.00000,0.00000,200.00000,0.00000,0,,0,0,0,0.00000,,0,0,0,0
2022-06-01,643.83167,469.46680,174.36487,0.00000,296,0,0,0,0.00000,0.00000,0.00000,0.00000,0,,0,0,0,0.00000,,0,0,0,0
2022-06-02,641.15028,466.78541,174.36487,0.00000,295,0,0,1,0.00000,0.00000,200.00000,0.00000,0,,0,0,0,0.00000,,0,0,0,0
2022-06-03,637.64957,466.78541,170.86416,0.00000,294,1,0,0,0.00000,0.00000,0.00000,0.00000,0,,0,0,0,0.00000,,0,0,0,0
2022-06-04,641.18752,468.34955,172.83796,0.00000,296,3,0,1,0.00000,0.00000,200.00000,0.00000,0,,0,0,0,0.00000,,0,0,0,0
2022-06-05,642.52821,461.19918,181.32903,0.00000,296,2,0,2,0.00000,0.00000,400.00000,0.00000,0,,0,0,0,0.00000,,0,0,0,0
2022-06-06,645.20960,463.88057,181.32903,0.00000,297,1,0,0,0.00000,0.00000,0.00000,0.00000,0,,0,0,0,0.00000,,0,0,0,0
2022-06-07,645.20960,463.88057,181.32903,0.00000,297,0,0,0,0.00000,0.00000,0.00000,0.00000,0,,0,0,0,0.00000,,0,0,0,0
2022-06-08,652.35998,471.03094,181.32903,0.00000,299,2,0,0,0.00000,0.00000,0.00000,0.00000,0,,0,0,0,0.00000,,0,0,0,0
2022-06-09,655.04137,473.71233,181.32903,0.00000,300,1,0,0,0.00000,0.00000,0.00000,0.00000,0,,0,0,0,0.00000,,0,0,0,0
2022-06-10,651.24273,469.91370,181.32903,0.00000,299,1,0,2,0.00000,0.00000,400.00000,0.00000,0,,0,0,0,0.00000,,0,0,0,0
2022-06-11,651.01928,469.69025,181.32903,0.00000,298,0,0,1,0.00000,0.00000,200.00000,0.00000,0,,0,0,0,0.00000,,0,0,0,0
2022-06-12,649.26893,469.91370,179.35523,0.00000,298,1,0,0,0.00000,0.00000,0.00000,0.00000,0,,0,0,0,0.00000,,0,0,0,0
2022-06-13,649.26893,469.91370,179.35523,0.00000,298,0,0,0,0.00000,0.00000,0.00000,0.00000,0,,0,0,0,0.00000,,0,0,0,0
2022-06-14,647.74203,470.36060,177.38143,0.00000,298,2,0,1,0.00000,0.00000,200.00000,0.00000,0,,0,0,0,0.00000,,0,0,0,0
2022-06-15,635.00542,466.11506,168.89036,0.00000,296,1,0,2,0.00000,0.00000,400.00000,0.00000,0,,0,0,0,0.00000,,0,0,0,0
2022-06-16,635.48956,469.01990,166.46966,0.00000,296,2,0,0,0.00000,0.00000,0.00000,0.00000,0,,0,0,0,0.00000,,0,0,0,0
2022-06-17,631.46748,464.99781,166.46966,0.00000,296,1,0,1,0.00000,0.00000,200.00000,0.00000,0,,0,0,0,0.00000,,0,0,0,0
2022-06-18,629.49367,464.99781,164.49586,0.00000,295,0,0,0,0.00000,0.00000,0.00000,0.00000,0,,0,0,0,0.00000,,0,0,0,0
2022-06-19,629.94057,464.99781,164.94276,0.00000,296,1,0,0,0.00000,0.00000,0.00000,0.00000,0,,0,0,0,0.00000,,0,0,0,0
2022-06-20,627.25918,462.31642,164.94276,0.00000,295,0,0,1,0.00000,0.00000,200.00000,0.00000,0,,0,0,0,0.00000,,0,0,0,0
2022-06-21,627.03573,462.31642,164.71931,0.00000,294,0,0,0,0.00000,0.00000,0.00000,0.00000,0,,0,0,0,0.00000,,0,0,0,0
2022-06-22,626.81228,462.09297,164.71931,0.00000,293,0,0,1,0.00000,0.00000,200.00000,0.00000,0,,0,0,0,0.00000,,0,0,0,0
2022-06-23,626.81228,462.09297,164.71931,0.00000,293,0,0,0,0.00000,0.00000,0.00000,0.00000,0,,0,0,0,0.00000,,0,0,0,0
2022-06-24,635.07991,470.36060,164.71931,0.00000,294,1,0,0,0.00000,0.00000,0.00000,0.00000,0,,0,0,0,0.00000,,0,0,0,0
2022-06-25,641.11303,476.39372,164.71931,0.00000,295,1,0,0,0.00000,0.00000,0.00000,0.00000,0,,0,0,0,0.00000,,0,0,0,0
2022-06-26,645.76823,478.85167,166.91656,0.00000,296,3,0,1,0.00000,0.00000,200.00000,0.00000,0,,0,0,0,0.00000,,0,0,0,0
2022-06-27,646.21512,479.29856,166.91656,0.00000,297,1,0,0,0.00000,0.00000,0.00000,0.00000,0,,0,0,0,0.00000,,0,0,0,0
2022-06-28,654.92964,479.29856,175.63108,0.00000,299,2,0,0,0.00000,0.00000,0.00000,0.00000,0,,0,0,0,0.00000,,0,0,0,0
2022-06-29,646.66202,471.03094,175.63108,0.00000,298,0,0,1,0.00000,0.00000,200.00000,0.00000,0,,0,0,0,0.00000,,0,0,0,0
2022-06-30,647.77927,472.14819,175.63108,0.00000,298,1,0,1,0.00000,0.00000,200.00000,0.00000,0,,0,0,0,0.00000,,0,0,0,0
2022-07-01,647.77927,472.59509,175.18418,0.00000,298,1,0,0,0.00000,0.00000,0.00000,0.00000,0,,0,0,0,0.00000,,0,0,0,0
2022-07-02,650.01376,475.27648,174.73728,0.00000,298,1,0,0,0.00000,0.00000,0.00000,0.00000,0,,0,0,0,0.00000,,0,0,0,0
2022-07-03,651.80135,477.06407,174.73728,0.00000,299,2,0,1,0.00000,0.00000,200.00000,0.00000,0,,0,0,0,0.00000,,0,0,0,0
2022-07-04,651.80135,477.06407,174.73728,0.00000,299,0,0,0,0.00000,0.00000,0.00000,0.00000,0,,0,0,0,0.00000,,0,0,0,0
2022-07-05,655.59999,480.63926,174.96073,0.00000,304,5,0,0,0.00000,0.00000,0.00000,0.00000,0,,0,0,0,0.00000,,0,0,0,0
2022-07-06,655.59999,480.63926,174.96073,0.00000,304,1,0,1,0.00000,0.00000,200.00000,0.00000,0,,0,0,0,0.00000,,0,0,0,0
2022-07-07,654.07309,480.63926,173.43383,0.00000,304,1,0,0,0.00000,0.00000,0.00000,0.00000,0,,0,0,0,0.00000,,0,0,0,0
2022-07-08,657.20138,483.76755,173.43383,0.00000,303,1,0,2,0.00000,0.00000,400.00000,0.00000,0,,0,0,0,0.00000,,0,0,0,0
2022-07-09,659.88277,486.44894,173.43383,0.00000,304,2,0,1,0.00000,0.00000,200.00000,0.00000,0,,0,0,0,0.00000,,0,0,0,0
2022-07-10,659.88277,486.44894,173.43383,0.00000,304,0,0,0,0.00000,0.00000,0.00000,0.00000,0,,0,0,0,0.00000,,0,0,0,0
2022-07-11,657.20138,483.76755,173.43383,0.00000,303,0,0,1,0.00000,0.00000,200.00000,0.00000,0,,0,0,0,0.00000,,0,0,0,0
2022-07-12,658.76552,485.33169,173.43383,0.00000,304,1,0,0,0.00000,0.00000,0.00000,0.00000,0,,0,0,0,0.00000,,0,0,0,0
2022-07-13,661.67036,488.23653,173.43383,0.00000,306,2,0,0,0.00000,0.00000,0.00000,0.00000,0,,0,0,0,0.00000,,0,0,0,0
2022-07-14,658.76552,494.26966,164.49586,0.00000,306,1,0,0,0.00000,0.00000,0.00000,0.00000,0,,0,0,0,0.00000,,0,0,0,0
2022-07-15,654.96688,490.47102,164.49586,0.00000,305,1,0,2,0.00000,0.00000,400.00000,0.00000,0,,0,0,0,0.00000,,0,0,0,0
2022-07-16,659.65932,495.16346,164.49586,0.00000,307,2,0,0,0.00000,0.00000,0.00000,0.00000,0,,0,0,0,0.00000,,0,0,0,0
2022-07-17,659.92001,497.84485,162.07516,0.00000,306,1,0,0,0.00000,0.00000,0.00000,0.00000,0,,0,0,0,0.00000,,0,0,0,0
2022-07-18,659.92001,497.84485,162.07516,0.00000,306,0,0,0,0.00000,0.00000,0.00000,0.00000,0,,0,0,0,0.00000,,0,0,0,0
2022-07-19,657.94621,497.84485,160.10136,0.00000,305,0,0,0,0.00000,0.00000,0.00000,0.00000,0,,0,0,0,0.00000,,0,0,0,0
2022-07-20,655.26482,495.16346,160.10136,0.00000,304,0,0,1,0.00000,0.00000,200.00000,0.00000,0,,0,0,0,0.00000,,0,0,0,0
2022-07-21,655.26482,494.94001,160.32481,0.00000,304,1,0,1,0.00000,0.00000,200.00000,0.00000,0,,0,0,0,0.00000,,0,0,0,0
2022-07-22,662.41519,502.09038,160.32481,0.00000,306,2,0,0,0.00000,0.00000,0.00000,0.00000,0,,0,0,0,0.00000,,0,0,0,0
2022-07-23,662.41519,502.09038,160.32481,0.00000,306,0,0,0,0.00000,0.00000,0.00000,0.00000,0,,0,0,0,0.00000,,0,0,0,0
2022-07-24,662.86209,502.53728,160.32481,0.00000,307,1,0,0,0.00000,0.00000,0.00000,0.00000,0,,0,0,0,0.00000,,0,0,0,0
2022-07-25,665.54348,505.21867,160.32481,0.00000,308,1,0,0,0.00000,0.00000,0.00000,0.00000,0,,0,0,0,0.00000,,0,0,0,0
2022-07-26,667.77797,507.00627,160.77171,0.00000,311,3,0,0,0.00000,0.00000,0.00000,0.00000,0,,0,0,0,0.00000,,0,0,0,0
2022-07-27,657.31310,498.51520,158.79791,0.00000,308,0,0,2,0.00000,0.00000,400.00000,0.00000,0,,0,0,0,0.00000,,0,0,0,0
2022-07-28,654.63171,495.83381,158.79791,0.00000,307,0,0,1,0.00000,0.00000,200.00000,0.00000,0,,0,0,0,0.00000,,0,0,0,0
2022-07-29,655.07861,495.83381,159.24480,0.00000,308,1,0,0,0.00000,0.00000,0.00000,0.00000,0,,0,0,0,0.00000,,0,0,0,0
2022-07-30,655.30206,495.83381,159.46825,0.00000,309,1,0,0,0.00000,0.00000,0.00000,0.00000,0,,0,0,0,0.00000,,0,0,0,0
2022-07-31,655.30206,495.83381,159.46825,0.00000,309,0,0,0,0.00000,0.00000,0.00000,0.00000,0,,0,0,0,0.00000,,0,0,0,0
2022-08-01,655.52551,495.83381,159.69170,0.00000,310,1,0,0,0.00000,0.00000,0.00000,0.00000,0,,0,0,0,0.00000,,0,0,0,0
2022-08-02,658.02069,491.36482,166.65587,0.00000,309,1,0,1,0.00000,0.00000,200.00000,0.00000,0,,0,0,0,0.00000,,0,0,0,0
2022-08-03,678.13112,511.47525,166.65587,0.00000,315,6,0,0,0.00000,0.00000,0.00000,0.00000,0,,0,0,0,0.00000,,0,0,0,0
2022-08-04,686.39874,519.29597,167.10277,0.00000,316,2,0,1,0.00000,0.00000,200.00000,0.00000,0,,0,0,0,0.00000,,0,0,0,0
2022-08-05,695.78361,519.29597,176.48764,0.00000,318,2,0,0,0.00000,0.00000,0.00000,0.00000,0,,0,0,0,0.00000,,0,0,0,0
2022-08-06,692.87877,516.39113,176.48764,0.00000,316,0,0,2,0.00000,0.00000,400.00000,0.00000,0,,0,0,0,0.00000,,0,0,0,0
2022-08-07,692.87877,516.39113,176.48764,0.00000,316,0,0,0,0.00000,0.00000,0.00000,0.00000,0,,0,0,0,0.00000,,0,0,0,0
2022-08-08,702.26364,517.73183,184.53181,0.00000,316,3,0,2,0.00000,0.00000,400.00000,0.00000,0,,0,0,0,0.00000,,0,0,0,0
2022-08-09,710.97815,518.17873,192.79943,0.00000,318,2,0,0,0.00000,0.00000,0.00000,0.00000,0,,0,0,0,0.00000,,0,0,0,0
2022-08-10,719.91612,518.17873,201.73740,0.00000,319,1,0,0,0.00000,0.00000,0.00000,0.00000,0,,0,0,0,0.00000,,0,0,0,0
2022-08-11,722.59751,520.86012,201.73740,0.00000,320,1,0,0,0.00000,0.00000,0.00000,0.00000,0,,0,0,0,0.00000,,0,0,0,0
2022-08-12,725.27890,523.54151,201.73740,0.00000,321,1,0,0,0.00000,0.00000,0.00000,0.00000,0,,0,0,0,0.00000,,0,0,0,0
2022-08-13,740.28724,532.25603,208.03122,0.00000,323,4,0,1,0.00000,0.00000,200.00000,0.00000,0,,0,0,0,0.00000,,0,0,0,0
2022-08-14,743.19208,534.93742,208.25467,0.00000,325,2,0,0,0.00000,0.00000,0.00000,0.00000,0,,0,0,0,0.00000,,0,0,0,0
2022-08-15,743.19208,534.93742,208.25467,0.00000,325,0,0,0,0.00000,0.00000,0.00000,0.00000,0,,0,0,0,0.00000,,0,0,0,0
2022-08-16,742.74518,534.49052,208.25467,0.00000,324,0,0,1,0.00000,0.00000,200.00000,0.00000,0,,0,0,0,0.00000,,0,0,0,0
2022-08-17,742.74518,534.49052,208.25467,0.00000,324,0,0,0,0.00000,0.00000,0.00000,0.00000,0,,0,0,0,0.00000,,0,0,0,0
2022-08-18,748.33141,540.07675,208.25467,0.00000,327,3,0,0,0.00000,0.00000,0.00000,0.00000,0,,0,0,0,0.00000,,0,0,0,0
2022-08-19,752.76316,542.98159,209.78157,0.00000,329,3,0,0,0.00000,0.00000,0.00000,0.00000,0,,0,0,0,0.00000,,0,0,0,0
2022-08-20,761.70113,542.98159,218.71954,0.00000,330,1,0,0,0.00000,0.00000,0.00000,0.00000,0,,0,0,0,0.00000,,0,0,0,0
2022-08-21,764.38252,545.66298,218.71954,0.00000,331,1,0,0,0.00000,0.00000,0.00000,0.00000,0,,0,0,0,0.00000,,0,0,0,0
2022-08-22,765.94666,547.22712,218.71954,0.00000,332,2,0,0,0.00000,0.00000,0.00000,0.00000,0,,0,0,0,0.00000,,0,0,0,0
2022-08-23,765.94666,547.22712,218.71954,0.00000,332,0,0,0,0.00000,0.00000,0.00000,0.00000,0,,0,0,0,0.00000,,0,0,0,0
2022-08-24,765.94666,547.22712,218.71954,0.00000,332,0,0,0,0.00000,0.00000,0.00000,0.00000,0,,0,0,0,0.00000,,0,0,0,0
2022-08-25,765.94666,547.22712,218.71954,0.00000,332,0,0,0,0.00000,0.00000,0.00000,0.00000,0,,0,0,0,0.00000,,0,0,0,0
2022-08-26,765.49976,546.78023,218.71954,0.00000,331,0,0,1,0.00000,0.00000,200.00000,0.00000,0,,0,0,0,0.00000,,0,0,0,0
2022-08-27,765.05286,546.33333,218.71954,0.00000,329,1,0,3,0.00000,0.00000,600.00000,0.00000,0,,0,0,0,0.00000,,0,0,0,0
2022-08-28,763.71217,544.99263,218.71954,0.00000,328,1,0,2,0.00000,0.00000,400.00000,0.00000,0,,0,0,0,0.00000,,0,0,0,0
2022-08-29,763.71217,544.99263,218.71954,0.00000,328,0,0,0,0.00000,0.00000,0.00000,0.00000,0,,0,0,0,0.00000,,0,0,0,0
2022-08-30,768.18115,549.46162,218.71954,0.00000,329,1,0,0,0.00000,0.00000,0.00000,0.00000,0,,0,0,0,0.00000,,0,0,0,0
2022-08-31,768.18115,549.46162,218.71954,0.00000,329,0,0,0,0.00000,0.00000,0.00000,0.00000,0,,0,0,0,0.00000,,0,0,0,0
2022-09-01,761.55216,546.78023,214.77193,0.00000,326,0,0,1,0.00000,0.00000,200.00000,0.00000,0,,0,0,0,0.00000,,0,0,0,0
2022-09-02,761.55216,546.78023,214.77193,0.00000,326,0,0,0,0.00000,0.00000,0.00000,0.00000,0,,0,0,0,0.00000,,0,0,0,0
2022-09-03,756.18938,541.41744,214.77193,0.00000,324,0,0,2,0.00000,0.00000,400.00000,0.00000,0,,0,0,0,0.00000,,0,0,0,0
2022-09-04,756.18938,541.41744,214.77193,0.00000,324,0,0,0,0.00000,0.00000,0.00000,0.00000,0,,0,0,0,0.00000,,0,0,0,0
2022-09-05,753.76868,540.97055,212.79813,0.00000,321,0,0,2,0.00000,0.00000,400.00000,0.00000,0,,0,0,0,0.00000,,0,0,0,0
2022-09-06,760.91905,548.12092,212.79813,0.00000,323,2,0,0,0.00000,0.00000,0.00000,0.00000,0,,0,0,0,0.00000,,0,0,0,0
2022-09-07,760.91905,548.12092,212.79813,0.00000,323,0,0,0,0.00000,0.00000,0.00000,0.00000,0,,0,0,0,0.00000,,0,0,0,0
2022-09-08,758.23766,545.43953,212.79813,0.00000,322,0,0,1,0.00000,0.00000,200.00000,0.00000,0,,0,0,0,0.00000,,0,0,0,0
2022-09-09,758.68456,545.43953,213.24503,0.00000,323,1,0,0,0.00000,0.00000,0.00000,0.00000,0,,0,0,0,0.00000,,0,0,0,0
2022-09-10,758.90801,545.66298,213.24503,0.00000,324,1,0,0,0.00000,0.00000,0.00000,0.00000,0,,0,0,0,0.00000,,0,0,0,0
2022-09-11,768.03219,552.81335,215.21883,0.00000,327,3,0,0,0.00000,0.00000,0.00000,0.00000,0,,0,0,0,0.00000,,0,0,0,0
2022-09-12,768.03219,552.81335,215.21883,0.00000,327,0,0,0,0.00000,0.00000,0.00000,0.00000,0,,0,0,0,0.00000,,0,0,0,0
2022-09-13,775.85291,560.85753,214.99538,0.00000,329,3,0,0,0.00000,0.00000,0.00000,0.00000,0,,0,0,0,0.00000,,0,0,0,0
2022-09-14,778.31085,563.76237,214.54848,0.00000,330,2,0,0,0.00000,0.00000,0.00000,0.00000,0,,0,0,0,0.00000,,0,0,0,0
2022-09-15,776.33705,564.20926,212.12778,0.00000,329,2,0,0,0.00000,0.00000,0.00000,0.00000,0,,0,0,0,0.00000,,0,0,0,0
2022-09-16,776.56050,564.20926,212.35123,0.00000,330,1,0,0,0.00000,0.00000,0.00000,0.00000,0,,0,0,0,0.00000,,0,0,0,0
2022-09-17,776.56050,564.20926,212.35123,0.00000,330,0,0,0,0.00000,0.00000,0.00000,0.00000,0,,0,0,0,0.00000,,0,0,0,0
2022-09-18,776.33705,563.98582,212.35123,0.00000,329,0,0,1,0.00000,0.00000,200.00000,0.00000,0,,0,0,0,0.00000,,0,0,0,0
2022-09-19,771.86807,559.51683,212.35123,0.00000,328,0,0,1,0.00000,0.00000,200.00000,0.00000,0,,0,0,0,0.00000,,0,0,0,0
2022-09-20,771.86807,559.51683,212.35123,0.00000,328,0,0,0,0.00000,0.00000,0.00000,0.00000,0,,0,0,0,0.00000,,0,0,0,0
2022-09-21,769.18667,556.83544,212.35123,0.00000,327,0,0,1,0.00000,0.00000,200.00000,0.00000,0,,0,0,0,0.00000,,0,0,0,0
2022-09-22,777.45430,556.83544,220.61886,0.00000,328,2,0,1,0.00000,0.00000,200.00000,0.00000,0,,0,0,0,0.00000,,0,0,0,0
2022-09-23,777.45430,556.83544,220.61886,0.00000,328,0,0,0,0.00000,0.00000,0.00000,0.00000,0,,0,0,0,0.00000,,0,0,0,0
2022-09-24,794.65989,565.10306,229.55682,0.00000,330,2,0,0,0.00000,0.00000,0.00000,0.00000,0,,0,0,0,0.00000,,0,0,0,0
2022-09-25,796.63369,565.10306,231.53062,0.00000,331,1,0,0,0.00000,0.00000,0.00000,0.00000,0,,0,0,0,0.00000,,0,0,0,0
2022-09-26,795.10678,565.10306,230.00372,0.00000,331,1,0,0,0.00000,0.00000,0.00000,0.00000,0,,0,0,0,0.00000,,0,0,0,0
2022-09-27,795.10678,565.10306,230.00372,0.00000,331,1,0,1,0.00000,0.00000,200.00000,0.00000,0,,0,0,0,0.00000,,0,0,0,0
2022-09-28,799.57577,569.57205,230.00372,0.00000,332,1,0,0,0.00000,0.00000,0.00000,0.00000,0,,0,0,0,0.00000,,0,0,0,0
2022-09-29,802.25716,572.25344,230.00372,0.00000,333,1,0,0,0.00000,0.00000,0.00000,0.00000,0,,0,0,0,0.00000,,0,0,0,0
2022-09-30,802.25716,572.25344,230.00372,0.00000,333,1,0,1,0.00000,0.00000,200.00000,0.00000,0,,0,0,0,0.00000,,0,0,0,0
2022-10-01,802.48061,572.47689,230.00372,0.00000,333,1,0,1,0.00000,0.00000,200.00000,0.00000,0,,0,0,0,0.00000,,0,0,0,0
2022-10-02,802.92751,572.47689,230.45062,0.00000,334,1,0,0,0.00000,0.00000,0.00000,0.00000,0,,0,0,0,0.00000,,0,0,0,0
2022-10-03,808.96063,577.83967,231.12097,0.00000,334,2,0,2,0.00000,0.00000,400.00000,0.00000,0,,0,0,0,0.00000,,0,0,0,0
2022-10-04,807.84339,576.27552,231.56787,0.00000,334,1,0,1,0.00000,0.00000,200.00000,0.00000,0,,0,0,0,0.00000,,0,0,0,0
2022-10-05,812.49858,578.95691,233.54167,0.00000,336,2,0,0,0.00000,0.00000,0.00000,0.00000,0,,0,0,0,0.00000,,0,0,0,0
2022-10-06,820.98965,579.18036,241.80929,0.00000,337,2,0,1,0.00000,0.00000,200.00000,0.00000,0,,0,0,0,0.00000,,0,0,0,0
2022-10-07,812.72203,579.18036,233.54167,0.00000,336,0,0,0,0.00000,0.00000,0.00000,0.00000,0,,0,0,0,0.00000,,0,0,0,0
2022-10-08,811.41858,579.18036,232.23821,0.00000,336,1,0,0,0.00000,0.00000,0.00000,0.00000,0,,0,0,0,0.00000,,0,0,0,0
2022-10-09,816.55791,584.31969,232.23821,0.00000,337,2,0,1,0.00000,0.00000,200.00000,0.00000,0,,0,0,0,0.00000,,0,0,0,0
2022-10-10,816.55791,584.31969,232.23821,0.00000,337,0,0,0,0.00000,0.00000,0.00000,0.00000,0,,0,0,0,0.00000,,0,0,0,0
2022-10-11,819.23930,587.00108,232.23821,0.00000,338,1,0,0,0.00000,0.00000,0.00000,0.00000,0,,0,0,0,0.00000,,0,0,0,0
2022-10-12,813.87652,581.63830,232.23821,0.00000,336,1,0,2,0.00000,0.00000,400.00000,0.00000,0,,0,0,0,0.00000,,0,0,0,0
2022-10-13,813.87652,581.63830,232.23821,0.00000,336,1,0,1,0.00000,0.00000,200.00000,0.00000,0,,0,0,0,0.00000,,0,0,0,0
2022-10-14,812.31237,580.07416,232.23821,0.00000,335,0,0,1,0.00000,0.00000,200.00000,0.00000,0,,0,0,0,0.00000,,0,0,0,0
2022-10-15,811.64203,580.07416,231.56787,0.00000,334,0,0,0,0.00000,0.00000,0.00000,0.00000,0,,0,0,0,0.00000,,0,0,0,0
2022-10-16,816.55791,585.43694,231.12097,0.00000,335,2,0,0,0.00000,0.00000,0.00000,0.00000,0,,0,0,0,0.00000,,0,0,0,0
2022-10-17,817.22826,585.43694,231.79132,0.00000,336,1,0,0,0.00000,0.00000,0.00000,0.00000,0,,0,0,0,0.00000,,0,0,0,0
2022-10-18,816.33446,584.54314,231.79132,0.00000,333,0,0,3,0.00000,0.00000,600.00000,0.00000,0,,0,0,0,0.00000,,0,0,0,0
2022-10-19,820.13310,588.78868,231.34442,0.00000,332,2,0,1,0.00000,0.00000,200.00000,0.00000,0,,0,0,0,0.00000,,0,0,0,0
2022-10-20,822.21862,594.82181,227.39681,0.00000,331,1,0,0,0.00000,0.00000,0.00000,0.00000,0,,0,0,0,0.00000,,0,0,0,0
2022-10-21,819.72344,590.35282,229.37062,0.00000,331,1,0,1,0.00000,0.00000,200.00000,0.00000,0,,0,0,0,0.00000,,0,0,0,0
2022-10-22,815.47790,586.10729,229.37062,0.00000,331,1,0,1,0.00000,0.00000,200.00000,0.00000,0,,0,0,0,0.00000,,0,0,0,0
2022-10-23,818.15929,588.78868,229.37062,0.00000,332,1,0,0,0.00000,0.00000,0.00000,0.00000,0,,0,0,0,0.00000,,0,0,0,0
2022-10-24,820.13310,588.78868,231.34442,0.00000,333,1,0,0,0.00000,0.00000,0.00000,0.00000,0,,0,0,0,0.00000,,0,0,0,0
2022-10-25,819.68620,588.78868,230.89752,0.00000,332,0,0,0,0.00000,0.00000,0.00000,0.00000,0,,0,0,0,0.00000,,0,0,0,0
2022-10-26,822.36759,591.47007,230.89752,0.00000,333,1,0,0,0.00000,0.00000,0.00000,0.00000,0,,0,0,0,0.00000,,0,0,0,0
2022-10-27,830.63521,591.47007,239.16514,0.00000,334,1,0,0,0.00000,0.00000,0.00000,0.00000,0,,0,0,0,0.00000,,0,0,0,0
2022-10-28,825.27243,586.10729,239.16514,0.00000,335,2,0,1,0.00000,0.00000,200.00000,0.00000,0,,0,0,0,0.00000,,0,0,0,0
2022-10-29,825.27243,586.10729,239.16514,0.00000,335,0,0,0,0.00000,0.00000,0.00000,0.00000,0,,0,0,0,0.00000,,0,0,0,0
2022-10-30,819.01585,588.78868,230.22717,0.00000,335,1,0,0,0.00000,0.00000,0.00000,0.00000,0,,0,0,0,0.00000,,0,0,0,0
2022-10-31,820.31930,588.11833,232.20097,0.00000,333,1,0,3,0.00000,0.00000,600.00000,0.00000,0,,0,0,0,0.00000,,0,0,0,0
2022-11-01,820.31930,588.11833,232.20097,0.00000,333,1,0,1,0.00000,0.00000,200.00000,0.00000,0,,0,0,0,0.00000,,0,0,0,0
2022-11-02,820.76620,588.56523,232.20097,0.00000,335,2,0,0,0.00000,0.00000,0.00000,0.00000,0,,0,0,0,0.00000,,0,0,0,0
2022-11-03,818.79240,588.56523,230.22717,0.00000,334,0,0,0,0.00000,0.00000,0.00000,0.00000,0,,0,0,0,0.00000,,0,0,0,0
2022-11-04,818.56895,588.78868,229.78027,0.00000,334,1,0,0,0.00000,0.00000,0.00000,0.00000,0,,0,0,0,0.00000,,0,0,0,0
2022-11-05,818.34550,588.56523,229.78027,0.00000,333,0,0,1,0.00000,0.00000,200.00000,0.00000,0,,0,0,0,0.00000,,0,0,0,0
2022-11-06,818.34550,588.56523,229.78027,0.00000,333,0,0,0,0.00000,0.00000,0.00000,0.00000,0,,0,0,0,0.00000,,0,0,0,0
2022-11-07,818.34550,588.56523,229.78027,0.00000,333,0,0,0,0.00000,0.00000,0.00000,0.00000,0,,0,0,0,0.00000,,0,0,0,0
2022-11-08,818.34550,588.56523,229.78027,0.00000,333,0,0,0,0.00000,0.00000,0.00000,0.00000,0,,0,0,0,0.00000,,0,0,0,0
2022-11-09,821.25034,591.47007,229.78027,0.00000,335,2,0,0,0.00000,0.00000,0.00000,0.00000,0,,0,0,0,0.00000,,0,0,0,0
2022-11-10,846.05320,616.27293,229.78027,0.00000,338,3,0,0,0.00000,0.00000,0.00000,0.00000,0,,0,0,0,0.00000,,0,0,0,0
2022-11-11,851.19254,620.74192,230.45062,0.00000,340,2,0,0,0.00000,0.00000,0.00000,0.00000,0,,0,0,0,0.00000,,0,0,0,0
2022-11-12,855.92221,627.22194,228.70027,0.00000,341,3,0,0,0.00000,0.00000,0.00000,0.00000,0,,0,0,0,0.00000,,0,0,0,0
2022-11-13,863.51948,634.81922,228.70027,0.00000,345,4,0,0,0.00000,0.00000,0.00000,0.00000,0,,0,0,0,0.00000,,0,0,0,0
2022-11-14,868.39813,637.72406,230.67407,0.00000,348,3,0,0,0.00000,0.00000,0.00000,0.00000,0,,0,0,0,0.00000,,0,0,0,0
2022-11-15,871.07952,640.40545,230.67407,0.00000,349,1,0,0,0.00000,0.00000,0.00000,0.00000,0,,0,0,0,0.00000,,0,0,0,0
2022-11-16,873.50022,640.85234,232.64787,0.00000,351,2,0,0,0.00000,0.00000,0.00000,0.00000,0,,0,0,0,0.00000,,0,0,0,0
2022-11-17,875.95816,643.31029,232.64787,0.00000,351,2,0,2,0.00000,0.00000,400.00000,0.00000,0,,0,0,0,0.00000,,0,0,0,0
2022-11-18,876.18161,643.53374,232.64787,0.00000,352,2,0,1,0.00000,0.00000,200.00000,0.00000,0,,0,0,0,0.00000,,0,0,0,0
2022-11-19,878.22989,648.22617,230.00372,0.00000,350,2,0,2,0.00000,0.00000,400.00000,0.00000,0,,0,0,0,0.00000,,0,0,0,0
2022-11-20,884.26302,654.25930,230.00372,0.00000,351,1,0,0,0.00000,0.00000,0.00000,0.00000,0,,0,0,0,0.00000,,0,0,0,0
2022-11-21,884.03957,654.03585,230.00372,0.00000,350,0,0,1,0.00000,0.00000,200.00000,0.00000,0,,0,0,0,0.00000,,0,0,0,0
2022-11-22,884.03957,654.03585,230.00372,0.00000,350,0,0,0,0.00000,0.00000,0.00000,0.00000,0,,0,0,0,0.00000,,0,0,0,0
2022-11-23,884.03957,654.03585,230.00372,0.00000,350,0,0,0,0.00000,0.00000,0.00000,0.00000,0,,0,0,0,0.00000,,0,0,0,0
2022-11-24,887.42855,659.39863,228.02992,0.00000,351,2,0,0,0.00000,0.00000,0.00000,0.00000,0,,0,0,0,0.00000,,0,0,0,0
2022-11-25,893.90858,665.87866,228.02992,0.00000,354,3,0,0,0.00000,0.00000,0.00000,0.00000,0,,0,0,0,0.00000,,0,0,0,0
2022-11-26,894.13203,666.10211,228.02992,0.00000,355,1,0,0,0.00000,0.00000,0.00000,0.00000,0,,0,0,0,0.00000,,0,0,0,0
2022-11-27,895.69617,667.66625,228.02992,0.00000,356,1,0,0,0.00000,0.00000,0.00000,0.00000,0,,0,0,0,0.00000,,0,0,0,0
2022-11-28,895.69617,667.66625,228.02992,0.00000,356,0,0,0,0.00000,0.00000,0.00000,0.00000,0,,0,0,0,0.00000,,0,0,0,0
2022-11-29,897.44652,667.44280,230.00372,0.00000,356,1,0,1,0.00000,0.00000,200.00000,0.00000,0,,0,0,0,0.00000,,0,0,0,0
2022-11-30,900.57481,670.57109,230.00372,0.00000,358,2,0,0,0.00000,0.00000,0.00000,0.00000,0,,0,0,0,0.00000,,0,0,0,0
2022-12-01,908.17209,678.16836,230.00372,0.00000,360,2,0,0,0.00000,0.00000,0.00000,0.00000,0,,0,0,0,0.00000,,0,0,0,0
2022-12-02,908.17209,678.16836,230.00372,0.00000,360,0,0,0,0.00000,0.00000,0.00000,0.00000,0,,0,0,0,0.00000,,0,0,0,0
2022-12-03,908.17209,678.16836,230.00372,0.00000,360,0,0,0,0.00000,0.00000,0.00000,0.00000,0,,0,0,0,0.00000,,0,0,0,0
2022-12-04,905.93759,675.93387,230.00372,0.00000,361,2,0,1,0.00000,0.00000,200.00000,0.00000,0,,0,0,0,0.00000,,0,0,0,0
2022-12-05,905.93759,675.93387,230.00372,0.00000,361,0,0,0,0.00000,0.00000,0.00000,0.00000,0,,0,0,0,0.00000,,0,0,0,0
2022-12-06,909.28933,679.06216,230.22717,0.00000,365,4,0,0,0.00000,0.00000,0.00000,0.00000,0,,0,0,0,0.00000,,0,0,0,0
2022-12-07,911.48658,679.06216,232.42442,0.00000,367,2,0,0,0.00000,0.00000,0.00000,0.00000,0,,0,0,0,0.00000,,0,0,0,0
2022-12-08,904.52241,679.06216,225.46025,0.00000,367,1,0,0,0.00000,0.00000,0.00000,0.00000,0,,0,0,0,0.00000,,0,0,0,0
2022-12-09,904.74586,679.28561,225.46025,0.00000,368,1,0,0,0.00000,0.00000,0.00000,0.00000,0,,0,0,0,0.00000,,0,0,0,0
2022-12-10,910.10865,684.64839,225.46025,0.00000,370,2,0,0,0.00000,0.00000,0.00000,0.00000,0,,0,0,0,0.00000,,0,0,0,0
2022-12-11,910.10865,684.64839,225.46025,0.00000,370,0,0,0,0.00000,0.00000,0.00000,0.00000,0,,0,0,0,0.00000,,0,0,0,0
2022-12-12,908.09760,681.96700,226.13060,0.00000,370,1,0,1,0.00000,0.00000,200.00000,0.00000,0,,0,0,0,0.00000,,0,0,0,0
2022-12-13,918.15282,692.02221,226.13060,0.00000,374,4,0,0,0.00000,0.00000,0.00000,0.00000,0,,0,0,0,0.00000,,0,0,0,0
2022-12-14,929.10183,702.97123,226.13060,0.00000,376,2,0,0,0.00000,0.00000,0.00000,0.00000,0,,0,0,0,0.00000,,0,0,0,0
2022-12-15,939.82739,713.69679,226.13060,0.00000,380,4,0,0,0.00000,0.00000,0.00000,0.00000,0,,0,0,0,0.00000,,0,0,0,0
2022-12-16,940.27429,713.69679,226.57750,0.00000,381,1,0,0,0.00000,0.00000,0.00000,0.00000,0,,0,0,0,0.00000,,0,0,0,0
2022-12-17,940.72119,714.14369,226.57750,0.00000,382,1,0,0,0.00000,0.00000,0.00000,0.00000,0,,0,0,0,0.00000,,0,0,0,0
2022-12-18,948.95157,720.40026,228.55130,0.00000,385,3,0,0,0.00000,0.00000,0.00000,0.00000,0,,0,0,0,0.00000,,0,0,0,0
2022-12-19,948.95157,720.40026,228.55130,0.00000,385,0,0,0,0.00000,0.00000,0.00000,0.00000,0,,0,0,0,0.00000,,0,0,0,0
2022-12-20,951.14882,720.62371,230.52510,0.00000,387,2,0,0,0.00000,0.00000,0.00000,0.00000,0,,0,0,0,0.00000,,0,0,0,0
2022-12-21,960.31024,729.78513,230.52510,0.00000,390,3,0,0,0.00000,0.00000,0.00000,0.00000,0,,0,0,0,0.00000,,0,0,0,0
2022-12-22,960.31024,729.78513,230.52510,0.00000,390,0,0,0,0.00000,0.00000,0.00000,0.00000,0,,0,0,0,0.00000,,0,0,0,0
2022-12-23,960.31024,729.78513,230.52510,0.00000,390,0,0,0,0.00000,0.00000,0.00000,0.00000,0,,0,0,0,0.00000,,0,0,0,0
2022-12-24,966.79026,736.26516,230.52510,0.00000,391,2,0,1,0.00000,0.00000,200.00000,0.00000,0,,0,0,0,0.00000,,0,0,0,0
2022-12-25,966.56681,736.04171,230.52510,0.00000,390,0,0,1,0.00000,0.00000,200.00000,0.00000,0,,0,0,0,0.00000,,0,0,0,0
2022-12-26,964.81646,736.26516,228.55130,0.00000,390,1,0,0,0.00000,0.00000,0.00000,0.00000,0,,0,0,0,0.00000,,0,0,0,0
2022-12-27,962.61921,736.26516,226.35405,0.00000,388,0,0,0,0.00000,0.00000,0.00000,0.00000,0,,0,0,0,0.00000,,0,0,0,0
2022-12-28,962.61921,736.26516,226.35405,0.00000,388,0,0,0,0.00000,0.00000,0.00000,0.00000,0,,0,0,0,0.00000,,0,0,0,0
2022-12-29,962.61921,736.26516,226.35405,0.00000,388,0,0,0,0.00000,0.00000,0.00000,0.00000,0,,0,0,0,0.00000,,0,0,0,0
2022-12-30,964.59301,736.26516,228.32785,0.00000,389,1,0,0,0.00000,0.00000,0.00000,0.00000,0,,0,0,0,0.00000,,0,0,0,0
2022-12-31,965.03991,736.71206,228.32785,0.00000,390,1,0,0,0.00000,0.00000,0.00000,0.00000,0,,0,0,0,0.00000,,0,0,0,0
