Date,Daily Emissions (Kg Methane),Daily Mitigable Emissions (Kg Methane),Daily Non-Mitigable Emissions (Kg Methane),Daily Cost ($),Active Leaks,New Leaks,Leaks Repaired,Leaks Naturally Repaired,Leaks Tagged,Daily Repair Cost ($),Daily Natural Repair Cost ($),drone Deployment Cost ($),drone Sites flagged for Follow-Up,drone Leaks tagged for repair,drone Sites Visited,drone Travel Time (Minutes),drone Survey Time (Minutes),OGI_FU Deployment Cost ($),OGI_FU Sites flagged for Follow-Up,OGI_FU Leaks tagged for repair,OGI_FU Sites Visited,OGI_FU Travel Time (Minutes),OGI_FU Survey Time (Minutes)
2022-01-01,1094.49149,821.62276,272.86873,500.00000,390,391,0,0,0.00000,0.00000,0.00000,500.00000,0,,9,300,180,0.00000,,0,0,0,0
2022-01-02,1094.49149,821.62276,272.86873,500.00000,390,0,0,0,0.00000,0.00000,0.00000,500.00000,0,,1,30,20,0.00000,,0,0,0,0
2022-01-03,1088.90526,816.03653,272.86873,500.00000,391,2,0,1,8.00000,0.00000,200.00000,0.00000,1,,0,0,0,500.00000,,8,1,30,120
2022-01-04,1095.34804,820.50551,274.84253,0.00000,393,2,0,0,0.00000,0.00000,0.00000,0.00000,0,,0,0,0,0.00000,,0,0,0,0
2022-01-05,1095.34804,820.50551,274.84253,0.00000,393,0,0,0,0.00000,0.00000,0.00000,0.00000,0,,0,0,0,0.00000,,0,0,0,0
2022-01-06,1093.56045,819.16482,274.39563,0.00000,392,1,0,1,0.00000,0.00000,200.00000,0.00000,0,,0,0,0,0.00000,,0,0,0,0
2022-01-07,1090.43216,815.81308,274.61908,0.00000,389,1,0,4,0.00000,0.00000,800.00000,0.00000,0,,0,0,0,0.00000,,0,0,0,0
2022-01-08,1096.24184,813.13169,283.11015,0.00000,390,2,0,1,0.00000,0.00000,200.00000,0.00000,0,,0,0,0,0.00000,,0,0,0,0
2022-01-09,1094.45425,811.34409,283.11015,0.00000,390,1,0,1,0.00000,0.00000,200.00000,0.00000,0,,0,0,0,0.00000,,0,0,0,0
2022-01-10,1103.39221,819.61172,283.78050,0.00000,392,2,0,0,0.00000,0.00000,0.00000,0.00000,0,,0,0,0,0.00000,,0,0,0,0
2022-01-11,1102.94532,819.61172,283.33360,0.00000,391,0,0,0,0.00000,0.00000,0.00000,0.00000,0,,0,0,0,0.00000,,0,0,0,0
2022-01-12,1102.94532,819.61172,283.33360,0.00000,391,0,0,0,0.00000,0.00000,0.00000,0.00000,0,,0,0,0,0.00000,,0,0,0,0
2022-01-13,1100.48738,816.93032,283.55705,0.00000,391,1,0,1,0.00000,0.00000,200.00000,0.00000,0,,0,0,0,0.00000,,0,0,0,0
2022-01-14,1098.51357,816.93032,281.58325,0.00000,390,0,0,0,0.00000,0.00000,0.00000,0.00000,0,,0,0,0,0.00000,,0,0,0,0
2022-01-15,1096.27908,814.24893,282.03015,0.00000,390,1,0,1,0.00000,0.00000,200.00000,0.00000,0,,0,0,0,0.00000,,0,0,0,0
2022-01-16,1095.83218,813.80204,282.03015,0.00000,389,0,0,1,0.00000,0.00000,200.00000,0.00000,0,,0,0,0,0.00000,,0,0,0,0
2022-01-17,1096.68874,812.23789,284.45085,0.00000,390,3,0,2,0.00000,0.00000,400.00000,0.00000,0,,0,0,0,0.00000,,0,0,0,0
2022-01-18,1076.80176,792.35091,284.45085,1400.00000,383,0,7,0,0.00000,1400.00000,0.00000,0.00000,0,,0,0,0,0.00000,,0,0,0,0
2022-01-19,1076.80176,792.35091,284.45085,0.00000,383,0,0,0,0.00000,0.00000,0.00000,0.00000,0,,0,0,0,0.00000,,0,0,0,0
2022-01-20,1070.76863,786.31778,284.45085,0.00000,382,1,0,2,0.00000,0.00000,400.00000,0.00000,0,,0,0,0,0.00000,,0,0,0,0
2022-01-21,1070.99208,786.54123,284.45085,0.00000,383,1,0,0,0.00000,0.00000,0.00000,0.00000,0,,0,0,0,0.00000,,0,0,0,0
2022-01-22,1070.99208,786.54123,284.45085,0.00000,383,0,0,0,0.00000,0.00000,0.00000,0.00000,0,,0,0,0,0.00000,,0,0,0,0
2022-01-23,1066.78379,783.63639,283.14739,0.00000,382,2,0,2,0.00000,0.00000,400.00000,0.00000,0,,0,0,0,0.00000,,0,0,0,0
2022-01-24,1074.38106,791.23367,283.14739,0.00000,385,3,0,0,0.00000,0.00000,0.00000,0.00000,0,,0,0,0,0.00000,,0,0,0,0
2022-01-25,1073.93416,790.78677,283.14739,0.00000,384,0,0,1,0.00000,0.00000,200.00000,0.00000,0,,0,0,0,0.00000,,0,0,0,0
2022-01-26,1076.61555,793.46816,283.14739,0.00000,385,1,0,0,0.00000,0.00000,0.00000,0.00000,0,,0,0,0,0.00000,,0,0,0,0
2022-01-27,1070.32173,785.20054,285.12119,0.00000,385,1,0,1,0.00000,0.00000,200.00000,0.00000,0,,0,0,0,0.00000,,0,0,0,0
2022-01-28,1069.87483,785.20054,284.67430,0.00000,384,0,0,0,0.00000,0.00000,0.00000,0.00000,0,,0,0,0,0.00000,,0,0,0,0
2022-01-29,1067.64034,782.51915,285.12119,0.00000,384,1,0,1,0.00000,0.00000,200.00000,0.00000,0,,0,0,0,0.00000,,0,0,0,0
2022-01-30,1067.19344,782.51915,284.67430,0.00000,383,0,0,0,0.00000,0.00000,0.00000,0.00000,0,,0,0,0,0.00000,,0,0,0,0
2022-01-31,1068.31069,783.63639,284.67430,0.00000,383,1,0,1,0.00000,0.00000,200.00000,0.00000,0,,0,0,0,0.00000,,0,0,0,0
2022-02-01,1068.53414,783.85984,284.67430,0.00000,384,1,0,0,0.00000,0.00000,0.00000,0.00000,0,,0,0,0,0.00000,,0,0,0,0
2022-02-02,1077.02521,783.63639,293.38882,0.00000,383,1,0,1,0.00000,0.00000,200.00000,0.00000,0,,0,0,0,0.00000,,0,0,0,0
2022-02-03,1079.03625,786.31778,292.71847,0.00000,383,1,0,0,0.00000,0.00000,0.00000,0.00000,0,,0,0,0,0.00000,,0,0,0,0
2022-02-04,1079.25970,786.54123,292.71847,0.00000,384,1,0,0,0.00000,0.00000,0.00000,0.00000,0,,0,0,0,0.00000,,0,0,0,0
2022-02-05,1081.71764,788.99917,292.71847,0.00000,384,1,0,1,0.00000,0.00000,200.00000,0.00000,0,,0,0,0,0.00000,,0,0,0,0
2022-02-06,1084.39903,791.68056,292.71847,0.00000,385,1,0,0,0.00000,0.00000,0.00000,0.00000,0,,0,0,0,0.00000,,0,0,0,0
2022-02-07,1094.90115,794.80885,300.09229,0.00000,386,3,0,0,0.00000,0.00000,0.00000,0.00000,0,,0,0,0,0.00000,,0,0,0,0
2022-02-08,1092.70389,794.58540,298.11849,0.00000,384,0,0,1,0.00000,0.00000,200.00000,0.00000,0,,0,0,0,0.00000,,0,0,0,0
2022-02-09,1102.53566,796.14955,306.38611,0.00000,386,2,0,0,0.00000,0.00000,0.00000,0.00000,0,,0,0,0,0.00000,,0,0,0,0
2022-02-10,1106.37154,802.18268,304.18886,0.00000,385,1,0,0,0.00000,0.00000,0.00000,0.00000,0,,0,0,0,0.00000,,0,0,0,0
2022-02-11,1095.68322,793.91506,301.76816,0.00000,383,1,0,1,0.00000,0.00000,200.00000,0.00000,0,,0,0,0,0.00000,,0,0,0,0
2022-02-12,1092.33148,790.56332,301.76816,0.00000,383,1,0,1,0.00000,0.00000,200.00000,0.00000,0,,0,0,0,0.00000,,0,0,0,0
2022-02-13,1100.59910,798.83094,301.76816,0.00000,384,1,0,0,0.00000,0.00000,0.00000,0.00000,0,,0,0,0,0.00000,,0,0,0,0
2022-02-14,1097.91771,795.70265,302.21506,0.00000,383,1,0,2,0.00000,0.00000,400.00000,0.00000,0,,0,0,0,0.00000,,0,0,0,0
2022-02-15,1091.21423,789.66952,301.54471,0.00000,381,1,0,2,0.00000,0.00000,400.00000,0.00000,0,,0,0,0,0.00000,,0,0,0,0
2022-02-16,1087.86250,786.31778,301.54471,0.00000,381,2,0,2,0.00000,0.00000,400.00000,0.00000,0,,0,0,0,0.00000,,0,0,0,0
2022-02-17,1082.94661,780.95500,301.99161,0.00000,380,1,0,2,0.00000,0.00000,400.00000,0.00000,0,,0,0,0,0.00000,,0,0,0,0
2022-02-18,1083.17006,781.17845,301.99161,0.00000,381,1,0,0,0.00000,0.00000,0.00000,0.00000,0,,0,0,0,0.00000,,0,0,0,0
2022-02-19,1085.62800,783.85984,301.76816,0.00000,382,2,0,0,0.00000,0.00000,0.00000,0.00000,0,,0,0,0,0.00000,,0,0,0,0
2022-02-20,1085.62800,783.85984,301.76816,0.00000,382,0,0,0,0.00000,0.00000,0.00000,0.00000,0,,0,0,0,0.00000,,0,0,0,0
2022-02-21,1088.71905,784.08329,304.63576,0.00000,386,4,0,0,0.00000,0.00000,0.00000,0.00000,0,,0,0,0,0.00000,,0,0,0,0
2022-02-22,1090.28319,785.64744,304.63576,0.00000,385,2,0,3,0.00000,0.00000,600.00000,0.00000,0,,0,0,0,0.00000,,0,0,0,0
2022-02-23,1082.01557,785.64744,296.36814,0.00000,384,0,0,0,0.00000,0.00000,0.00000,0.00000,0,,0,0,0,0.00000,,0,0,0,0
2022-02-24,1071.77415,776.70947,295.06469,0.00000,382,2,0,3,0.00000,0.00000,600.00000,0.00000,0,,0,0,0,0.00000,,0,0,0,0
2022-02-25,1066.63482,771.34669,295.28813,0.00000,381,1,0,2,0.00000,0.00000,400.00000,0.00000,0,,0,0,0,0.00000,,0,0,0,0
2022-02-26,1066.63482,771.34669,295.28813,0.00000,381,0,0,0,0.00000,0.00000,0.00000,0.00000,0,,0,0,0,0.00000,,0,0,0,0
2022-02-27,1066.41137,771.12324,295.28813,0.00000,380,0,0,1,0.00000,0.00000,200.00000,0.00000,0,,0,0,0,0.00000,,0,0,0,0
2022-02-28,1068.64586,773.80463,294.84124,0.00000,380,1,0,0,0.00000,0.00000,0.00000,0.00000,0,,0,0,0,0.00000,,0,0,0,0
2022-03-01,1048.79612,773.80463,274.99150,0.00000,377,0,0,0,0.00000,0.00000,0.00000,0.00000,0,,0,0,0,0.00000,,0,0,0,0
2022-03-02,1048.79612,773.80463,274.99150,0.00000,377,0,0,0,0.00000,0.00000,0.00000,0.00000,0,,0,0,0,0.00000,,0,0,0,0
2022-03-03,1059.52169,776.26257,283.25912,0.00000,378,2,0,1,0.00000,0.00000,200.00000,0.00000,0,,0,0,0,0.00000,,0,0,0,0
2022-03-04,1068.45966,776.26257,292.19709,0.00000,379,1,0,0,0.00000,0.00000,0.00000,0.00000,0,,0,0,0,0.00000,,0,0,0,0
2022-03-05,1065.55482,773.35773,292.19709,0.00000,379,1,0,1,0.00000,0.00000,200.00000,0.00000,0,,0,0,0,0.00000,,0,0,0,0
2022-03-06,1057.73409,765.53701,292.19709,0.00000,379,1,0,1,0.00000,0.00000,200.00000,0.00000,0,,0,0,0,0.00000,,0,0,0,0
2022-03-07,1057.54789,767.10115,290.44673,0.00000,380,2,0,0,0.00000,0.00000,0.00000,0.00000,0,,0,0,0,0.00000,,0,0,0,0
2022-03-08,1061.34652,770.89979,290.44673,0.00000,382,3,0,1,0.00000,0.00000,200.00000,0.00000,0,,0,0,0,0.00000,,0,0,0,0
2022-03-09,1072.29553,781.84880,290.44673,0.00000,384,2,0,0,0.00000,0.00000,0.00000,0.00000,0,,0,0,0,0.00000,,0,0,0,0
2022-03-10,1072.74243,782.29570,290.44673,0.00000,386,2,0,0,0.00000,0.00000,0.00000,0.00000,0,,0,0,0,0.00000,,0,0,0,0
2022-03-11,1073.18933,782.74260,290.44673,0.00000,387,2,0,1,0.00000,0.00000,200.00000,0.00000,0,,0,0,0,0.00000,,0,0,0,0
2022-03-12,1067.37965,776.93292,290.44673,0.00000,387,2,0,2,0.00000,0.00000,400.00000,0.00000,0,,0,0,0,0.00000,,0,0,0,0
2022-03-13,1070.06104,778.94396,291.11708,0.00000,390,3,0,0,0.00000,0.00000,0.00000,0.00000,0,,0,0,0,0.00000,,0,0,0,0
2022-03-14,1067.37965,776.26257,291.11708,0.00000,389,0,0,1,0.00000,0.00000,200.00000,0.00000,0,,0,0,0,0.00000,,0,0,0,0
2022-03-15,1067.15620,776.03912,291.11708,0.00000,388,1,0,2,0.00000,0.00000,400.00000,0.00000,0,,0,0,0,0.00000,,0,0,0,0
2022-03-16,1070.06104,778.94396,291.11708,0.00000,390,2,0,0,0.00000,0.00000,0.00000,0.00000,0,,0,0,0,0.00000,,0,0,0,0
2022-03-17,1067.82655,777.15636,290.67018,0.00000,387,0,0,2,0.00000,0.00000,400.00000,0.00000,0,,0,0,0,0.00000,,0,0,0,0
2022-03-18,1069.16724,778.72051,290.44673,0.00000,387,1,0,0,0.00000,0.00000,0.00000,0.00000,0,,0,0,0,0.00000,,0,0,0,0
2022-03-19,1069.61414,778.72051,290.89363,0.00000,388,1,0,0,0.00000,0.00000,0.00000,0.00000,0,,0,0,0,0.00000,,0,0,0,0
2022-03-20,1072.29553,781.40190,290.89363,0.00000,389,1,0,0,0.00000,0.00000,0.00000,0.00000,0,,0,0,0,0.00000,,0,0,0,0
2022-03-21,1072.29553,781.40190,290.89363,0.00000,389,0,0,0,0.00000,0.00000,0.00000,0.00000,0,,0,0,0,0.00000,,0,0,0,0
2022-03-22,1072.29553,781.40190,290.89363,0.00000,389,0,0,0,0.00000,0.00000,0.00000,0.00000,0,,0,0,0,0.00000,,0,0,0,0
2022-03-23,1082.31351,781.17845,301.13506,0.00000,390,2,0,1,0.00000,0.00000,200.00000,0.00000,0,,0,0,0,0.00000,,0,0,0,0
2022-03-24,1094.15631,792.57436,301.58195,0.00000,394,4,0,0,0.00000,0.00000,0.00000,0.00000,0,,0,0,0,0.00000,,0,0,0,0
2022-03-25,1099.74254,798.16059,301.58195,0.00000,394,1,0,1,0.00000,0.00000,200.00000,0.00000,0,,0,0,0,0.00000,,0,0,0,0
2022-03-26,1099.74254,798.16059,301.58195,0.00000,394,0,0,0,0.00000,0.00000,0.00000,0.00000,0,,0,0,0,0.00000,,0,0,0,0
2022-03-27,1088.34663,795.70265,292.64399,0.00000,393,1,0,1,0.00000,0.00000,200.00000,0.00000,0,,0,0,0,0.00000,,0,0,0,0
2022-03-28,1091.47492,798.38404,293.09088,0.00000,395,2,0,0,0.00000,0.00000,0.00000,0.00000,0,,0,0,0,0.00000,,0,0,0,0
2022-03-29,1091.47492,798.38404,293.09088,0.00000,395,0,0,0,0.00000,0.00000,0.00000,0.00000,0,,0,0,0,0.00000,,0,0,0,0
2022-03-30,1090.35768,797.26679,293.09088,0.00000,395,1,0,1,0.00000,0.00000,200.00000,0.00000,0,,0,0,0,0.00000,,0,0,0,0
2022-03-31,1101.30669,808.21581,293.09088,0.00000,397,2,0,0,0.00000,0.00000,0.00000,0.00000,0,,0,0,0,0.00000,,0,0,0,0
2022-04-01,1101.08324,807.99236,293.09088,0.00000,396,0,0,1,0.00000,0.00000,200.00000,0.00000,0,,0,0,0,0.00000,,0,0,0,0
2022-04-02,1096.61426,803.52337,293.09088,0.00000,395,0,0,1,0.00000,0.00000,200.00000,0.00000,0,,0,0,0,0.00000,,0,0,0,0
2022-04-03,1110.91501,817.37722,293.53778,0.00000,397,3,0,1,0.00000,0.00000,200.00000,0.00000,0,,0,0,0,0.00000,,0,0,0,0
2022-04-04,1113.55915,817.37722,296.18193,0.00000,399,2,0,0,0.00000,0.00000,0.00000,0.00000,0,,0,0,0,0.00000,,0,0,0,0
2022-04-05,1098.58806,802.40613,296.18193,0.00000,395,0,0,4,0.00000,0.00000,800.00000,0.00000,0,,0,0,0,0.00000,,0,0,0,0
2022-04-06,1101.26945,805.08752,296.18193,0.00000,396,1,0,0,0.00000,0.00000,0.00000,0.00000,0,,0,0,0,0.00000,,0,0,0,0
2022-04-07,1096.80046,809.55650,287.24396,0.00000,396,1,0,0,0.00000,0.00000,0.00000,0.00000,0,,0,0,0,0.00000,,0,0,0,0
2022-04-08,1100.85979,815.58963,285.27016,0.00000,396,1,0,0,0.00000,0.00000,0.00000,0.00000,0,,0,0,0,0.00000,,0,0,0,0
2022-04-09,1096.16736,810.89720,285.27016,0.00000,393,0,0,3,0.00000,0.00000,600.00000,0.00000,0,,0,0,0,0.00000,,0,0,0,0
2022-04-10,1096.61426,819.38827,277.22599,0.00000,394,3,0,1,0.00000,0.00000,200.00000,0.00000,0,,0,0,0,0.00000,,0,0,0,0
2022-04-11,1093.93287,816.70688,277.22599,0.00000,393,0,0,1,0.00000,0.00000,200.00000,0.00000,0,,0,0,0,0.00000,,0,0,0,0
2022-04-12,1077.39762,808.43925,268.95837,0.00000,391,0,0,1,0.00000,0.00000,200.00000,0.00000,0,,0,0,0,0.00000,,0,0,0,0
2022-04-13,1080.74936,811.79099,268.95837,0.00000,391,1,0,1,0.00000,0.00000,200.00000,0.00000,0,,0,0,0,0.00000,,0,0,0,0
2022-04-14,1086.33559,817.37722,268.95837,0.00000,391,1,0,1,0.00000,0.00000,200.00000,0.00000,0,,0,0,0,0.00000,,0,0,0,0
2022-04-15,1086.74525,815.81308,270.93217,0.00000,391,1,0,1,0.00000,0.00000,200.00000,0.00000,0,,0,0,0,0.00000,,0,0,0,0
2022-04-16,1088.27215,815.36618,272.90597,0.00000,391,3,0,3,0.00000,0.00000,600.00000,0.00000,0,,0,0,0,0.00000,,0,0,0,0
2022-04-17,1079.81832,808.88615,270.93217,0.00000,388,0,0,2,0.00000,0.00000,400.00000,0.00000,0,,0,0,0,0.00000,,0,0,0,0
2022-04-18,1077.13693,806.20476,270.93217,0.00000,387,0,0,1,0.00000,0.00000,200.00000,0.00000,0,,0,0,0,0.00000,,0,0,0,0
2022-04-19,1077.13693,806.20476,270.93217,0.00000,387,0,0,0,0.00000,0.00000,0.00000,0.00000,0,,0,0,0,0.00000,,0,0,0,0
2022-04-20,1077.13693,806.20476,270.93217,0.00000,387,0,0,0,0.00000,0.00000,0.00000,0.00000,0,,0,0,0,0.00000,,0,0,0,0
2022-04-21,1081.86661,803.97027,277.89634,0.00000,387,2,0,1,0.00000,0.00000,200.00000,0.00000,0,,0,0,0,0.00000,,0,0,0,0
2022-04-22,1081.64316,803.74682,277.89634,0.00000,386,0,0,1,0.00000,0.00000,200.00000,0.00000,0,,0,0,0,0.00000,,0,0,0,0
2022-04-23,1073.37554,795.47920,277.89634,0.00000,385,1,0,2,0.00000,0.00000,400.00000,0.00000,0,,0,0,0,0.00000,,0,0,0,0
2022-04-24,1060.63893,782.74260,277.89634,0.00000,383,1,0,3,0.00000,0.00000,600.00000,0.00000,0,,0,0,0,0.00000,,0,0,0,0
2022-04-25,1059.96858,782.07225,277.89634,0.00000,384,2,0,1,0.00000,0.00000,200.00000,0.00000,0,,0,0,0,0.00000,,0,0,0,0
2022-04-26,1051.03062,780.73155,270.29906,0.00000,384,2,0,1,0.00000,0.00000,200.00000,0.00000,0,,0,0,0,0.00000,,0,0,0,0
2022-04-27,1051.92441,781.62535,270.29906,0.00000,386,2,0,0,0.00000,0.00000,0.00000,0.00000,0,,0,0,0,0.00000,,0,0,0,0
2022-04-28,1043.88024,781.84880,262.03144,0.00000,386,1,0,0,0.00000,0.00000,0.00000,0.00000,0,,0,0,0,0.00000,,0,0,0,0
2022-04-29,1034.94227,781.84880,253.09347,0.00000,385,0,0,0,0.00000,0.00000,0.00000,0.00000,0,,0,0,0,0.00000,,0,0,0,0
2022-04-30,1034.94227,781.84880,253.09347,0.00000,385,0,0,0,0.00000,0.00000,0.00000,0.00000,0,,0,0,0,0.00000,,0,0,0,0
2022-05-01,1030.47329,777.37981,253.09347,0.00000,385,2,0,1,0.00000,0.00000,200.00000,0.00000,0,,0,0,0,0.00000,,0,0,0,0
2022-05-02,1025.33396,771.79358,253.54037,0.00000,386,2,0,1,0.00000,0.00000,200.00000,0.00000,0,,0,0,0,0.00000,,0,0,0,0
2022-05-03,1028.01535,774.47497,253.54037,0.00000,387,1,0,0,0.00000,0.00000,0.00000,0.00000,0,,0,0,0,0.00000,,0,0,0,0
2022-05-04,1036.72987,783.18949,253.54037,0.00000,389,2,0,0,0.00000,0.00000,0.00000,0.00000,0,,0,0,0,0.00000,,0,0,0,0
2022-05-05,1036.50642,782.96604,253.54037,0.00000,388,0,0,1,0.00000,0.00000,200.00000,0.00000,0,,0,0,0,0.00000,,0,0,0,0
2022-05-06,1045.22094,791.68056,253.54037,0.00000,390,2,0,0,0.00000,0.00000,0.00000,0.00000,0,,0,0,0,0.00000,,0,0,0,0
2022-05-07,1044.99749,791.90401,253.09347,0.00000,390,1,0,0,0.00000,0.00000,0.00000,0.00000,0,,0,0,0,0.00000,,0,0,0,0
2022-05-08,1044.55059,791.90401,252.64658,0.00000,389,0,0,0,0.00000,0.00000,0.00000,0.00000,0,,0,0,0,0.00000,,0,0,0,0
2022-05-09,1038.51746,785.87088,252.64658,0.00000,388,0,0,1,0.00000,0.00000,200.00000,0.00000,0,,0,0,0,0.00000,,0,0,0,0
2022-05-10,1023.54636,779.83776,243.70861,0.00000,386,0,0,1,0.00000,0.00000,200.00000,0.00000,0,,0,0,0,0.00000,,0,0,0,0
2022-05-11,1031.81398,779.83776,251.97623,0.00000,387,1,0,0,0.00000,0.00000,0.00000,0.00000,0,,0,0,0,0.00000,,0,0,0,0
2022-05-12,1033.60158,782.29570,251.30588,0.00000,386,1,0,1,0.00000,0.00000,200.00000,0.00000,0,,0,0,0,0.00000,,0,0,0,0
2022-05-13,1050.13682,798.83094,251.30588,0.00000,388,2,0,0,0.00000,0.00000,0.00000,0.00000,0,,0,0,0,0.00000,,0,0,0,0
2022-05-14,1045.66784,794.36195,251.30588,0.00000,387,0,0,1,0.00000,0.00000,200.00000,0.00000,0,,0,0,0,0.00000,,0,0,0,0
2022-05-15,1045.66784,794.36195,251.30588,0.00000,387,0,0,0,0.00000,0.00000,0.00000,0.00000,0,,0,0,0,0.00000,,0,0,0,0
2022-05-16,1047.00853,795.70265,251.30588,0.00000,388,2,0,1,0.00000,0.00000,200.00000,0.00000,0,,0,0,0,0.00000,,0,0,0,0
2022-05-17,1045.03473,795.70265,249.33208,0.00000,387,0,0,0,0.00000,0.00000,0.00000,0.00000,0,,0,0,0,0.00000,,0,0,0,0
2022-05-18,1034.08572,793.02126,241.06446,0.00000,385,0,0,1,0.00000,0.00000,200.00000,0.00000,0,,0,0,0,0.00000,,0,0,0,0
2022-05-19,1034.08572,793.02126,241.06446,0.00000,385,0,0,0,0.00000,0.00000,0.00000,0.00000,0,,0,0,0,0.00000,,0,0,0,0
2022-05-20,1032.11192,793.02126,239.09066,0.00000,384,1,0,1,0.00000,0.00000,200.00000,0.00000,0,,0,0,0,0.00000,,0,0,0,0
2022-05-21,1021.60980,790.33987,231.26993,0.00000,383,2,0,2,0.00000,0.00000,400.00000,0.00000,0,,0,0,0,0.00000,,0,0,0,0
2022-05-22,1020.04566,788.55227,231.49338,0.00000,384,2,0,1,0.00000,0.00000,200.00000,0.00000,0,,0,0,0,0.00000,,0,0,0,0
2022-05-23,1020.26911,788.77572,231.49338,0.00000,385,1,0,0,0.00000,0.00000,0.00000,0.00000,0,,0,0,0,0.00000,,0,0,0,0
2022-05-24,1023.17395,791.68056,231.49338,0.00000,387,2,0,0,0.00000,0.00000,0.00000,0.00000,0,,0,0,0,0.00000,,0,0,0,0
2022-05-25,1025.85534,794.36195,231.49338,0.00000,388,1,0,0,0.00000,0.00000,0.00000,0.00000,0,,0,0,0,0.00000,,0,0,0,0
2022-05-26,1023.17395,791.68056,231.49338,0.00000,387,0,0,1,0.00000,0.00000,200.00000,0.00000,0,,0,0,0,0.00000,,0,0,0,0
2022-05-27,1023.17395,791.68056,231.49338,0.00000,387,0,0,0,0.00000,0.00000,0.00000,0.00000,0,,0,0,0,0.00000,,0,0,0,0
2022-05-28,1023.84430,783.41294,240.43135,0.00000,387,1,0,1,0.00000,0.00000,200.00000,0.00000,0,,0,0,0,0.00000,,0,0,0,0
2022-05-29,1022.28015,781.84880,240.43135,0.00000,386,0,0,1,0.00000,0.00000,200.00000,0.00000,0,,0,0,0,0.00000,,0,0,0,0
2022-05-30,1024.06774,783.63639,240.43135,0.00000,388,2,0,0,0.00000,0.00000,0.00000,0.00000,0,,0,0,0,0.00000,,0,0,0,0
2022-05-31,1024.29119,783.85984,240.43135,0.00000,389,2,0,1,0.00000,0.00000,200.00000,0.00000,0,,0,0,0,0.00000,,0,0,0,0
2022-06-01,1026.97258,786.54123,240.43135,0.00000,390,1,0,0,0.00000,0.00000,0.00000,0.00000,0,,0,0,0,0.00000,,0,0,0,0
2022-06-02,1026.97258,786.54123,240.43135,0.00000,390,0,0,0,0.00000,0.00000,0.00000,0.00000,0,,0,0,0,0.00000,,0,0,0,0
2022-06-03,1027.41948,786.98813,240.43135,0.00000,391,2,0,0,0.00000,0.00000,0.00000,0.00000,0,,0,0,0,0.00000,,0,0,0,0
2022-06-04,1020.49256,780.06120,240.43135,0.00000,389,1,0,3,0.00000,0.00000,600.00000,0.00000,0,,0,0,0,0.00000,,0,0,0,0
2022-06-05,1017.10358,774.69842,242.40515,0.00000,388,1,0,2,0.00000,0.00000,400.00000,0.00000,0,,0,0,0,0.00000,,0,0,0,0
2022-06-06,1011.07045,768.66529,242.40515,0.00000,387,0,0,1,0.00000,0.00000,200.00000,0.00000,0,,0,0,0,0.00000,,0,0,0,0
2022-06-07,1015.98633,774.25153,241.73481,0.00000,386,1,0,1,0.00000,0.00000,200.00000,0.00000,0,,0,0,0,0.00000,,0,0,0,0
2022-06-08,1010.84700,768.66529,242.18170,0.00000,385,2,0,3,0.00000,0.00000,600.00000,0.00000,0,,0,0,0,0.00000,,0,0,0,0
2022-06-09,1013.52839,771.34669,242.18170,0.00000,386,1,0,0,0.00000,0.00000,0.00000,0.00000,0,,0,0,0,0.00000,,0,0,0,0
2022-06-10,1013.75184,771.57013,242.18170,0.00000,387,1,0,0,0.00000,0.00000,0.00000,0.00000,0,,0,0,0,0.00000,,0,0,0,0
2022-06-11,1016.43323,774.25153,242.18170,0.00000,388,1,0,0,0.00000,0.00000,0.00000,0.00000,0,,0,0,0,0.00000,,0,0,0,0
2022-06-12,1016.65668,774.47497,242.18170,0.00000,389,1,0,0,0.00000,0.00000,0.00000,0.00000,0,,0,0,0,0.00000,,0,0,0,0
2022-06-13,1008.38906,766.20735,242.18170,0.00000,388,0,0,1,0.00000,0.00000,200.00000,0.00000,0,,0,0,0,0.00000,,0,0,0,0
2022-06-14,1016.20978,774.02808,242.18170,0.00000,389,2,0,1,0.00000,0.00000,200.00000,0.00000,0,,0,0,0,0.00000,,0,0,0,0
2022-06-15,1016.20978,774.02808,242.18170,0.00000,389,2,0,2,0.00000,0.00000,400.00000,0.00000,0,,0,0,0,0.00000,,0,0,0,0
2022-06-16,1016.43323,774.02808,242.40515,0.00000,390,1,0,0,0.00000,0.00000,0.00000,0.00000,0,,0,0,0,0.00000,,0,0,0,0
2022-06-17,1016.88013,774.02808,242.85205,0.00000,391,1,0,0,0.00000,0.00000,0.00000,0.00000,0,,0,0,0,0.00000,,0,0,0,0
2022-06-18,1014.19874,771.34669,242.85205,0.00000,390,1,0,1,0.00000,0.00000,200.00000,0.00000,0,,0,0,0,0.00000,,0,0,0,0
2022-06-19,1017.32703,774.47497,242.85205,0.00000,392,2,0,0,0.00000,0.00000,0.00000,0.00000,0,,0,0,0,0.00000,,0,0,0,0
2022-06-20,1011.29390,768.44185,242.85205,0.00000,391,0,0,1,0.00000,0.00000,200.00000,0.00000,0,,0,0,0,0.00000,,0,0,0,0
2022-06-21,1008.61251,765.76046,242.85205,0.00000,390,0,0,1,0.00000,0.00000,200.00000,0.00000,0,,0,0,0,0.00000,,0,0,0,0
2022-06-22,1017.55048,765.76046,251.79002,0.00000,391,1,0,0,0.00000,0.00000,0.00000,0.00000,0,,0,0,0,0.00000,,0,0,0,0
2022-06-23,1017.55048,765.76046,251.79002,0.00000,391,0,0,0,0.00000,0.00000,0.00000,0.00000,0,,0,0,0,0.00000,,0,0,0,0
2022-06-24,1017.55048,765.76046,251.79002,0.00000,391,1,0,1,0.00000,0.00000,200.00000,0.00000,0,,0,0,0,0.00000,,0,0,0,0
2022-06-25,1017.99737,766.20735,251.79002,0.00000,392,1,0,0,0.00000,0.00000,0.00000,0.00000,0,,0,0,0,0.00000,,0,0,0,0
2022-06-26,1013.75184,761.96182,251.79002,0.00000,392,1,0,1,0.00000,0.00000,200.00000,0.00000,0,,0,0,0,0.00000,,0,0,0,0
2022-06-27,1005.93112,754.58799,251.34312,0.00000,388,0,0,3,0.00000,0.00000,600.00000,0.00000,0,,0,0,0,0.00000,,0,0,0,0
2022-06-28,1005.93112,754.58799,251.34312,0.00000,388,0,0,0,0.00000,0.00000,0.00000,0.00000,0,,0,0,0,0.00000,,0,0,0,0
2022-06-29,1003.02628,751.68315,251.34312,0.00000,386,0,0,2,0.00000,0.00000,400.00000,0.00000,0,,0,0,0,0.00000,,0,0,0,0
2022-06-30,1003.02628,751.68315,251.34312,0.00000,386,2,0,2,0.00000,0.00000,400.00000,0.00000,0,,0,0,0,0.00000,,0,0,0,0
2022-07-01,998.78074,747.43762,251.34312,0.00000,386,2,0,2,0.00000,0.00000,400.00000,0.00000,0,,0,0,0,0.00000,,0,0,0,0
2022-07-02,1002.84007,753.24730,249.59277,0.00000,386,2,0,1,0.00000,0.00000,200.00000,0.00000,0,,0,0,0,0.00000,,0,0,0,0
2022-07-03,1003.95732,755.03489,248.92242,0.00000,385,1,0,1,0.00000,0.00000,200.00000,0.00000,0,,0,0,0,0.00000,,0,0,0,0
2022-07-04,1003.28697,754.58799,248.69897,0.00000,383,0,0,1,0.00000,0.00000,200.00000,0.00000,0,,0,0,0,0.00000,,0,0,0,0
2022-07-05,1005.96836,757.26938,248.69897,0.00000,384,1,0,0,0.00000,0.00000,0.00000,0.00000,0,,0,0,0,0.00000,,0,0,0,0
2022-07-06,1014.90633,757.26938,257.63694,0.00000,385,1,0,0,0.00000,0.00000,0.00000,0.00000,0,,0,0,0,0.00000,,0,0,0,0
2022-07-07,1012.22494,754.58799,257.63694,0.00000,384,1,0,1,0.00000,0.00000,200.00000,0.00000,0,,0,0,0,0.00000,,0,0,0,0
2022-07-08,1018.66772,759.05698,259.61074,0.00000,386,2,0,0,0.00000,0.00000,0.00000,0.00000,0,,0,0,0,0.00000,,0,0,0,0
2022-07-09,1020.41807,759.05698,261.36110,0.00000,386,1,0,0,0.00000,0.00000,0.00000,0.00000,0,,0,0,0,0.00000,,0,0,0,0
2022-07-10,1020.41807,759.05698,261.36110,0.00000,386,1,0,1,0.00000,0.00000,200.00000,0.00000,0,,0,0,0,0.00000,,0,0,0,0
2022-07-11,1022.39188,759.05698,263.33490,0.00000,387,1,0,0,0.00000,0.00000,0.00000,0.00000,0,,0,0,0,0.00000,,0,0,0,0
2022-07-12,1017.88565,751.90660,265.97905,0.00000,388,3,0,2,0.00000,0.00000,400.00000,0.00000,0,,0,0,0,0.00000,,0,0,0,0
2022-07-13,1013.15597,744.75623,268.39975,0.00000,388,2,0,2,0.00000,0.00000,400.00000,0.00000,0,,0,0,0,0.00000,,0,0,0,0
2022-07-14,1010.47458,742.07484,268.39975,0.00000,387,0,0,1,0.00000,0.00000,200.00000,0.00000,0,,0,0,0,0.00000,,0,0,0,0
2022-07-15,1013.15597,744.75623,268.39975,0.00000,388,1,0,0,0.00000,0.00000,0.00000,0.00000,0,,0,0,0,0.00000,,0,0,0,0
2022-07-16,1013.37942,744.97968,268.39975,0.00000,389,1,0,0,0.00000,0.00000,0.00000,0.00000,0,,0,0,0,0.00000,,0,0,0,0
2022-07-17,1019.41255,751.01281,268.39975,0.00000,390,2,0,1,0.00000,0.00000,200.00000,0.00000,0,,0,0,0,0.00000,,0,0,0,0
2022-07-18,1016.73116,748.33142,268.39975,0.00000,389,0,0,1,0.00000,0.00000,200.00000,0.00000,0,,0,0,0,0.00000,,0,0,0,0
2022-07-19,1010.25113,750.78936,259.46178,0.00000,388,1,0,1,0.00000,0.00000,200.00000,0.00000,0,,0,0,0,0.00000,,0,0,0,0
2022-07-20,1007.12285,747.66107,259.46178,0.00000,386,0,0,2,0.00000,0.00000,400.00000,0.00000,0,,0,0,0,0.00000,,0,0,0,0
2022-07-21,1005.14904,747.66107,257.48798,0.00000,385,0,0,0,0.00000,0.00000,0.00000,0.00000,0,,0,0,0,0.00000,,0,0,0,0
2022-07-22,1008.91044,749.44866,259.46178,0.00000,388,3,0,0,0.00000,0.00000,0.00000,0.00000,0,,0,0,0,0.00000,,0,0,0,0
2022-07-23,1016.95461,757.49283,259.46178,0.00000,389,2,0,1,0.00000,0.00000,200.00000,0.00000,0,,0,0,0,0.00000,,0,0,0,0
2022-07-24,1006.41526,744.75623,261.65903,0.00000,389,2,0,2,0.00000,0.00000,400.00000,0.00000,0,,0,0,0,0.00000,,0,0,0,0
2022-07-25,1003.51042,741.85139,261.65903,0.00000,387,0,0,2,0.00000,0.00000,400.00000,0.00000,0,,0,0,0,0.00000,,0,0,0,0
2022-07-26,1016.91737,746.32037,270.59700,0.00000,389,2,0,0,0.00000,0.00000,0.00000,0.00000,0,,0,0,0,0.00000,,0,0,0,0
2022-07-27,1012.67183,741.62794,271.04389,0.00000,388,1,0,2,0.00000,0.00000,400.00000,0.00000,0,,0,0,0,0.00000,,0,0,0,0
2022-07-28,996.13659,733.36032,262.77627,0.00000,386,0,0,1,0.00000,0.00000,200.00000,0.00000,0,,0,0,0,0.00000,,0,0,0,0
2022-07-29,1000.60558,737.82930,262.77627,0.00000,387,1,0,0,0.00000,0.00000,0.00000,0.00000,0,,0,0,0,0.00000,,0,0,0,0
2022-07-30,998.40833,737.60585,260.80247,0.00000,385,0,0,1,0.00000,0.00000,200.00000,0.00000,0,,0,0,0,0.00000,,0,0,0,0
2022-07-31,1006.67595,745.87348,260.80247,0.00000,386,1,0,0,0.00000,0.00000,0.00000,0.00000,0,,0,0,0,0.00000,,0,0,0,0
2022-08-01,996.39728,726.65684,269.74044,0.00000,384,1,0,3,0.00000,0.00000,600.00000,0.00000,0,,0,0,0,0.00000,,0,0,0,0
2022-08-02,994.20003,726.43339,267.76664,0.00000,382,1,0,2,0.00000,0.00000,400.00000,0.00000,0,,0,0,0,0.00000,,0,0,0,0
2022-08-03,1002.91455,735.14791,267.76664,0.00000,384,3,0,1,0.00000,0.00000,200.00000,0.00000,0,,0,0,0,0.00000,,0,0,0,0
2022-08-04,996.47177,730.67893,265.79284,0.00000,382,0,0,1,0.00000,0.00000,200.00000,0.00000,0,,0,0,0,0.00000,,0,0,0,0
2022-08-05,994.49797,730.67893,263.81904,0.00000,381,0,0,0,0.00000,0.00000,0.00000,0.00000,0,,0,0,0,0.00000,,0,0,0,0
2022-08-06,998.96695,735.14791,263.81904,0.00000,382,1,0,0,0.00000,0.00000,0.00000,0.00000,0,,0,0,0,0.00000,,0,0,0,0
2022-08-07,998.96695,735.14791,263.81904,0.00000,382,0,0,0,0.00000,0.00000,0.00000,0.00000,0,,0,0,0,0.00000,,0,0,0,0
2022-08-08,1005.22353,741.40449,263.81904,0.00000,384,2,0,0,0.00000,0.00000,0.00000,0.00000,0,,0,0,0,0.00000,,0,0,0,0
2022-08-09,995.80142,738.94655,256.85487,0.00000,384,2,0,1,0.00000,0.00000,200.00000,0.00000,0,,0,0,0,0.00000,,0,0,0,0
2022-08-10,995.35452,738.49965,256.85487,0.00000,382,0,0,2,0.00000,0.00000,400.00000,0.00000,0,,0,0,0,0.00000,,0,0,0,0
2022-08-11,997.81246,732.68997,265.12249,0.00000,383,2,0,1,0.00000,0.00000,200.00000,0.00000,0,,0,0,0,0.00000,,0,0,0,0
2022-08-12,998.25936,733.13687,265.12249,0.00000,384,3,0,2,0.00000,0.00000,400.00000,0.00000,0,,0,0,0,0.00000,,0,0,0,0
2022-08-13,998.25936,733.13687,265.12249,0.00000,384,0,0,0,0.00000,0.00000,0.00000,0.00000,0,,0,0,0,0.00000,,0,0,0,0
2022-08-14,998.48281,733.36032,265.12249,0.00000,385,1,0,0,0.00000,0.00000,0.00000,0.00000,0,,0,0,0,0.00000,,0,0,0,0
2022-08-15,997.81246,733.36032,264.45214,0.00000,383,2,0,2,0.00000,0.00000,400.00000,0.00000,0,,0,0,0,0.00000,,0,0,0,0
2022-08-16,997.81246,733.36032,264.45214,0.00000,383,0,0,0,0.00000,0.00000,0.00000,0.00000,0,,0,0,0,0.00000,,0,0,0,0
2022-08-17,998.25936,733.36032,264.89904,0.00000,384,1,0,0,0.00000,0.00000,0.00000,0.00000,0,,0,0,0,0.00000,,0,0,0,0
2022-08-18,1000.94075,736.04171,264.89904,0.00000,385,1,0,0,0.00000,0.00000,0.00000,0.00000,0,,0,0,0,0.00000,,0,0,0,0
2022-08-19,1001.16420,736.26516,264.89904,0.00000,386,2,0,0,0.00000,0.00000,0.00000,0.00000,0,,0,0,0,0.00000,,0,0,0,0
2022-08-20,996.69522,731.79617,264.89904,0.00000,385,0,0,1,0.00000,0.00000,200.00000,0.00000,0,,0,0,0,0.00000,,0,0,0,0
2022-08-21,1004.96284,731.12583,273.83701,0.00000,384,1,0,2,0.00000,0.00000,400.00000,0.00000,0,,0,0,0,0.00000,,0,0,0,0
2022-08-22,1010.32562,737.15896,273.16666,0.00000,384,1,0,0,0.00000,0.00000,0.00000,0.00000,0,,0,0,0,0.00000,,0,0,0,0
2022-08-23,1010.32562,737.15896,273.16666,0.00000,384,0,0,0,0.00000,0.00000,0.00000,0.00000,0,,0,0,0,0.00000,,0,0,0,0
2022-08-24,1010.32562,737.15896,273.16666,0.00000,384,0,0,0,0.00000,0.00000,0.00000,0.00000,0,,0,0,0,0.00000,,0,0,0,0
2022-08-25,1010.99597,737.60585,273.39011,0.00000,386,2,0,0,0.00000,0.00000,0.00000,0.00000,0,,0,0,0,0.00000,,0,0,0,0
2022-08-26,1005.18629,731.79617,273.39011,0.00000,386,1,0,1,0.00000,0.00000,200.00000,0.00000,0,,0,0,0,0.00000,,0,0,0,0
2022-08-27,1007.86768,734.47757,273.39011,0.00000,387,1,0,0,0.00000,0.00000,0.00000,0.00000,0,,0,0,0,0.00000,,0,0,0,0
2022-08-28,1007.86768,734.47757,273.39011,0.00000,387,1,0,1,0.00000,0.00000,200.00000,0.00000,0,,0,0,0,0.00000,,0,0,0,0
2022-08-29,1016.80564,734.47757,282.32808,0.00000,388,1,0,0,0.00000,0.00000,0.00000,0.00000,0,,0,0,0,0.00000,,0,0,0,0
2022-08-30,1018.36979,736.04171,282.32808,0.00000,389,2,0,1,0.00000,0.00000,200.00000,0.00000,0,,0,0,0,0.00000,,0,0,0,0
2022-08-31,1018.81669,736.48861,282.32808,0.00000,391,2,0,0,0.00000,0.00000,0.00000,0.00000,0,,0,0,0,0.00000,,0,0,0,0
2022-09-01,1027.08431,744.75623,282.32808,0.00000,392,1,0,0,0.00000,0.00000,0.00000,0.00000,0,,0,0,0,0.00000,,0,0,0,0
2022-09-02,1027.08431,744.75623,282.32808,0.00000,392,0,0,0,0.00000,0.00000,0.00000,0.00000,0,,0,0,0,0.00000,,0,0,0,0
2022-09-03,1029.31880,738.72310,290.59570,0.00000,391,1,0,1,0.00000,0.00000,200.00000,0.00000,0,,0,0,0,0.00000,,0,0,0,0
2022-09-04,1029.31880,738.72310,290.59570,0.00000,391,0,0,0,0.00000,0.00000,0.00000,0.00000,0,,0,0,0,0.00000,,0,0,0,0
2022-09-05,1026.63741,736.04171,290.59570,0.00000,390,0,0,1,0.00000,0.00000,200.00000,0.00000,0,,0,0,0,0.00000,,0,0,0,0
2022-09-06,1028.42500,737.82930,290.59570,0.00000,390,1,0,1,0.00000,0.00000,200.00000,0.00000,0,,0,0,0,0.00000,,0,0,0,0
2022-09-07,1031.10639,740.51069,290.59570,0.00000,391,1,0,0,0.00000,0.00000,0.00000,0.00000,0,,0,0,0,0.00000,,0,0,0,0
2022-09-08,1039.37402,748.77831,290.59570,0.00000,391,2,0,2,0.00000,0.00000,400.00000,0.00000,0,,0,0,0,0.00000,,0,0,0,0
2022-09-09,1039.37402,748.77831,290.59570,0.00000,391,0,0,0,0.00000,0.00000,0.00000,0.00000,0,,0,0,0,0.00000,,0,0,0,0
2022-09-10,1030.65950,740.06380,290.59570,0.00000,389,0,0,2,0.00000,0.00000,400.00000,0.00000,0,,0,0,0,0.00000,,0,0,0,0
2022-09-11,1030.43605,740.06380,290.37225,0.00000,388,1,0,1,0.00000,0.00000,200.00000,0.00000,0,,0,0,0,0.00000,,0,0,0,0
2022-09-12,1030.43605,740.06380,290.37225,0.00000,388,0,0,0,0.00000,0.00000,0.00000,0.00000,0,,0,0,0,0.00000,,0,0,0,0
2022-09-13,1030.43605,740.06380,290.37225,0.00000,388,0,0,0,0.00000,0.00000,0.00000,0.00000,0,,0,0,0,0.00000,,0,0,0,0
2022-09-14,1027.75466,737.38240,290.37225,0.00000,387,0,0,1,0.00000,0.00000,200.00000,0.00000,0,,0,0,0,0.00000,,0,0,0,0
2022-09-15,1027.08431,736.93551,290.14880,0.00000,388,3,0,1,0.00000,0.00000,200.00000,0.00000,0,,0,0,0,0.00000,,0,0,0,0
2022-09-16,1015.68840,725.53960,290.14880,0.00000,385,0,0,3,0.00000,0.00000,600.00000,0.00000,0,,0,0,0,0.00000,,0,0,0,0
2022-09-17,1021.27463,730.90238,290.37225,0.00000,388,3,0,0,0.00000,0.00000,0.00000,0.00000,0,,0,0,0,0.00000,,0,0,0,0
2022-09-18,1013.23046,722.85821,290.37225,0.00000,388,1,0,1,0.00000,0.00000,200.00000,0.00000,0,,0,0,0,0.00000,,0,0,0,0
2022-09-19,1011.44286,721.07061,290.37225,0.00000,388,1,0,1,0.00000,0.00000,200.00000,0.00000,0,,0,0,0,0.00000,,0,0,0,0
2022-09-20,1008.98492,718.61267,290.37225,0.00000,388,1,0,1,0.00000,0.00000,200.00000,0.00000,0,,0,0,0,0.00000,,0,0,0,0
2022-09-21,1016.99185,715.70783,301.28402,0.00000,388,2,0,2,0.00000,0.00000,400.00000,0.00000,0,,0,0,0,0.00000,,0,0,0,0
2022-09-22,1016.99185,715.70783,301.28402,0.00000,388,0,0,0,0.00000,0.00000,0.00000,0.00000,0,,0,0,0,0.00000,,0,0,0,0
2022-09-23,1019.67324,718.38922,301.28402,0.00000,389,1,0,0,0.00000,0.00000,0.00000,0.00000,0,,0,0,0,0.00000,,0,0,0,0
2022-09-24,1019.22634,718.38922,300.83712,0.00000,388,1,0,1,0.00000,0.00000,200.00000,0.00000,0,,0,0,0,0.00000,,0,0,0,0
2022-09-25,1019.93393,721.07061,298.86332,0.00000,388,1,0,0,0.00000,0.00000,0.00000,0.00000,0,,0,0,0,0.00000,,0,0,0,0
2022-09-26,1028.20155,729.33823,298.86332,0.00000,389,1,0,0,0.00000,0.00000,0.00000,0.00000,0,,0,0,0,0.00000,,0,0,0,0
2022-09-27,1032.85675,732.01962,300.83712,0.00000,391,2,0,0,0.00000,0.00000,0.00000,0.00000,0,,0,0,0,0.00000,,0,0,0,0
2022-09-28,1032.85675,732.01962,300.83712,0.00000,391,1,0,1,0.00000,0.00000,200.00000,0.00000,0,,0,0,0,0.00000,,0,0,0,0
2022-09-29,1035.76159,734.92446,300.83712,0.00000,393,2,0,0,0.00000,0.00000,0.00000,0.00000,0,,0,0,0,0.00000,,0,0,0,0
2022-09-30,1033.08020,732.24307,300.83712,0.00000,392,0,0,1,0.00000,0.00000,200.00000,0.00000,0,,0,0,0,0.00000,,0,0,0,0
2022-10-01,1035.05400,732.24307,302.81092,0.00000,393,1,0,0,0.00000,0.00000,0.00000,0.00000,0,,0,0,0,0.00000,,0,0,0,0
2022-10-02,1032.14916,729.33823,302.81092,0.00000,391,0,0,2,0.00000,0.00000,400.00000,0.00000,0,,0,0,0,0.00000,,0,0,0,0
2022-10-03,1030.58501,727.77409,302.81092,0.00000,390,0,0,1,0.00000,0.00000,200.00000,0.00000,0,,0,0,0,0.00000,,0,0,0,0
2022-10-04,1030.58501,727.77409,302.81092,0.00000,390,0,0,0,0.00000,0.00000,0.00000,0.00000,0,,0,0,0,0.00000,,0,0,0,0
2022-10-05,1031.03191,728.22099,302.81092,0.00000,391,1,0,0,0.00000,0.00000,0.00000,0.00000,0,,0,0,0,0.00000,,0,0,0,0
2022-10-06,1036.61814,733.80722,302.81092,0.00000,394,3,0,0,0.00000,0.00000,0.00000,0.00000,0,,0,0,0,0.00000,,0,0,0,0
2022-10-07,1041.08713,738.27620,302.81092,0.00000,395,2,0,1,0.00000,0.00000,200.00000,0.00000,0,,0,0,0,0.00000,,0,0,0,0
2022-10-08,1036.65538,735.81826,300.83712,0.00000,394,1,0,1,0.00000,0.00000,200.00000,0.00000,0,,0,0,0,0.00000,,0,0,0,0
2022-10-09,1037.10228,735.81826,301.28402,0.00000,395,1,0,0,0.00000,0.00000,0.00000,0.00000,0,,0,0,0,0.00000,,0,0,0,0
2022-10-10,1043.13541,741.85139,301.28402,0.00000,396,1,0,0,0.00000,0.00000,0.00000,0.00000,0,,0,0,0,0.00000,,0,0,0,0
2022-10-11,1042.91196,741.62794,301.28402,0.00000,395,0,0,1,0.00000,0.00000,200.00000,0.00000,0,,0,0,0,0.00000,,0,0,0,0
2022-10-12,1042.91196,741.62794,301.28402,0.00000,395,0,0,0,0.00000,0.00000,0.00000,0.00000,0,,0,0,0,0.00000,,0,0,0,0
2022-10-13,1039.52298,736.04171,303.48127,0.00000,396,3,0,1,0.00000,0.00000,200.00000,0.00000,0,,0,0,0,0.00000,,0,0,0,0
2022-10-14,1033.48985,737.60585,295.88400,0.00000,397,2,0,0,0.00000,0.00000,0.00000,0.00000,0,,0,0,0,0.00000,,0,0,0,0
2022-10-15,1033.48985,737.60585,295.88400,0.00000,397,0,0,0,0.00000,0.00000,0.00000,0.00000,0,,0,0,0,0.00000,,0,0,0,0
2022-10-16,1039.52298,734.70101,304.82197,0.00000,396,1,0,2,0.00000,0.00000,400.00000,0.00000,0,,0,0,0,0.00000,,0,0,0,0
2022-10-17,1036.17124,731.12583,305.04542,0.00000,395,2,0,3,0.00000,0.00000,600.00000,0.00000,0,,0,0,0,0.00000,,0,0,0,0
2022-10-18,1040.19333,735.59481,304.59852,0.00000,395,1,0,0,0.00000,0.00000,0.00000,0.00000,0,,0,0,0,0.00000,,0,0,0,0
2022-10-19,1040.19333,735.59481,304.59852,0.00000,395,0,0,0,0.00000,0.00000,0.00000,0.00000,0,,0,0,0,0.00000,,0,0,0,0
2022-10-20,1029.69122,725.09270,304.59852,0.00000,393,0,0,2,0.00000,0.00000,400.00000,0.00000,0,,0,0,0,0.00000,,0,0,0,0
2022-10-21,1028.31328,722.41131,305.90197,0.00000,392,1,0,1,0.00000,0.00000,200.00000,0.00000,0,,0,0,0,0.00000,,0,0,0,0
2022-10-22,1028.31328,722.41131,305.90197,0.00000,392,0,0,0,0.00000,0.00000,0.00000,0.00000,0,,0,0,0,0.00000,,0,0,0,0
2022-10-23,1026.56293,722.63476,303.92817,0.00000,392,1,0,0,0.00000,0.00000,0.00000,0.00000,0,,0,0,0,0.00000,,0,0,0,0
2022-10-24,1026.78638,722.85821,303.92817,0.00000,393,1,0,0,0.00000,0.00000,0.00000,0.00000,0,,0,0,0,0.00000,,0,0,0,0
2022-10-25,1024.55188,720.17682,304.37507,0.00000,393,1,0,1,0.00000,0.00000,200.00000,0.00000,0,,0,0,0,0.00000,,0,0,0,0
2022-10-26,1021.90774,719.72992,302.17782,0.00000,390,1,0,2,0.00000,0.00000,400.00000,0.00000,0,,0,0,0,0.00000,,0,0,0,0
2022-10-27,1023.88154,719.72992,304.15162,0.00000,391,1,0,0,0.00000,0.00000,0.00000,0.00000,0,,0,0,0,0.00000,,0,0,0,0
2022-10-28,1020.30635,717.04853,303.25782,0.00000,388,0,0,1,0.00000,0.00000,200.00000,0.00000,0,,0,0,0,0.00000,,0,0,0,0
2022-10-29,1020.30635,717.04853,303.25782,0.00000,388,0,0,0,0.00000,0.00000,0.00000,0.00000,0,,0,0,0,0.00000,,0,0,0,0
2022-10-30,1022.98774,719.72992,303.25782,0.00000,389,1,0,0,0.00000,0.00000,0.00000,0.00000,0,,0,0,0,0.00000,,0,0,0,0
2022-10-31,1014.01253,708.78091,305.23162,0.00000,388,1,0,2,0.00000,0.00000,400.00000,0.00000,0,,0,0,0,0.00000,,0,0,0,0
2022-11-01,1014.01253,708.78091,305.23162,0.00000,388,0,0,0,0.00000,0.00000,0.00000,0.00000,0,,0,0,0,0.00000,,0,0,0,0
2022-11-02,1011.33114,706.09952,305.23162,0.00000,387,0,0,1,0.00000,0.00000,200.00000,0.00000,0,,0,0,0,0.00000,,0,0,0,0
2022-11-03,1011.33114,706.09952,305.23162,0.00000,387,0,0,0,0.00000,0.00000,0.00000,0.00000,0,,0,0,0,0.00000,,0,0,0,0
2022-11-04,1012.44839,707.21676,305.23162,0.00000,387,2,0,2,0.00000,0.00000,400.00000,0.00000,0,,0,0,0,0.00000,,0,0,0,0
2022-11-05,1012.22494,706.76986,305.45507,0.00000,387,1,0,1,0.00000,0.00000,200.00000,0.00000,0,,0,0,0,0.00000,,0,0,0,0
2022-11-06,1012.22494,706.76986,305.45507,0.00000,387,0,0,0,0.00000,0.00000,0.00000,0.00000,0,,0,0,0,0.00000,,0,0,0,0
2022-11-07,1006.67595,703.19468,303.48127,0.00000,384,1,0,3,0.00000,0.00000,600.00000,0.00000,0,,0,0,0,0.00000,,0,0,0,0
2022-11-08,1003.77111,700.28984,303.48127,0.00000,382,0,0,2,0.00000,0.00000,400.00000,0.00000,0,,0,0,0,0.00000,,0,0,0,0
2022-11-09,986.78897,692.24566,294.54330,0.00000,381,1,0,1,0.00000,0.00000,200.00000,0.00000,0,,0,0,0,0.00000,,0,0,0,0
2022-11-10,991.03450,696.49120,294.54330,0.00000,383,2,0,0,0.00000,0.00000,0.00000,0.00000,0,,0,0,0,0.00000,,0,0,0,0
2022-11-11,999.97247,696.49120,303.48127,0.00000,384,1,0,0,0.00000,0.00000,0.00000,0.00000,0,,0,0,0,0.00000,,0,0,0,0
2022-11-12,995.95038,692.46911,303.48127,0.00000,383,1,0,2,0.00000,0.00000,400.00000,0.00000,0,,0,0,0,0.00000,,0,0,0,0
2022-11-13,995.95038,692.46911,303.48127,0.00000,383,0,0,0,0.00000,0.00000,0.00000,0.00000,0,,0,0,0,0.00000,,0,0,0,0
2022-11-14,998.85522,695.37395,303.48127,0.00000,385,2,0,0,0.00000,0.00000,0.00000,0.00000,0,,0,0,0,0.00000,,0,0,0,0
2022-11-15,993.75313,692.91601,300.83712,0.00000,382,1,0,2,0.00000,0.00000,400.00000,0.00000,0,,0,0,0,0.00000,,0,0,0,0
2022-11-16,993.75313,692.91601,300.83712,0.00000,382,0,0,0,0.00000,0.00000,0.00000,0.00000,0,,0,0,0,0.00000,,0,0,0,0
2022-11-17,993.08279,692.24566,300.83712,0.00000,383,2,0,1,0.00000,0.00000,200.00000,0.00000,0,,0,0,0,0.00000,,0,0,0,0
2022-11-18,995.31728,694.48016,300.83712,0.00000,383,1,0,1,0.00000,0.00000,200.00000,0.00000,0,,0,0,0,0.00000,,0,0,0,0
2022-11-19,997.51453,694.92705,302.58748,0.00000,383,3,0,2,0.00000,0.00000,400.00000,0.00000,0,,0,0,0,0.00000,,0,0,0,0
2022-11-20,997.51453,694.92705,302.58748,0.00000,383,1,0,1,0.00000,0.00000,200.00000,0.00000,0,,0,0,0,0.00000,,0,0,0,0
2022-11-21,999.97247,697.38500,302.58748,0.00000,383,1,0,1,0.00000,0.00000,200.00000,0.00000,0,,0,0,0,0.00000,,0,0,0,0
2022-11-22,1009.58079,697.38500,312.19579,0.00000,385,2,0,0,0.00000,0.00000,0.00000,0.00000,0,,0,0,0,0.00000,,0,0,0,0
2022-11-23,1010.25113,698.27879,311.97234,0.00000,383,1,0,2,0.00000,0.00000,400.00000,0.00000,0,,0,0,0,0.00000,,0,0,0,0
2022-11-24,1010.25113,698.27879,311.97234,0.00000,383,0,0,0,0.00000,0.00000,0.00000,0.00000,0,,0,0,0,0.00000,,0,0,0,0
2022-11-25,1010.25113,698.27879,311.97234,0.00000,383,0,0,0,0.00000,0.00000,0.00000,0.00000,0,,0,0,0,0.00000,,0,0,0,0
2022-11-26,1011.81528,699.84294,311.97234,0.00000,384,1,0,0,0.00000,0.00000,0.00000,0.00000,0,,0,0,0,0.00000,,0,0,0,0
2022-11-27,1009.80424,697.16155,312.64269,0.00000,384,1,0,1,0.00000,0.00000,200.00000,0.00000,0,,0,0,0,0.00000,,0,0,0,0
2022-11-28,1005.11180,692.46911,312.64269,0.00000,381,0,0,3,0.00000,0.00000,600.00000,0.00000,0,,0,0,0,0.00000,,0,0,0,0
2022-11-29,1005.33525,692.69256,312.64269,0.00000,382,1,0,0,0.00000,0.00000,0.00000,0.00000,0,,0,0,0,0.00000,,0,0,0,0
2022-11-30,1002.16972,687.55323,314.61649,0.00000,382,2,0,2,0.00000,0.00000,400.00000,0.00000,0,,0,0,0,0.00000,,0,0,0,0
2022-12-01,999.04143,684.42494,314.61649,0.00000,380,0,0,2,0.00000,0.00000,400.00000,0.00000,0,,0,0,0,0.00000,,0,0,0,0
2022-12-02,1001.72282,687.10633,314.61649,0.00000,381,1,0,0,0.00000,0.00000,0.00000,0.00000,0,,0,0,0,0.00000,,0,0,0,0
2022-12-03,997.03039,682.41390,314.61649,0.00000,380,1,0,2,0.00000,0.00000,400.00000,0.00000,0,,0,0,0,0.00000,,0,0,0,0
2022-12-04,997.03039,682.41390,314.61649,0.00000,380,0,0,0,0.00000,0.00000,0.00000,0.00000,0,,0,0,0,0.00000,,0,0,0,0
2022-12-05,994.60969,681.96700,312.64269,0.00000,377,1,0,3,0.00000,0.00000,600.00000,0.00000,0,,0,0,0,0.00000,,0,0,0,0
2022-12-06,992.59865,680.40286,312.19579,0.00000,375,0,0,1,0.00000,0.00000,200.00000,0.00000,0,,0,0,0,0.00000,,0,0,0,0
2022-12-07,992.15175,679.95596,312.19579,0.00000,374,0,0,1,0.00000,0.00000,200.00000,0.00000,0,,0,0,0,0.00000,,0,0,0,0
2022-12-08,994.83314,682.63735,312.19579,0.00000,375,1,0,0,0.00000,0.00000,0.00000,0.00000,0,,0,0,0,0.00000,,0,0,0,0
2022-12-09,1003.10076,682.63735,320.46341,0.00000,376,1,0,0,0.00000,0.00000,0.00000,0.00000,0,,0,0,0,0.00000,,0,0,0,0
2022-12-10,1009.13389,680.17941,328.95448,0.00000,378,3,0,1,0.00000,0.00000,200.00000,0.00000,0,,0,0,0,0.00000,,0,0,0,0
2022-12-11,1001.98351,673.02903,328.95448,0.00000,376,0,0,2,0.00000,0.00000,400.00000,0.00000,0,,0,0,0,0.00000,,0,0,0,0
2022-12-12,1004.66490,675.71042,328.95448,0.00000,377,1,0,0,0.00000,0.00000,0.00000,0.00000,0,,0,0,0,0.00000,,0,0,0,0
2022-12-13,1004.21801,675.26352,328.95448,0.00000,376,0,0,1,0.00000,0.00000,200.00000,0.00000,0,,0,0,0,0.00000,,0,0,0,0
2022-12-14,1004.44146,675.48697,328.95448,0.00000,377,1,0,0,0.00000,0.00000,0.00000,0.00000,0,,0,0,0,0.00000,,0,0,0,0
2022-12-15,993.71589,673.02903,320.68686,0.00000,376,1,0,1,0.00000,0.00000,200.00000,0.00000,0,,0,0,0,0.00000,,0,0,0,0
2022-12-16,993.71589,673.02903,320.68686,0.00000,376,0,0,0,0.00000,0.00000,0.00000,0.00000,0,,0,0,0,0.00000,,0,0,0,0
2022-12-17,991.03450,670.34764,320.68686,0.00000,375,0,0,1,0.00000,0.00000,200.00000,0.00000,0,,0,0,0,0.00000,,0,0,0,0
2022-12-18,985.67172,664.98486,320.68686,0.00000,371,0,0,4,0.00000,0.00000,800.00000,0.00000,0,,0,0,0,0.00000,,0,0,0,0
2022-12-19,981.20274,660.51588,320.68686,0.00000,370,0,0,1,0.00000,0.00000,200.00000,0.00000,0,,0,0,0,0.00000,,0,0,0,0
2022-12-20,980.97929,660.29243,320.68686,0.00000,369,0,0,1,0.00000,0.00000,200.00000,0.00000,0,,0,0,0,0.00000,,0,0,0,0
2022-12-21,982.72964,660.29243,322.43721,0.00000,370,2,0,0,0.00000,0.00000,0.00000,0.00000,0,,0,0,0,0.00000,,0,0,0,0
2022-12-22,981.83584,658.72828,323.10756,0.00000,370,2,0,2,0.00000,0.00000,400.00000,0.00000,0,,0,0,0,0.00000,,0,0,0,0
2022-12-23,964.63025,649.79031,314.83994,0.00000,366,0,0,3,0.00000,0.00000,600.00000,0.00000,0,,0,0,0,0.00000,,0,0,0,0
2022-12-24,956.36263,641.52269,314.83994,0.00000,365,0,0,1,0.00000,0.00000,200.00000,0.00000,0,,0,0,0,0.00000,,0,0,0,0
2022-12-25,956.36263,641.52269,314.83994,0.00000,365,1,0,1,0.00000,0.00000,200.00000,0.00000,0,,0,0,0,0.00000,,0,0,0,0
2022-12-26,947.87156,633.03162,314.83994,0.00000,360,1,0,5,0.00000,0.00000,1000.00000,0.00000,0,,0,0,0,0.00000,,0,0,0,0
2022-12-27,945.19017,630.35023,314.83994,0.00000,359,0,0,1,0.00000,0.00000,200.00000,0.00000,0,,0,0,0,0.00000,,0,0,0,0
2022-12-28,942.28533,627.89229,314.39304,0.00000,358,1,0,1,0.00000,0.00000,200.00000,0.00000,0,,0,0,0,0.00000,,0,0,0,0
2022-12-29,948.31846,625.65780,322.66066,0.00000,359,2,0,1,0.00000,0.00000,200.00000,0.00000,0,,0,0,0,0.00000,,0,0,0,0
2022-12-30,934.91151,620.51847,314.39304,0.00000,359,3,0,2,0.00000,0.00000,400.00000,0.00000,0,,0,0,0,0.00000,,0,0,0,0
2022-12-31,939.38049,624.98745,314.39304,0.00000,360,1,0,0,0.00000,0.00000,0.00000,0.00000,0,,0,0,0,0.00000,,0,0,0,0
