Date,Daily Emissions (Kg Methane),Daily Mitigable Emissions (Kg Methane),Daily Non-Mitigable Emissions (Kg Methane),Daily Cost ($),Active Leaks,New Leaks,Leaks Repaired,Leaks Naturally Repaired,Leaks Tagged,Daily Repair Cost ($),Daily Natural Repair Cost ($),OGI Deployment Cost ($),OGI Sites flagged for Follow-Up,OGI Leaks tagged for repair,OGI Sites Visited,OGI Travel Time (Minutes),OGI Survey Time (Minutes)
2022-01-01,10224.47737,7105.68499,3118.79238,2876.00000,3716,3734,0,12,45,0.00000,2400.00000,2876.00000,,45,3,180,300
2022-01-02,10218.25803,7109.26018,3108.99785,2876.00000,3718,14,0,10,55,0.00000,2000.00000,2876.00000,,55,3,180,360
2022-01-03,10236.58087,7109.93053,3126.65034,2876.00000,3726,17,0,6,36,0.00000,1200.00000,2876.00000,,36,3,180,300
2022-01-04,10223.54633,7094.28908,3129.25725,2876.00000,3719,8,0,11,69,0.00000,2200.00000,2876.00000,,69,3,180,360
2022-01-05,10242.05537,7110.37743,3131.67795,2876.00000,3727,15,0,5,23,0.00000,1000.00000,2876.00000,,23,3,180,300
2022-01-06,10250.73265,7115.51676,3135.21589,2876.00000,3728,14,0,9,64,0.00000,1800.00000,2876.00000,,64,3,180,360
2022-01-07,10235.76155,7100.09876,3135.66279,2876.00000,3723,4,0,7,54,0.00000,1400.00000,2876.00000,,54,3,180,300
2022-01-08,10233.19189,7103.89740,3129.29449,2876.00000,3716,4,0,7,60,0.00000,1400.00000,2876.00000,,60,3,180,360
2022-01-09,10205.44694,7073.73175,3131.71519,2876.00000,3711,9,0,11,33,0.00000,2200.00000,2876.00000,,33,3,180,300
2022-01-10,10200.49382,7066.80483,3133.68899,2876.00000,3711,9,0,6,54,0.00000,1200.00000,2876.00000,,54,3,180,360
2022-01-11,10201.83451,7077.30694,3124.52757,2876.00000,3707,12,0,11,47,0.00000,2200.00000,2876.00000,,47,3,180,300
2022-01-12,10184.85237,7078.87109,3105.98129,2876.00000,3705,7,0,3,72,0.00000,600.00000,2876.00000,,72,3,180,360
2022-01-13,10173.49371,7077.97729,3095.51642,2876.00000,3706,8,0,4,41,0.00000,800.00000,2876.00000,,41,3,180,300
2022-01-14,10211.48007,7107.02569,3104.45438,2876.00000,3714,12,0,2,63,0.00000,400.00000,2876.00000,,63,3,180,360
2022-01-15,10209.95317,7116.41055,3093.54261,2876.00000,3715,6,0,2,36,0.00000,400.00000,2876.00000,,36,3,180,300
2022-01-16,10060.20495,6948.15330,3112.05166,12476.00000,3673,11,48,4,61,9600.00000,800.00000,2876.00000,,61,3,180,360
2022-01-17,9835.15435,6738.55793,3096.59642,12876.00000,3616,3,50,6,56,10000.00000,1200.00000,2876.00000,,56,3,180,300
2022-01-18,9751.77056,6663.03210,3088.73846,8876.00000,3593,11,30,0,54,6000.00000,0.00000,2876.00000,,54,3,180,360
2022-01-19,9527.83720,6444.49877,3083.33843,15676.00000,3528,11,64,8,44,12800.00000,1600.00000,2876.00000,,44,3,180,300
2022-01-20,9489.40394,6397.57443,3091.82950,6676.00000,3514,12,19,5,56,3800.00000,1000.00000,2876.00000,,56,3,180,360
2022-01-21,9266.88576,6167.64519,3099.24057,14476.00000,3453,5,58,5,37,11600.00000,1000.00000,2876.00000,,37,3,180,300
2022-01-22,9098.44230,6009.89005,3088.55225,12676.00000,3402,7,49,5,68,9800.00000,1000.00000,2876.00000,,68,3,180,360
2022-01-23,8939.30922,5839.84520,3099.46402,12476.00000,3363,14,48,4,40,9600.00000,800.00000,2876.00000,,40,3,180,300
2022-01-24,8842.92812,5759.40348,3083.52464,8076.00000,3339,11,26,3,47,5200.00000,600.00000,2876.00000,,47,3,180,360
2022-01-25,8721.33451,5635.38917,3085.94534,11676.00000,3299,8,44,3,37,8800.00000,600.00000,2876.00000,,37,3,180,300
2022-01-26,8572.07043,5486.12509,3085.94534,11876.00000,3255,8,45,6,62,9000.00000,1200.00000,2876.00000,,62,3,180,360
2022-01-27,8342.99775,5256.41930,3086.57845,14876.00000,3198,9,60,3,38,12000.00000,600.00000,2876.00000,,38,3,180,300
2022-01-28,8251.45805,5148.71678,3102.74127,9476.00000,3174,13,33,3,62,6600.00000,600.00000,2876.00000,,62,3,180,360
2022-01-29,8070.05453,4968.61671,3101.43782,13676.00000,3128,15,54,3,44,10800.00000,600.00000,2876.00000,,44,3,180,300
2022-01-30,7957.21268,4864.71283,3092.49985,8476.00000,3099,9,28,6,55,5600.00000,1200.00000,2876.00000,,55,3,180,360
2022-01-31,7781.43263,4684.38931,3097.04332,13876.00000,3041,6,55,4,37,11000.00000,800.00000,2876.00000,,37,3,180,300
2022-02-01,7620.13954,4508.31133,3111.82821,13276.00000,2991,8,52,3,75,10400.00000,600.00000,2876.00000,,75,3,180,360
2022-02-02,7456.20230,4348.54515,3107.65716,11476.00000,2950,9,43,3,35,8600.00000,600.00000,2876.00000,,35,3,180,300
2022-02-03,7350.28738,4233.02190,3117.26547,10476.00000,2922,12,38,0,64,7600.00000,0.00000,2876.00000,,64,3,180,360
2022-02-04,7197.44811,4080.18264,3117.26547,12076.00000,2881,7,46,1,34,9200.00000,200.00000,2876.00000,,34,3,180,300
2022-02-05,7120.32089,3999.29403,3121.02687,8876.00000,2865,16,30,0,71,6000.00000,0.00000,2876.00000,,71,3,180,360
2022-02-06,6905.13930,3793.27385,3111.86545,15276.00000,2809,8,62,0,43,12400.00000,0.00000,2876.00000,,43,3,180,300
2022-02-07,6823.58034,3694.50930,3129.07104,9676.00000,2783,11,34,3,62,6800.00000,600.00000,2876.00000,,62,3,180,360
2022-02-08,6712.97298,3574.96397,3138.00901,10876.00000,2750,11,40,2,37,8000.00000,400.00000,2876.00000,,37,3,180,300
2022-02-09,6585.64417,3450.50276,3135.14141,9476.00000,2717,8,33,3,52,6600.00000,600.00000,2876.00000,,52,3,180,360
2022-02-10,6377.20329,3244.48258,3132.72071,11400.00000,2658,6,57,4,0,11400.00000,800.00000,0.00000,,0,0,0,0
2022-02-11,6231.10475,3126.72485,3104.37990,6800.00000,2627,10,34,1,0,6800.00000,200.00000,0.00000,,0,0,0,0
2022-02-12,6082.65999,2965.17107,3117.48892,11600.00000,2580,15,58,2,0,11600.00000,400.00000,0.00000,,0,0,0,0
2022-02-13,5939.09387,2826.40910,3112.68476,7400.00000,2544,8,37,1,0,7400.00000,200.00000,0.00000,,0,0,0,0
2022-02-14,5785.13736,2690.10508,3095.03228,8800.00000,2505,10,44,1,0,8800.00000,200.00000,0.00000,,0,0,0,0
2022-02-15,5692.85283,2589.99984,3102.85300,6200.00000,2474,7,31,5,0,6200.00000,1000.00000,0.00000,,0,0,0,0
2022-02-16,5468.91948,2381.52172,3087.39776,13200.00000,2410,6,66,0,0,13200.00000,0.00000,0.00000,,0,0,0,0
2022-02-17,5407.02405,2311.80557,3095.21848,5600.00000,2389,13,28,4,0,5600.00000,800.00000,0.00000,,0,0,0,0
2022-02-18,5252.54616,2152.93318,3099.61298,10600.00000,2347,14,53,3,0,10600.00000,600.00000,0.00000,,0,0,0,0
2022-02-19,5196.46041,2079.64183,3116.81857,5400.00000,2325,9,27,3,0,5400.00000,600.00000,0.00000,,0,0,0,0
2022-02-20,4990.66368,1865.57749,3125.08619,12200.00000,2273,12,61,0,0,12200.00000,0.00000,0.00000,,0,0,0,0
2022-02-21,4880.68943,1752.06529,3128.62414,7600.00000,2240,8,38,0,0,7600.00000,0.00000,0.00000,,0,0,0,0
2022-02-22,4682.93687,1562.58035,3120.35652,10200.00000,2186,4,51,5,0,10200.00000,1000.00000,0.00000,,0,0,0,0
2022-02-23,4587.48682,1475.21171,3112.27511,6400.00000,2155,11,32,4,0,6400.00000,800.00000,0.00000,,0,0,0,0
2022-02-24,4455.94971,1348.29256,3107.65716,8200.00000,2124,14,41,0,0,8200.00000,0.00000,0.00000,,0,0,0,0
2022-02-25,4463.54699,1363.71055,3099.83643,0.00000,2130,11,0,2,0,0.00000,400.00000,0.00000,,0,0,0,0
2022-02-26,4487.41881,1366.83884,3120.57997,0.00000,2139,10,0,1,0,0.00000,200.00000,0.00000,,0,0,0,0
2022-02-27,4520.11688,1385.38513,3134.73175,0.00000,2141,6,0,1,0,0.00000,200.00000,0.00000,,0,0,0,0
2022-02-28,4530.39554,1401.69692,3128.69862,0.00000,2148,10,0,1,0,0.00000,200.00000,0.00000,,0,0,0,0
2022-03-01,4565.55155,1441.02398,3124.52757,0.00000,2156,15,0,4,0,0.00000,800.00000,0.00000,,0,0,0,0
2022-03-02,4598.39859,1483.03243,3115.36615,0.00000,2161,11,0,3,0,0.00000,600.00000,0.00000,,0,0,0,0
2022-03-03,4621.45110,1508.28219,3113.16890,0.00000,2167,10,0,2,0,0.00000,400.00000,0.00000,,0,0,0,0
2022-03-04,4633.10770,1531.52091,3101.58679,0.00000,2170,9,0,1,0,0.00000,200.00000,0.00000,,0,0,0,0
2022-03-05,4643.60981,1541.57613,3102.03368,0.00000,2173,9,0,4,0,0.00000,800.00000,0.00000,,0,0,0,0
2022-03-06,4661.37402,1564.14450,3097.22953,0.00000,2175,8,0,3,0,0.00000,600.00000,0.00000,,0,0,0,0
2022-03-07,4662.30506,1575.98731,3086.31776,0.00000,2177,6,0,0,0,0.00000,0.00000,0.00000,,0,0,0,0
2022-03-08,4677.90927,1580.23284,3097.67642,0.00000,2179,10,0,5,0,0.00000,1000.00000,0.00000,,0,0,0,0
2022-03-09,4710.27216,1618.66611,3091.60605,0.00000,2188,14,0,3,0,0.00000,600.00000,0.00000,,0,0,0,0
2022-03-10,4725.31774,1655.08833,3070.22941,0.00000,2193,14,0,2,0,0.00000,400.00000,0.00000,,0,0,0,0
2022-03-11,4743.41713,1673.18771,3070.22941,0.00000,2198,8,0,1,0,0.00000,200.00000,0.00000,,0,0,0,0
2022-03-12,4755.22269,1683.91328,3071.30942,0.00000,2198,5,0,2,0,0.00000,400.00000,0.00000,,0,0,0,0
2022-03-13,4781.62694,1702.90646,3078.72048,0.00000,2207,13,0,2,0,0.00000,400.00000,0.00000,,0,0,0,0
2022-03-14,4801.92358,1712.73822,3089.18535,0.00000,2214,11,0,3,0,0.00000,600.00000,0.00000,,0,0,0,0
2022-03-15,4814.58570,1721.22929,3093.35641,0.00000,2222,13,0,3,0,0.00000,600.00000,0.00000,,0,0,0,0
2022-03-16,4836.48372,1742.01007,3094.47365,0.00000,2230,16,0,3,0,0.00000,600.00000,0.00000,,0,0,0,0
2022-03-17,4861.21210,1754.52323,3106.68888,0.00000,2236,14,0,2,0,0.00000,400.00000,0.00000,,0,0,0,0
2022-03-18,4879.75839,1764.13154,3115.62684,0.00000,2241,8,0,1,0,0.00000,200.00000,0.00000,,0,0,0,0
2022-03-19,4885.34462,1786.92336,3098.42125,0.00000,2247,10,0,0,0,0.00000,0.00000,0.00000,,0,0,0,0
2022-03-20,4908.80679,1801.89446,3106.91233,0.00000,2253,8,0,1,0,0.00000,200.00000,0.00000,,0,0,0,0
2022-03-21,4902.55021,1820.88764,3081.66256,0.00000,2257,14,0,4,0,0.00000,800.00000,0.00000,,0,0,0,0
2022-03-22,4913.12680,1827.81457,3085.31223,0.00000,2255,5,0,2,0,0.00000,400.00000,0.00000,,0,0,0,0
2022-03-23,4914.05784,1830.49596,3083.56188,0.00000,2253,5,0,5,0,0.00000,1000.00000,0.00000,,0,0,0,0
2022-03-24,4924.07582,1838.09323,3085.98258,0.00000,2257,9,0,3,0,0.00000,600.00000,0.00000,,0,0,0,0
2022-03-25,4939.90347,1845.46706,3094.43641,0.00000,2256,7,0,2,0,0.00000,400.00000,0.00000,,0,0,0,0
2022-03-26,4962.88150,1856.41607,3106.46543,0.00000,2267,12,0,1,0,0.00000,200.00000,0.00000,,0,0,0,0
2022-03-27,4971.22360,1876.97340,3094.25020,0.00000,2271,10,0,2,0,0.00000,400.00000,0.00000,,0,0,0,0
2022-03-28,4986.86504,1901.55281,3085.31223,0.00000,2274,9,0,3,0,0.00000,600.00000,0.00000,,0,0,0,0
2022-03-29,5008.16720,1917.19426,3090.97295,0.00000,2277,10,0,2,0,0.00000,400.00000,0.00000,,0,0,0,0
2022-03-30,5011.92860,1919.42875,3092.49985,0.00000,2278,7,0,2,0,0.00000,400.00000,0.00000,,0,0,0,0
2022-03-31,5015.95068,1923.89773,3092.05295,0.00000,2276,4,0,4,0,0.00000,800.00000,0.00000,,0,0,0,0
2022-04-01,5038.92871,1943.11436,3095.81435,0.00000,2287,13,0,1,0,0.00000,200.00000,0.00000,,0,0,0,0
2022-04-02,5068.20056,1970.82207,3097.37849,0.00000,2301,19,0,3,0,0.00000,600.00000,0.00000,,0,0,0,0
2022-04-03,5069.35505,1982.21798,3087.13707,0.00000,2304,8,0,2,0,0.00000,400.00000,0.00000,,0,0,0,0
2022-04-04,5132.21876,2019.75744,3112.46131,0.00000,2319,18,0,3,0,0.00000,600.00000,0.00000,,0,0,0,0
2022-04-05,5124.50976,2026.68437,3097.82539,0.00000,2312,3,0,5,0,0.00000,1000.00000,0.00000,,0,0,0,0
2022-04-06,5137.91671,2049.02929,3088.88742,0.00000,2315,8,0,2,0,0.00000,400.00000,0.00000,,0,0,0,0
2022-04-07,5154.56368,2061.54245,3093.02123,0.00000,2319,8,0,1,0,0.00000,200.00000,0.00000,,0,0,0,0
2022-04-08,5183.61208,2081.65288,3101.95920,0.00000,2325,8,0,0,0,0.00000,0.00000,0.00000,,0,0,0,0
2022-04-09,5219.14050,2100.64606,3118.49444,0.00000,2332,10,0,1,0,0.00000,200.00000,0.00000,,0,0,0,0
2022-04-10,5219.92257,2113.82956,3106.09301,0.00000,2335,10,0,3,0,0.00000,600.00000,0.00000,,0,0,0,0
2022-04-11,5233.29229,2124.10823,3109.18406,0.00000,2341,7,0,1,0,0.00000,200.00000,0.00000,,0,0,0,0
2022-04-12,5246.21510,2134.61034,3111.60476,0.00000,2344,7,0,1,0,0.00000,200.00000,0.00000,,0,0,0,0
2022-04-13,5281.18490,2154.72077,3126.46413,0.00000,2354,12,0,1,0,0.00000,200.00000,0.00000,,0,0,0,0
2022-04-14,5297.90635,2168.57462,3129.33173,0.00000,2360,11,0,4,0,0.00000,800.00000,0.00000,,0,0,0,0
2022-04-15,5305.46638,2174.38430,3131.08208,0.00000,2361,8,0,4,0,0.00000,800.00000,0.00000,,0,0,0,0
2022-04-16,5313.95745,2182.20502,3131.75243,0.00000,2366,7,0,0,0,0.00000,0.00000,0.00000,,0,0,0,0
2022-04-17,5328.48165,2198.06992,3130.41173,0.00000,2370,9,0,1,0,0.00000,200.00000,0.00000,,0,0,0,0
2022-04-18,5328.66786,2205.44374,3123.22412,0.00000,2373,8,0,3,0,0.00000,600.00000,0.00000,,0,0,0,0
2022-04-19,5325.35336,2212.81756,3112.53580,0.00000,2373,4,0,0,0,0.00000,0.00000,0.00000,,0,0,0,0
2022-04-20,5309.48847,2222.42588,3087.06259,0.00000,2371,5,0,3,0,0.00000,600.00000,0.00000,,0,0,0,0
2022-04-21,5371.64459,2270.02056,3101.62403,0.00000,2385,20,0,1,0,0.00000,200.00000,0.00000,,0,0,0,0
2022-04-22,5376.59771,2278.51163,3098.08608,0.00000,2382,5,0,4,0,0.00000,800.00000,0.00000,,0,0,0,0
2022-04-23,5402.18265,2301.52690,3100.65575,0.00000,2384,13,0,5,0,0.00000,1000.00000,0.00000,,0,0,0,0
2022-04-24,5405.72060,2302.19725,3103.52335,0.00000,2389,11,0,4,0,0.00000,800.00000,0.00000,,0,0,0,0
2022-04-25,5436.37038,2317.61525,3118.75513,0.00000,2396,12,0,2,0,0.00000,400.00000,0.00000,,0,0,0,0
2022-04-26,5456.44357,2326.32977,3130.11380,0.00000,2400,11,0,5,0,0.00000,1000.00000,0.00000,,0,0,0,0
2022-04-27,5498.63823,2339.51327,3159.12496,0.00000,2412,13,0,0,0,0.00000,0.00000,0.00000,,0,0,0,0
2022-04-28,5524.11144,2366.55062,3157.56081,0.00000,2420,13,0,1,0,0.00000,200.00000,0.00000,,0,0,0,0
2022-04-29,5541.50323,2381.96862,3159.53461,0.00000,2429,14,0,3,0,0.00000,600.00000,0.00000,,0,0,0,0
2022-04-30,5554.94743,2397.61006,3157.33736,0.00000,2433,10,0,2,0,0.00000,400.00000,0.00000,,0,0,0,0
2022-05-01,5537.10873,2399.84456,3137.26418,0.00000,2430,4,0,2,0,0.00000,400.00000,0.00000,,0,0,0,0
2022-05-02,5539.34323,2411.01702,3128.32621,0.00000,2432,6,0,1,0,0.00000,200.00000,0.00000,,0,0,0,0
2022-05-03,5582.87858,2443.19370,3139.68488,0.00000,2443,12,0,0,0,0.00000,0.00000,0.00000,,0,0,0,0
2022-05-04,5600.12141,2470.67796,3129.44345,0.00000,2452,12,0,0,0,0.00000,0.00000,0.00000,,0,0,0,0
2022-05-05,5600.04693,2494.14012,3105.90680,0.00000,2456,11,0,1,0,0.00000,200.00000,0.00000,,0,0,0,0
2022-05-06,5631.77672,2518.49609,3113.28063,0.00000,2461,10,0,3,0,0.00000,600.00000,0.00000,,0,0,0,0
2022-05-07,5654.30785,2530.11545,3124.19240,0.00000,2465,12,0,6,0,0.00000,1200.00000,0.00000,,0,0,0,0
2022-05-08,5667.56583,2547.09759,3120.46824,0.00000,2468,8,0,1,0,0.00000,200.00000,0.00000,,0,0,0,0
2022-05-09,5688.30937,2565.64387,3122.66549,0.00000,2474,13,0,4,0,0.00000,800.00000,0.00000,,0,0,0,0
2022-05-10,5704.91909,2584.41361,3120.50549,0.00000,2480,11,0,1,0,0.00000,200.00000,0.00000,,0,0,0,0
2022-05-11,5717.35777,2592.45778,3124.89999,0.00000,2481,9,0,5,0,0.00000,1000.00000,0.00000,,0,0,0,0
2022-05-12,5725.81159,2599.60815,3126.20344,0.00000,2487,10,0,1,0,0.00000,200.00000,0.00000,,0,0,0,0
2022-05-13,5739.44200,2614.13235,3125.30964,0.00000,2491,6,0,0,0,0.00000,0.00000,0.00000,,0,0,0,0
2022-05-14,5749.05031,2621.50618,3127.54414,0.00000,2496,9,0,3,0,0.00000,600.00000,0.00000,,0,0,0,0
2022-05-15,5799.32639,2663.06773,3136.25866,0.00000,2505,14,0,4,0,0.00000,800.00000,0.00000,,0,0,0,0
2022-05-16,5802.38019,2679.37952,3123.00067,0.00000,2509,12,0,4,0,0.00000,800.00000,0.00000,,0,0,0,0
2022-05-17,5804.61468,2681.61401,3123.00067,0.00000,2510,8,0,6,0,0.00000,1200.00000,0.00000,,0,0,0,0
2022-05-18,5796.12361,2690.32853,3105.79508,0.00000,2510,8,0,3,0,0.00000,600.00000,0.00000,,0,0,0,0
2022-05-19,5828.97065,2714.46105,3114.50960,0.00000,2517,15,0,4,0,0.00000,800.00000,0.00000,,0,0,0,0
2022-05-20,5833.96101,2711.55621,3122.40480,0.00000,2519,8,0,3,0,0.00000,600.00000,0.00000,,0,0,0,0
2022-05-21,5856.38042,2737.92322,3118.45720,0.00000,2521,9,0,3,0,0.00000,600.00000,0.00000,,0,0,0,0
2022-05-22,5865.98873,2739.04046,3126.94827,0.00000,2520,7,0,6,0,0.00000,1200.00000,0.00000,,0,0,0,0
2022-05-23,5894.40402,2751.10672,3143.29731,0.00000,2524,9,0,2,0,0.00000,400.00000,0.00000,,0,0,0,0
2022-05-24,5917.45654,2769.20611,3148.25043,0.00000,2522,10,0,4,0,0.00000,800.00000,0.00000,,0,0,0,0
2022-05-25,5946.46769,2786.85859,3159.60910,0.00000,2533,12,0,0,0,0.00000,0.00000,0.00000,,0,0,0,0
2022-05-26,5955.62911,2796.24346,3159.38565,0.00000,2533,10,0,3,0,0.00000,600.00000,0.00000,,0,0,0,0
2022-05-27,5971.75469,2806.74557,3165.00912,0.00000,2535,7,0,0,0,0.00000,0.00000,0.00000,,0,0,0,0
2022-05-28,5985.90648,2825.51531,3160.39117,0.00000,2540,12,0,3,0,0.00000,600.00000,0.00000,,0,0,0,0
2022-05-29,5998.60584,2836.24087,3162.36497,0.00000,2545,6,0,1,0,0.00000,200.00000,0.00000,,0,0,0,0
2022-05-30,6028.17562,2862.16098,3166.01464,0.00000,2548,11,0,3,0,0.00000,600.00000,0.00000,,0,0,0,0
2022-05-31,6051.89848,2888.75144,3163.14704,0.00000,2556,13,0,0,0,0.00000,0.00000,0.00000,,0,0,0,0
2022-06-01,6073.49857,2897.24251,3176.25606,0.00000,2566,12,0,0,0,0.00000,0.00000,0.00000,,0,0,0,0
2022-06-02,6103.18007,2933.44128,3169.73880,0.00000,2576,15,0,2,0,0.00000,400.00000,0.00000,,0,0,0,0
2022-06-03,6140.71954,2953.99861,3186.72094,0.00000,2587,15,0,1,0,0.00000,200.00000,0.00000,,0,0,0,0
2022-06-04,6142.65610,2960.92553,3181.73057,0.00000,2591,6,0,1,0,0.00000,200.00000,0.00000,,0,0,0,0
2022-06-05,6151.37062,2969.41660,3181.95402,0.00000,2596,8,0,1,0,0.00000,200.00000,0.00000,,0,0,0,0
2022-06-06,6168.31552,2994.44291,3173.87261,0.00000,2595,9,0,5,0,0.00000,1000.00000,0.00000,,0,0,0,0
2022-06-07,6194.04942,3014.55334,3179.49608,0.00000,2600,12,0,2,0,0.00000,400.00000,0.00000,,0,0,0,0
2022-06-08,6203.80670,3021.03337,3182.77333,0.00000,2600,4,0,3,0,0.00000,600.00000,0.00000,,0,0,0,0
2022-06-09,6210.51018,3035.33412,3175.17606,0.00000,2606,13,0,6,0,0.00000,1200.00000,0.00000,,0,0,0,0
2022-06-10,6198.70461,3042.70794,3155.99667,0.00000,2601,7,0,5,0,0.00000,1000.00000,0.00000,,0,0,0,0
2022-06-11,6199.15151,3043.37829,3155.77322,0.00000,2604,10,0,3,0,0.00000,600.00000,0.00000,,0,0,0,0
2022-06-12,6185.70732,3044.49554,3141.21178,0.00000,2601,5,0,5,0,0.00000,1000.00000,0.00000,,0,0,0,0
2022-06-13,6193.15562,3063.48872,3129.66690,0.00000,2607,12,0,1,0,0.00000,200.00000,0.00000,,0,0,0,0
2022-06-14,6190.77217,3083.15225,3107.61991,0.00000,2608,8,0,0,0,0.00000,0.00000,0.00000,,0,0,0,0
2022-06-15,6204.17912,3096.33575,3107.84336,0.00000,2615,10,0,3,0,0.00000,600.00000,0.00000,,0,0,0,0
2022-06-16,6212.18605,3103.03923,3109.14682,0.00000,2617,10,0,2,0,0.00000,400.00000,0.00000,,0,0,0,0
2022-06-17,6217.10193,3108.40201,3108.69992,0.00000,2618,5,0,1,0,0.00000,200.00000,0.00000,,0,0,0,0
2022-06-18,6232.11027,3124.93725,3107.17302,0.00000,2623,9,0,2,0,0.00000,400.00000,0.00000,,0,0,0,0
2022-06-19,6212.67019,3124.49036,3088.17983,0.00000,2617,1,0,1,0,0.00000,200.00000,0.00000,,0,0,0,0
2022-06-20,6225.59300,3143.93044,3081.66256,0.00000,2627,13,0,1,0,0.00000,200.00000,0.00000,,0,0,0,0
2022-06-21,6235.31304,3150.85736,3084.45568,0.00000,2626,7,0,4,0,0.00000,800.00000,0.00000,,0,0,0,0
2022-06-22,6283.80152,3198.67549,3085.12603,0.00000,2636,16,0,2,0,0.00000,400.00000,0.00000,,0,0,0,0
2022-06-23,6302.60850,3227.72389,3074.88460,0.00000,2645,16,0,1,0,0.00000,200.00000,0.00000,,0,0,0,0
2022-06-24,6304.84299,3246.94052,3057.90246,0.00000,2653,13,0,1,0,0.00000,200.00000,0.00000,,0,0,0,0
2022-06-25,6339.73831,3272.63718,3067.10112,0.00000,2667,16,0,1,0,0.00000,200.00000,0.00000,,0,0,0,0
2022-06-26,6358.65701,3279.34066,3079.31635,0.00000,2673,8,0,2,0,0.00000,400.00000,0.00000,,0,0,0,0
2022-06-27,6370.49982,3282.91585,3087.58397,0.00000,2681,11,0,0,0,0.00000,0.00000,0.00000,,0,0,0,0
2022-06-28,6393.88750,3295.20555,3098.68195,0.00000,2686,9,0,2,0,0.00000,400.00000,0.00000,,0,0,0,0
2022-06-29,6435.85871,3328.49949,3107.35922,0.00000,2695,12,0,0,0,0.00000,0.00000,0.00000,,0,0,0,0
2022-06-30,6496.15276,3369.61414,3126.53861,0.00000,2710,19,0,3,0,0.00000,600.00000,0.00000,,0,0,0,0
2022-07-01,6504.42038,3377.88176,3126.53861,0.00000,2714,8,0,2,0,0.00000,400.00000,0.00000,,0,0,0,0
2022-07-02,6517.11974,3388.38388,3128.73586,0.00000,2721,11,0,3,0,0.00000,600.00000,0.00000,,0,0,0,0
2022-07-03,6541.88536,3410.50535,3131.38001,0.00000,2729,12,0,3,0,0.00000,600.00000,0.00000,,0,0,0,0
2022-07-04,6553.69093,3421.23091,3132.46002,0.00000,2728,4,0,3,0,0.00000,600.00000,0.00000,,0,0,0,0
2022-07-05,6570.71031,3439.77720,3130.93312,0.00000,2731,8,0,3,0,0.00000,600.00000,0.00000,,0,0,0,0
2022-07-06,6594.32144,3477.54011,3116.78133,0.00000,2738,14,0,2,0,0.00000,400.00000,0.00000,,0,0,0,0
2022-07-07,6605.75460,3491.39396,3114.36063,0.00000,2743,9,0,2,0,0.00000,400.00000,0.00000,,0,0,0,0
2022-07-08,6637.74508,3517.53752,3120.20755,0.00000,2751,13,0,3,0,0.00000,600.00000,0.00000,,0,0,0,0
2022-07-09,6669.69831,3550.83146,3118.86686,0.00000,2758,13,0,1,0,0.00000,200.00000,0.00000,,0,0,0,0
2022-07-10,6701.16741,3580.55020,3120.61721,0.00000,2765,13,0,3,0,0.00000,600.00000,0.00000,,0,0,0,0
2022-07-11,6695.50670,3589.04127,3106.46543,0.00000,2764,7,0,1,0,0.00000,200.00000,0.00000,,0,0,0,0
2022-07-12,6725.26268,3620.77106,3104.49163,0.00000,2771,10,0,1,0,0.00000,200.00000,0.00000,,0,0,0,0
2022-07-13,6763.99388,3651.83050,3112.16338,0.00000,2781,14,0,1,0,0.00000,200.00000,0.00000,,0,0,0,0
2022-07-14,6774.75668,3665.01400,3109.74268,0.00000,2789,13,0,1,0,0.00000,200.00000,0.00000,,0,0,0,0
2022-07-15,6803.35818,3694.28585,3109.07233,0.00000,2794,10,0,2,0,0.00000,400.00000,0.00000,,0,0,0,0
2022-07-16,6831.95968,3722.66390,3109.29578,0.00000,2804,14,0,0,0,0.00000,0.00000,0.00000,,0,0,0,0
2022-07-17,6833.07693,3732.04877,3101.02816,0.00000,2803,8,0,2,0,0.00000,400.00000,0.00000,,0,0,0,0
2022-07-18,6855.38461,3751.93575,3103.44886,0.00000,2810,10,0,2,0,0.00000,400.00000,0.00000,,0,0,0,0
2022-07-19,6882.83162,3776.29171,3106.53991,0.00000,2817,9,0,1,0,0.00000,200.00000,0.00000,,0,0,0,0
2022-07-20,6887.74750,3791.03936,3096.70814,0.00000,2818,7,0,3,0,0.00000,600.00000,0.00000,,0,0,0,0
2022-07-21,6914.41244,3828.57883,3085.83362,0.00000,2825,13,0,2,0,0.00000,400.00000,0.00000,,0,0,0,0
2022-07-22,6912.21519,3836.39955,3075.81564,0.00000,2819,4,0,7,0,0.00000,1400.00000,0.00000,,0,0,0,0
2022-07-23,6933.55459,3851.59410,3081.96050,0.00000,2826,8,0,0,0,0.00000,0.00000,0.00000,,0,0,0,0
2022-07-24,6955.71331,3866.78864,3088.92466,0.00000,2828,7,0,3,0,0.00000,600.00000,0.00000,,0,0,0,0
2022-07-25,6979.95755,3895.83704,3084.12050,0.00000,2836,12,0,1,0,0.00000,200.00000,0.00000,,0,0,0,0
2022-07-26,6999.77004,3912.14883,3087.62121,0.00000,2846,14,0,1,0,0.00000,200.00000,0.00000,,0,0,0,0
2022-07-27,7010.45836,3938.29239,3072.16597,0.00000,2853,12,0,0,0,0.00000,0.00000,0.00000,,0,0,0,0
2022-07-28,7036.19226,3965.32975,3070.86252,0.00000,2857,9,0,3,0,0.00000,600.00000,0.00000,,0,0,0,0
2022-07-29,7062.55927,3991.02641,3071.53287,0.00000,2863,15,0,5,0,0.00000,1000.00000,0.00000,,0,0,0,0
2022-07-30,7078.57313,3993.48435,3085.08878,0.00000,2871,11,0,2,0,0.00000,400.00000,0.00000,,0,0,0,0
2022-07-31,7091.79388,4016.72307,3075.07081,0.00000,2878,11,0,1,0,0.00000,200.00000,0.00000,,0,0,0,0
2022-08-01,7093.54423,4034.82245,3058.72178,0.00000,2878,9,0,4,0,0.00000,800.00000,0.00000,,0,0,0,0
2022-08-02,7112.12775,4038.84454,3073.28322,0.00000,2884,11,0,3,0,0.00000,600.00000,0.00000,,0,0,0,0
2022-08-03,7136.52096,4041.52593,3094.99503,0.00000,2886,8,0,1,0,0.00000,200.00000,0.00000,,0,0,0,0
2022-08-04,7140.09615,4045.77146,3094.32469,0.00000,2887,10,0,5,0,0.00000,1000.00000,0.00000,,0,0,0,0
2022-08-05,7144.97479,4048.67630,3096.29849,0.00000,2890,4,0,1,0,0.00000,200.00000,0.00000,,0,0,0,0
2022-08-06,7165.27143,4049.57010,3115.70133,0.00000,2893,8,0,3,0,0.00000,600.00000,0.00000,,0,0,0,0
2022-08-07,7162.66452,4059.62531,3103.03920,0.00000,2889,4,0,3,0,0.00000,600.00000,0.00000,,0,0,0,0
2022-08-08,7180.54046,4069.45708,3111.08338,0.00000,2891,7,0,1,0,0.00000,200.00000,0.00000,,0,0,0,0
2022-08-09,7203.59297,4087.10957,3116.48340,0.00000,2895,10,0,1,0,0.00000,200.00000,0.00000,,0,0,0,0
2022-08-10,7193.42603,4073.92606,3119.49996,0.00000,2895,7,0,4,0,0.00000,800.00000,0.00000,,0,0,0,0
2022-08-11,7196.51707,4091.80200,3104.71507,0.00000,2893,7,0,6,0,0.00000,1200.00000,0.00000,,0,0,0,0
2022-08-12,7220.42614,4115.48762,3104.93852,0.00000,2896,7,0,3,0,0.00000,600.00000,0.00000,,0,0,0,0
2022-08-13,7251.26213,4138.05599,3113.20614,0.00000,2907,16,0,3,0,0.00000,600.00000,0.00000,,0,0,0,0
2022-08-14,7258.97113,4152.58019,3106.39094,0.00000,2907,12,0,4,0,0.00000,800.00000,0.00000,,0,0,0,0
2022-08-15,7266.30771,4159.50711,3106.80060,0.00000,2910,11,0,4,0,0.00000,800.00000,0.00000,,0,0,0,0
2022-08-16,7244.37245,4169.56233,3074.81012,0.00000,2912,8,0,1,0,0.00000,200.00000,0.00000,,0,0,0,0
2022-08-17,7240.42485,4178.50030,3061.92455,0.00000,2915,12,0,3,0,0.00000,600.00000,0.00000,,0,0,0,0
2022-08-18,7273.49533,4205.53765,3067.95768,0.00000,2918,10,0,1,0,0.00000,200.00000,0.00000,,0,0,0,0
2022-08-19,7283.36434,4225.87153,3057.49281,0.00000,2925,9,0,0,0,0.00000,0.00000,0.00000,,0,0,0,0
2022-08-20,7325.14934,4259.16546,3065.98388,0.00000,2937,16,0,2,0,0.00000,400.00000,0.00000,,0,0,0,0
2022-08-21,7350.73427,4269.89102,3080.84325,0.00000,2946,13,0,2,0,0.00000,400.00000,0.00000,,0,0,0,0
2022-08-22,7350.92048,4276.81795,3074.10253,0.00000,2948,7,0,2,0,0.00000,400.00000,0.00000,,0,0,0,0
2022-08-23,7314.05136,4284.63867,3029.41269,0.00000,2944,7,0,2,0,0.00000,400.00000,0.00000,,0,0,0,0
2022-08-24,7323.02657,4304.07875,3018.94782,0.00000,2948,10,0,3,0,0.00000,600.00000,0.00000,,0,0,0,0
2022-08-25,7339.78526,4329.77541,3010.00985,0.00000,2956,12,0,1,0,0.00000,200.00000,0.00000,,0,0,0,0
2022-08-26,7360.64052,4354.35483,3006.28570,0.00000,2959,9,0,3,0,0.00000,600.00000,0.00000,,0,0,0,0
2022-08-27,7362.24191,4366.64453,2995.59738,0.00000,2961,8,0,2,0,0.00000,400.00000,0.00000,,0,0,0,0
2022-08-28,7387.00753,4380.05149,3006.95604,0.00000,2970,12,0,2,0,0.00000,400.00000,0.00000,,0,0,0,0
2022-08-29,7403.28208,4386.53151,3016.75057,0.00000,2970,6,0,3,0,0.00000,600.00000,0.00000,,0,0,0,0
2022-08-30,7421.90285,4410.66403,3011.23882,0.00000,2973,10,0,2,0,0.00000,400.00000,0.00000,,0,0,0,0
2022-08-31,7456.31403,4428.98686,3027.32716,0.00000,2976,10,0,4,0,0.00000,800.00000,0.00000,,0,0,0,0
2022-09-01,7467.03959,4446.63935,3020.40024,0.00000,2984,14,0,1,0,0.00000,200.00000,0.00000,,0,0,0,0
2022-09-02,7483.79828,4460.94010,3022.85818,0.00000,2989,11,0,2,0,0.00000,400.00000,0.00000,,0,0,0,0
2022-09-03,7487.03829,4487.08366,2999.95463,0.00000,2995,13,0,1,0,0.00000,200.00000,0.00000,,0,0,0,0
2022-09-04,7525.47156,4509.20513,3016.26643,0.00000,3005,15,0,1,0,0.00000,200.00000,0.00000,,0,0,0,0
2022-09-05,7541.78335,4517.47275,3024.31060,0.00000,3008,8,0,1,0,0.00000,200.00000,0.00000,,0,0,0,0
2022-09-06,7546.88544,4528.86866,3018.01678,0.00000,3009,8,0,4,0,0.00000,800.00000,0.00000,,0,0,0,0
2022-09-07,7543.08681,4534.67834,3008.40846,0.00000,3011,9,0,3,0,0.00000,600.00000,0.00000,,0,0,0,0
2022-09-08,7558.57928,4545.85080,3012.72848,0.00000,3015,10,0,1,0,0.00000,200.00000,0.00000,,0,0,0,0
2022-09-09,7576.93936,4557.91706,3019.02230,0.00000,3019,8,0,1,0,0.00000,200.00000,0.00000,,0,0,0,0
2022-09-10,7577.01385,4570.43022,3006.58363,0.00000,3016,7,0,5,0,0.00000,1000.00000,0.00000,,0,0,0,0
2022-09-11,7590.38356,4573.55851,3016.82505,0.00000,3021,8,0,1,0,0.00000,200.00000,0.00000,,0,0,0,0
2022-09-12,7615.89401,4591.43444,3024.45957,0.00000,3027,10,0,2,0,0.00000,400.00000,0.00000,,0,0,0,0
2022-09-13,7636.26513,4605.51174,3030.75339,0.00000,3032,9,0,2,0,0.00000,400.00000,0.00000,,0,0,0,0
2022-09-14,7612.87744,4603.94760,3008.92985,0.00000,3027,3,0,3,0,0.00000,600.00000,0.00000,,0,0,0,0
2022-09-15,7614.47883,4607.52279,3006.95604,0.00000,3026,5,0,5,0,0.00000,1000.00000,0.00000,,0,0,0,0
2022-09-16,7650.41691,4632.99600,3017.42092,0.00000,3039,14,0,1,0,0.00000,200.00000,0.00000,,0,0,0,0
2022-09-17,7645.27758,4647.07330,2998.20428,0.00000,3042,9,0,0,0,0.00000,0.00000,0.00000,,0,0,0,0
2022-09-18,7677.26806,4671.65271,3005.61535,0.00000,3046,11,0,3,0,0.00000,600.00000,0.00000,,0,0,0,0
2022-09-19,7712.98269,4695.78523,3017.19747,0.00000,3059,15,0,1,0,0.00000,200.00000,0.00000,,0,0,0,0
2022-09-20,7757.89598,4716.34255,3041.55343,0.00000,3064,11,0,3,0,0.00000,600.00000,0.00000,,0,0,0,0
2022-09-21,7768.28637,4731.53710,3036.74927,0.00000,3066,9,0,3,0,0.00000,600.00000,0.00000,,0,0,0,0
2022-09-22,7792.67958,4748.96614,3043.71344,0.00000,3070,6,0,1,0,0.00000,200.00000,0.00000,,0,0,0,0
2022-09-23,7811.41207,4757.68066,3053.73141,0.00000,3073,9,0,4,0,0.00000,800.00000,0.00000,,0,0,0,0
2022-09-24,7820.79694,4766.17173,3054.62521,0.00000,3079,7,0,1,0,0.00000,200.00000,0.00000,,0,0,0,0
2022-09-25,7838.71012,4786.50561,3052.20451,0.00000,3085,9,0,0,0,0.00000,0.00000,0.00000,,0,0,0,0
2022-09-26,7844.44531,4799.91256,3044.53275,0.00000,3084,9,0,4,0,0.00000,800.00000,0.00000,,0,0,0,0
2022-09-27,7855.91571,4806.61604,3049.29967,0.00000,3086,8,0,3,0,0.00000,600.00000,0.00000,,0,0,0,0
2022-09-28,7867.64679,4831.41890,3036.22789,0.00000,3096,17,0,1,0,0.00000,200.00000,0.00000,,0,0,0,0
2022-09-29,7883.69789,4845.49620,3038.20169,0.00000,3100,11,0,2,0,0.00000,400.00000,0.00000,,0,0,0,0
2022-09-30,7912.48560,4863.81903,3048.66656,0.00000,3108,13,0,3,0,0.00000,600.00000,0.00000,,0,0,0,0
2022-10-01,7951.84990,4905.82749,3046.02242,0.00000,3112,9,0,2,0,0.00000,400.00000,0.00000,,0,0,0,0
2022-10-02,7977.50932,4938.67452,3038.83480,0.00000,3121,12,0,0,0,0.00000,0.00000,0.00000,,0,0,0,0
2022-10-03,7997.21009,4960.34909,3036.86100,0.00000,3126,9,0,1,0,0.00000,200.00000,0.00000,,0,0,0,0
2022-10-04,8000.78528,4963.25393,3037.53135,0.00000,3129,6,0,2,0,0.00000,400.00000,0.00000,,0,0,0,0
2022-10-05,8006.33427,4975.99054,3030.34373,0.00000,3135,10,0,0,0,0.00000,0.00000,0.00000,,0,0,0,0
2022-10-06,8029.49850,4993.86648,3035.63203,0.00000,3145,15,0,5,0,0.00000,1000.00000,0.00000,,0,0,0,0
2022-10-07,8035.68060,4996.10097,3039.57963,0.00000,3150,6,0,1,0,0.00000,200.00000,0.00000,,0,0,0,0
2022-10-08,8046.62961,5006.15618,3040.47343,0.00000,3157,12,0,2,0,0.00000,400.00000,0.00000,,0,0,0,0
2022-10-09,8068.37867,5022.91487,3045.46379,0.00000,3159,6,0,2,0,0.00000,400.00000,0.00000,,0,0,0,0
2022-10-10,8094.55947,5059.33710,3035.22237,0.00000,3168,13,0,1,0,0.00000,200.00000,0.00000,,0,0,0,0
2022-10-11,8100.59259,5066.26402,3034.32857,0.00000,3169,5,0,2,0,0.00000,400.00000,0.00000,,0,0,0,0
2022-10-12,8097.46431,5080.78822,3016.67609,0.00000,3172,11,0,4,0,0.00000,800.00000,0.00000,,0,0,0,0
2022-10-13,8123.16097,5114.52905,3008.63191,0.00000,3181,11,0,1,0,0.00000,200.00000,0.00000,,0,0,0,0
2022-10-14,8117.72370,5116.98699,3000.73671,0.00000,3177,3,0,2,0,0.00000,400.00000,0.00000,,0,0,0,0
2022-10-15,8151.98591,5129.05325,3022.93266,0.00000,3181,11,0,3,0,0.00000,600.00000,0.00000,,0,0,0,0
2022-10-16,8161.18457,5137.76777,3023.41680,0.00000,3189,15,0,4,0,0.00000,800.00000,0.00000,,0,0,0,0
2022-10-17,8176.19291,5154.30301,3021.88990,0.00000,3195,12,0,5,0,0.00000,1000.00000,0.00000,,0,0,0,0
2022-10-18,8194.81368,5175.97759,3018.83609,0.00000,3200,11,0,2,0,0.00000,400.00000,0.00000,,0,0,0,0
2022-10-19,8198.38887,5187.15005,3011.23882,0.00000,3205,7,0,0,0,0.00000,0.00000,0.00000,,0,0,0,0
2022-10-20,8211.12547,5201.89769,3009.22778,0.00000,3205,5,0,1,0,0.00000,200.00000,0.00000,,0,0,0,0
2022-10-21,8232.57660,5233.18058,2999.39601,0.00000,3211,10,0,0,0,0.00000,0.00000,0.00000,,0,0,0,0
2022-10-22,8258.83188,5243.23580,3015.59608,0.00000,3218,12,0,2,0,0.00000,400.00000,0.00000,,0,0,0,0
2022-10-23,8277.19196,5246.36409,3030.82787,0.00000,3219,6,0,0,0,0.00000,0.00000,0.00000,,0,0,0,0
2022-10-24,8289.89132,5256.64275,3033.24857,0.00000,3223,8,0,3,0,0.00000,600.00000,0.00000,,0,0,0,0
2022-10-25,8291.86512,5265.58072,3026.28440,0.00000,3225,10,0,3,0,0.00000,600.00000,0.00000,,0,0,0,0
2022-10-26,8282.48025,5265.58072,3016.89953,0.00000,3224,6,0,4,0,0.00000,800.00000,0.00000,,0,0,0,0
2022-10-27,8287.17269,5278.98767,3008.18502,0.00000,3221,6,0,6,0,0.00000,1200.00000,0.00000,,0,0,0,0
2022-10-28,8304.56448,5286.80839,3017.75609,0.00000,3226,11,0,2,0,0.00000,400.00000,0.00000,,0,0,0,0
2022-10-29,8326.12733,5310.71746,3015.40987,0.00000,3236,13,0,1,0,0.00000,200.00000,0.00000,,0,0,0,0
2022-10-30,8326.09009,5314.96300,3011.12710,0.00000,3240,7,0,1,0,0.00000,200.00000,0.00000,,0,0,0,0
2022-10-31,8346.46121,5323.00717,3023.45404,0.00000,3235,7,0,2,0,0.00000,400.00000,0.00000,,0,0,0,0
2022-11-01,8372.90270,5344.45829,3028.44441,0.00000,3239,11,0,4,0,0.00000,800.00000,0.00000,,0,0,0,0
2022-11-02,8378.86135,5346.91623,3031.94511,0.00000,3243,14,0,2,0,0.00000,400.00000,0.00000,,0,0,0,0
2022-11-03,8395.65728,5365.23907,3030.41821,0.00000,3248,13,0,6,0,0.00000,1200.00000,0.00000,,0,0,0,0
2022-11-04,8395.62004,5371.27220,3024.34784,0.00000,3251,10,0,4,0,0.00000,800.00000,0.00000,,0,0,0,0
2022-11-05,8426.53051,5397.86265,3028.66786,0.00000,3255,13,0,4,0,0.00000,800.00000,0.00000,,0,0,0,0
2022-11-06,8429.02570,5411.93995,3017.08574,0.00000,3254,6,0,4,0,0.00000,800.00000,0.00000,,0,0,0,0
2022-11-07,8467.45896,5439.87111,3027.58786,0.00000,3268,17,0,1,0,0.00000,200.00000,0.00000,,0,0,0,0
2022-11-08,8487.56939,5468.69605,3018.87334,0.00000,3272,11,0,3,0,0.00000,600.00000,0.00000,,0,0,0,0
2022-11-09,8515.79847,5484.56095,3031.23753,0.00000,3274,9,0,2,0,0.00000,400.00000,0.00000,,0,0,0,0
2022-11-10,8534.56821,5504.00103,3030.56718,0.00000,3273,7,0,5,0,0.00000,1000.00000,0.00000,,0,0,0,0
2022-11-11,8542.57514,5526.34595,3016.22919,0.00000,3280,11,0,1,0,0.00000,200.00000,0.00000,,0,0,0,0
2022-11-12,8573.56010,5546.23293,3027.32716,0.00000,3288,15,0,3,0,0.00000,600.00000,0.00000,,0,0,0,0
2022-11-13,8566.40972,5556.73504,3009.67468,0.00000,3289,6,0,2,0,0.00000,400.00000,0.00000,,0,0,0,0
2022-11-14,8577.50770,5564.55577,3012.95193,0.00000,3293,9,0,3,0,0.00000,600.00000,0.00000,,0,0,0,0
2022-11-15,8602.94367,5587.57104,3015.37263,0.00000,3304,13,0,2,0,0.00000,400.00000,0.00000,,0,0,0,0
2022-11-16,8618.21270,5598.74350,3019.46920,0.00000,3305,6,0,1,0,0.00000,200.00000,0.00000,,0,0,0,0
2022-11-17,8642.15900,5624.44016,3017.71885,0.00000,3307,11,0,3,0,0.00000,600.00000,0.00000,,0,0,0,0
2022-11-18,8639.03072,5621.53532,3017.49540,0.00000,3303,5,0,7,0,0.00000,1400.00000,0.00000,,0,0,0,0
2022-11-19,8644.57970,5633.82502,3010.75468,0.00000,3305,7,0,3,0,0.00000,600.00000,0.00000,,0,0,0,0
2022-11-20,8659.66253,5644.55059,3015.11194,0.00000,3311,12,0,1,0,0.00000,200.00000,0.00000,,0,0,0,0
2022-11-21,8668.19084,5646.78508,3021.40576,0.00000,3311,9,0,3,0,0.00000,600.00000,0.00000,,0,0,0,0
2022-11-22,8651.95353,5652.37131,2999.58222,0.00000,3309,5,0,1,0,0.00000,200.00000,0.00000,,0,0,0,0
2022-11-23,8668.71222,5659.74513,3008.96709,0.00000,3316,10,0,1,0,0.00000,200.00000,0.00000,,0,0,0,0
2022-11-24,8691.24335,5671.58794,3019.65541,0.00000,3326,14,0,1,0,0.00000,200.00000,0.00000,,0,0,0,0
2022-11-25,8724.76073,5689.68733,3035.07340,0.00000,3332,11,0,2,0,0.00000,400.00000,0.00000,,0,0,0,0
2022-11-26,8744.87116,5700.85979,3044.01137,0.00000,3339,9,0,1,0,0.00000,200.00000,0.00000,,0,0,0,0
2022-11-27,8756.49052,5722.31091,3034.17961,0.00000,3340,11,0,5,0,0.00000,1000.00000,0.00000,,0,0,0,0
2022-11-28,8786.43271,5742.64479,3043.78792,0.00000,3349,13,0,2,0,0.00000,400.00000,0.00000,,0,0,0,0
2022-11-29,8798.72242,5763.42557,3035.29685,0.00000,3353,11,0,2,0,0.00000,400.00000,0.00000,,0,0,0,0
2022-11-30,8808.81488,5775.71527,3033.09960,0.00000,3360,10,0,1,0,0.00000,200.00000,0.00000,,0,0,0,0
2022-12-01,8808.21901,5788.45188,3019.76713,0.00000,3359,6,0,1,0,0.00000,200.00000,0.00000,,0,0,0,0
2022-12-02,8820.13630,5813.03129,3007.10501,0.00000,3362,9,0,2,0,0.00000,400.00000,0.00000,,0,0,0,0
2022-12-03,8843.15157,5844.76108,2998.39049,0.00000,3370,12,0,2,0,0.00000,400.00000,0.00000,,0,0,0,0
2022-12-04,8872.87032,5874.03293,2998.83739,0.00000,3381,14,0,1,0,0.00000,200.00000,0.00000,,0,0,0,0
2022-12-05,8886.12831,5891.23852,2994.88979,0.00000,3387,10,0,1,0,0.00000,200.00000,0.00000,,0,0,0,0
2022-12-06,8885.49520,5891.46197,2994.03323,0.00000,3384,4,0,5,0,0.00000,1000.00000,0.00000,,0,0,0,0
2022-12-07,8894.17248,5906.87996,2987.29251,0.00000,3390,11,0,2,0,0.00000,400.00000,0.00000,,0,0,0,0
2022-12-08,8941.80440,5956.70914,2985.09526,0.00000,3398,13,0,2,0,0.00000,400.00000,0.00000,,0,0,0,0
2022-12-09,8959.00999,5974.36163,2984.64837,0.00000,3406,9,0,0,0,0.00000,0.00000,0.00000,,0,0,0,0
2022-12-10,8988.91494,5994.69550,2994.21944,0.00000,3408,8,0,2,0,0.00000,400.00000,0.00000,,0,0,0,0
2022-12-11,9023.69854,6015.69973,3007.99881,0.00000,3416,12,0,3,0,0.00000,600.00000,0.00000,,0,0,0,0
2022-12-12,9021.53853,6017.04042,3004.49810,0.00000,3416,4,0,2,0,0.00000,400.00000,0.00000,,0,0,0,0
2022-12-13,9039.93585,6030.89428,3009.04157,0.00000,3420,13,0,4,0,0.00000,800.00000,0.00000,,0,0,0,0
2022-12-14,9050.17727,6047.20607,3002.97120,0.00000,3424,7,0,0,0,0.00000,0.00000,0.00000,,0,0,0,0
2022-12-15,9061.49870,6062.84751,2998.65118,0.00000,3431,10,0,2,0,0.00000,400.00000,0.00000,,0,0,0,0
2022-12-16,9065.37182,6069.77444,2995.59738,0.00000,3433,6,0,1,0,0.00000,200.00000,0.00000,,0,0,0,0
2022-12-17,9073.22978,6080.27655,2992.95323,0.00000,3435,5,0,0,0,0.00000,0.00000,0.00000,,0,0,0,0
2022-12-18,9106.74716,6112.90014,2993.84702,0.00000,3445,14,0,0,0,0.00000,0.00000,0.00000,,0,0,0,0
2022-12-19,9134.49211,6142.17198,2992.32012,0.00000,3450,11,0,4,0,0.00000,800.00000,0.00000,,0,0,0,0
2022-12-20,9155.64530,6169.20934,2986.43596,0.00000,3457,14,0,1,0,0.00000,200.00000,0.00000,,0,0,0,0
2022-12-21,9183.87438,6184.18044,2999.69395,0.00000,3462,9,0,0,0,0.00000,0.00000,0.00000,,0,0,0,0
2022-12-22,9192.36545,6192.00116,3000.36429,0.00000,3464,7,0,2,0,0.00000,400.00000,0.00000,,0,0,0,0
2022-12-23,9203.23998,6199.82188,3003.41810,0.00000,3467,8,0,2,0,0.00000,400.00000,0.00000,,0,0,0,0
2022-12-24,9204.35723,6192.44806,3011.90917,0.00000,3467,6,0,3,0,0.00000,600.00000,0.00000,,0,0,0,0
2022-12-25,9220.70626,6219.26196,3001.44430,0.00000,3476,12,0,1,0,0.00000,200.00000,0.00000,,0,0,0,0
2022-12-26,9211.95450,6225.74199,2986.21251,0.00000,3475,5,0,3,0,0.00000,600.00000,0.00000,,0,0,0,0
2022-12-27,9225.28697,6244.73517,2980.55180,0.00000,3474,9,0,5,0,0.00000,1000.00000,0.00000,,0,0,0,0
2022-12-28,9236.86909,6253.89659,2982.97250,0.00000,3481,8,0,1,0,0.00000,200.00000,0.00000,,0,0,0,0
2022-12-29,9266.10369,6272.88977,2993.21392,0.00000,3488,11,0,2,0,0.00000,400.00000,0.00000,,0,0,0,0
2022-12-30,9270.60992,6296.57539,2974.03453,0.00000,3493,10,0,1,0,0.00000,200.00000,0.00000,,0,0,0,0
2022-12-31,9296.53003,6315.34512,2981.18490,0.00000,3497,11,0,2,0,0.00000,400.00000,0.00000,,0,0,0,0
