Date,Daily Emissions (Kg Methane),Daily Mitigable Emissions (Kg Methane),Daily Non-Mitigable Emissions (Kg Methane),Daily Cost ($),Active Leaks,New Leaks,Leaks Repaired,Leaks Naturally Repaired,Leaks Tagged,Daily Repair Cost ($),Daily Natural Repair Cost ($),drone_mdl_high Deployment Cost ($),drone_mdl_high Sites flagged for Follow-Up,drone_mdl_high Leaks tagged for repair,drone_mdl_high Sites Visited,drone_mdl_high Travel Time (Minutes),drone_mdl_high Survey Time (Minutes),OGI_FU_mdl_high Deployment Cost ($),OGI_FU_mdl_high Sites flagged for Follow-Up,OGI_FU_mdl_high Leaks tagged for repair,OGI_FU_mdl_high Sites Visited,OGI_FU_mdl_high Travel Time (Minutes),OGI_FU_mdl_high Survey Time (Minutes)
2022-01-01,50141.74072,9153.58072,40988.16000,500.00000,397,399,0,2,0.00000,0.00000,400.00000,500.00000,0,,9,300,180,0.00000,,0,0,0,0
2022-01-02,50319.13837,9330.97837,40988.16000,500.00000,398,1,0,0,0.00000,0.00000,0.00000,500.00000,0,,1,30,20,0.00000,,0,0,0,0
2022-01-03,49896.24947,8908.08947,40988.16000,1000.00000,399,2,0,1,64.00000,0.00000,200.00000,0.00000,9,,0,0,0,1000.00000,,64,3,120,360
2022-01-04,49602.48947,8908.08947,40694.40000,1000.00000,398,0,0,0,71.00000,0.00000,0.00000,0.00000,1,,0,0,0,1000.00000,,71,3,120,360
2022-01-05,49602.48947,8908.08947,40694.40000,1000.00000,398,0,0,0,59.00000,0.00000,0.00000,0.00000,0,,0,0,0,1000.00000,,59,3,120,360
2022-01-06,49620.65267,8926.25267,40694.40000,500.00000,400,2,0,0,22.00000,0.00000,0.00000,0.00000,0,,0,0,0,500.00000,,22,1,30,120
2022-01-07,49620.18033,8925.78033,40694.40000,0.00000,399,0,0,1,0.00000,0.00000,200.00000,0.00000,0,,0,0,0,0.00000,,0,0,0,0
2022-01-08,49639.92996,8945.52996,40694.40000,0.00000,400,1,0,0,0.00000,0.00000,0.00000,0.00000,0,,0,0,0,0.00000,,0,0,0,0
2022-01-09,49639.92996,8945.52996,40694.40000,0.00000,400,0,0,0,0.00000,0.00000,0.00000,0.00000,0,,0,0,0,0.00000,,0,0,0,0
2022-01-10,49553.52996,8945.52996,40608.00000,0.00000,399,0,0,0,0.00000,0.00000,0.00000,0.00000,0,,0,0,0,0.00000,,0,0,0,0
2022-01-11,49553.52996,8945.52996,40608.00000,0.00000,399,0,0,0,0.00000,0.00000,0.00000,0.00000,0,,0,0,0,0.00000,,0,0,0,0
2022-01-12,49553.33167,8945.33167,40608.00000,0.00000,399,1,0,1,0.00000,0.00000,200.00000,0.00000,0,,0,0,0,0.00000,,0,0,0,0
2022-01-13,49567.03771,8959.03771,40608.00000,0.00000,400,1,0,0,0.00000,0.00000,0.00000,0.00000,0,,0,0,0,0.00000,,0,0,0,0
2022-01-14,49567.03771,8959.03771,40608.00000,0.00000,400,0,0,0,0.00000,0.00000,0.00000,0.00000,0,,0,0,0,0.00000,,0,0,0,0
2022-01-15,49658.14721,8963.74721,40694.40000,0.00000,402,2,0,0,0.00000,0.00000,0.00000,0.00000,0,,0,0,0,0.00000,,0,0,0,0
2022-01-16,49658.14721,8963.74721,40694.40000,0.00000,402,0,0,0,0.00000,0.00000,0.00000,0.00000,0,,0,0,0,0.00000,,0,0,0,0
2022-01-17,49661.35678,8966.95678,40694.40000,0.00000,403,1,0,0,0.00000,0.00000,0.00000,0.00000,0,,0,0,0,0.00000,,0,0,0,0
2022-01-18,48133.75385,7543.03385,40590.72000,10400.00000,351,1,52,0,0.00000,10400.00000,0.00000,0.00000,0,,0,0,0,0.00000,,0,0,0,0
2022-01-19,44656.05827,3771.57827,40884.48000,12800.00000,288,2,64,1,0.00000,12800.00000,200.00000,0.00000,0,,0,0,0,0.00000,,0,0,0,0
2022-01-20,42950.97042,1980.09042,40970.88000,9800.00000,240,2,49,0,0.00000,9800.00000,0.00000,0.00000,0,,0,0,0,0.00000,,0,0,0,0
2022-01-21,41317.84824,243.28824,41074.56000,4000.00000,221,2,20,1,0.00000,4000.00000,200.00000,0.00000,0,,0,0,0,0.00000,,0,0,0,0
2022-01-22,40454.53699,243.97699,40210.56000,0.00000,221,1,0,0,0.00000,0.00000,0.00000,0.00000,0,,0,0,0,0.00000,,0,0,0,0
2022-01-23,40424.60949,300.44949,40124.16000,0.00000,222,2,0,0,0.00000,0.00000,0.00000,0.00000,0,,0,0,0,0.00000,,0,0,0,0
2022-01-24,40424.60949,300.44949,40124.16000,0.00000,222,0,0,0,0.00000,0.00000,0.00000,0.00000,0,,0,0,0,0.00000,,0,0,0,0
2022-01-25,40424.26016,300.10016,40124.16000,0.00000,221,0,0,1,0.00000,0.00000,200.00000,0.00000,0,,0,0,0,0.00000,,0,0,0,0
2022-01-26,40717.53491,299.61491,40417.92000,0.00000,221,1,0,1,0.00000,0.00000,200.00000,0.00000,0,,0,0,0,0.00000,,0,0,0,0
2022-01-27,40717.73027,299.81027,40417.92000,0.00000,221,1,0,1,0.00000,0.00000,200.00000,0.00000,0,,0,0,0,0.00000,,0,0,0,0
2022-01-28,40726.76690,395.24690,40331.52000,0.00000,223,3,0,0,0.00000,0.00000,0.00000,0.00000,0,,0,0,0,0.00000,,0,0,0,0
2022-01-29,39862.51814,394.99814,39467.52000,0.00000,221,0,0,1,0.00000,0.00000,200.00000,0.00000,0,,0,0,0,0.00000,,0,0,0,0
2022-01-30,39862.51814,394.99814,39467.52000,0.00000,221,0,0,0,0.00000,0.00000,0.00000,0.00000,0,,0,0,0,0.00000,,0,0,0,0
2022-01-31,40004.39032,536.87032,39467.52000,0.00000,222,3,0,1,0.00000,0.00000,200.00000,0.00000,0,,0,0,0,0.00000,,0,0,0,0
2022-02-01,40004.39032,536.87032,39467.52000,0.00000,222,0,0,0,0.00000,0.00000,0.00000,0.00000,0,,0,0,0,0.00000,,0,0,0,0
2022-02-02,39917.99032,536.87032,39381.12000,0.00000,221,0,0,0,0.00000,0.00000,0.00000,0.00000,0,,0,0,0,0.00000,,0,0,0,0
2022-02-03,39876.32581,581.60581,39294.72000,0.00000,222,2,0,0,0.00000,0.00000,0.00000,0.00000,0,,0,0,0,0.00000,,0,0,0,0
2022-02-04,39962.72581,581.60581,39381.12000,0.00000,223,1,0,0,0.00000,0.00000,0.00000,0.00000,0,,0,0,0,0.00000,,0,0,0,0
2022-02-05,39098.72581,581.60581,38517.12000,0.00000,222,0,0,0,0.00000,0.00000,0.00000,0.00000,0,,0,0,0,0.00000,,0,0,0,0
2022-02-06,39097.94801,580.82801,38517.12000,0.00000,221,0,0,1,0.00000,0.00000,200.00000,0.00000,0,,0,0,0,0.00000,,0,0,0,0
2022-02-07,39309.36044,792.24044,38517.12000,0.00000,224,3,0,0,0.00000,0.00000,0.00000,0.00000,0,,0,0,0,0.00000,,0,0,0,0
2022-02-08,39309.36044,792.24044,38517.12000,0.00000,224,0,0,0,0.00000,0.00000,0.00000,0.00000,0,,0,0,0,0.00000,,0,0,0,0
2022-02-09,39318.93785,801.81785,38517.12000,0.00000,226,3,0,1,0.00000,0.00000,200.00000,0.00000,0,,0,0,0,0.00000,,0,0,0,0
2022-02-10,39321.78992,804.66992,38517.12000,0.00000,227,1,0,0,0.00000,0.00000,0.00000,0.00000,0,,0,0,0,0.00000,,0,0,0,0
2022-02-11,39238.21109,824.77109,38413.44000,0.00000,228,2,0,0,0.00000,0.00000,0.00000,0.00000,0,,0,0,0,0.00000,,0,0,0,0
2022-02-12,39238.45657,825.01657,38413.44000,0.00000,229,2,0,0,0.00000,0.00000,0.00000,0.00000,0,,0,0,0,0.00000,,0,0,0,0
2022-02-13,39294.09293,880.65293,38413.44000,0.00000,230,2,0,1,0.00000,0.00000,200.00000,0.00000,0,,0,0,0,0.00000,,0,0,0,0
2022-02-14,39207.69293,880.65293,38327.04000,0.00000,229,0,0,0,0.00000,0.00000,0.00000,0.00000,0,,0,0,0,0.00000,,0,0,0,0
2022-02-15,39376.77770,2017.41770,37359.36000,0.00000,228,1,0,0,0.00000,0.00000,0.00000,0.00000,0,,0,0,0,0.00000,,0,0,0,0
2022-02-16,39376.77770,2017.41770,37359.36000,0.00000,228,0,0,0,0.00000,0.00000,0.00000,0.00000,0,,0,0,0,0.00000,,0,0,0,0
2022-02-17,39481.72071,2018.68071,37463.04000,0.00000,229,2,0,1,0.00000,0.00000,200.00000,0.00000,0,,0,0,0,0.00000,,0,0,0,0
2022-02-18,39476.43609,2013.39609,37463.04000,0.00000,229,1,0,1,0.00000,0.00000,200.00000,0.00000,0,,0,0,0,0.00000,,0,0,0,0
2022-02-19,39475.50169,2012.46169,37463.04000,0.00000,228,0,0,1,0.00000,0.00000,200.00000,0.00000,0,,0,0,0,0.00000,,0,0,0,0
2022-02-20,39772.22713,2015.42713,37756.80000,0.00000,229,2,0,1,0.00000,0.00000,200.00000,0.00000,0,,0,0,0,0.00000,,0,0,0,0
2022-02-21,39776.00528,2019.20528,37756.80000,0.00000,230,1,0,0,0.00000,0.00000,0.00000,0.00000,0,,0,0,0,0.00000,,0,0,0,0
2022-02-22,39777.63628,2020.83628,37756.80000,0.00000,229,1,0,2,0.00000,0.00000,400.00000,0.00000,0,,0,0,0,0.00000,,0,0,0,0
2022-02-23,39777.63628,2020.83628,37756.80000,0.00000,229,0,0,0,0.00000,0.00000,0.00000,0.00000,0,,0,0,0,0.00000,,0,0,0,0
2022-02-24,39991.40561,2027.24561,37964.16000,0.00000,230,2,0,0,0.00000,0.00000,0.00000,0.00000,0,,0,0,0,0.00000,,0,0,0,0
2022-02-25,39127.05236,2026.89236,37100.16000,0.00000,228,0,0,1,0.00000,0.00000,200.00000,0.00000,0,,0,0,0,0.00000,,0,0,0,0
2022-02-26,39127.05236,2026.89236,37100.16000,0.00000,228,0,0,0,0.00000,0.00000,0.00000,0.00000,0,,0,0,0,0.00000,,0,0,0,0
2022-02-27,39698.54914,2028.14914,37670.40000,0.00000,229,2,0,0,0.00000,0.00000,0.00000,0.00000,0,,0,0,0,0.00000,,0,0,0,0
2022-02-28,39700.41441,2030.01441,37670.40000,0.00000,230,1,0,0,0.00000,0.00000,0.00000,0.00000,0,,0,0,0,0.00000,,0,0,0,0
2022-03-01,39700.41441,2030.01441,37670.40000,0.00000,230,0,0,0,0.00000,0.00000,0.00000,0.00000,0,,0,0,0,0.00000,,0,0,0,0
2022-03-02,39687.05944,2016.65944,37670.40000,0.00000,230,1,0,1,0.00000,0.00000,200.00000,0.00000,0,,0,0,0,0.00000,,0,0,0,0
2022-03-03,39645.39152,2078.67152,37566.72000,0.00000,230,1,0,0,0.00000,0.00000,0.00000,0.00000,0,,0,0,0,0.00000,,0,0,0,0
2022-03-04,39719.21136,2152.49136,37566.72000,0.00000,231,2,0,1,0.00000,0.00000,200.00000,0.00000,0,,0,0,0,0.00000,,0,0,0,0
2022-03-05,39719.21136,2152.49136,37566.72000,0.00000,231,0,0,0,0.00000,0.00000,0.00000,0.00000,0,,0,0,0,0.00000,,0,0,0,0
2022-03-06,39719.21136,2152.49136,37566.72000,0.00000,231,0,0,0,0.00000,0.00000,0.00000,0.00000,0,,0,0,0,0.00000,,0,0,0,0
2022-03-07,39719.21136,2152.49136,37566.72000,0.00000,231,0,0,0,0.00000,0.00000,0.00000,0.00000,0,,0,0,0,0.00000,,0,0,0,0
2022-03-08,39734.91388,2168.19388,37566.72000,0.00000,232,1,0,0,0.00000,0.00000,0.00000,0.00000,0,,0,0,0,0.00000,,0,0,0,0
2022-03-09,39734.91388,2168.19388,37566.72000,0.00000,232,0,0,0,0.00000,0.00000,0.00000,0.00000,0,,0,0,0,0.00000,,0,0,0,0
2022-03-10,40028.82908,2168.34908,37860.48000,0.00000,234,2,0,0,0.00000,0.00000,0.00000,0.00000,0,,0,0,0,0.00000,,0,0,0,0
2022-03-11,40066.61124,2206.13124,37860.48000,0.00000,235,1,0,0,0.00000,0.00000,0.00000,0.00000,0,,0,0,0,0.00000,,0,0,0,0
2022-03-12,40352.40051,2405.52051,37946.88000,0.00000,238,3,0,0,0.00000,0.00000,0.00000,0.00000,0,,0,0,0,0.00000,,0,0,0,0
2022-03-13,40574.52312,2627.64312,37946.88000,0.00000,239,1,0,0,0.00000,0.00000,0.00000,0.00000,0,,0,0,0,0.00000,,0,0,0,0
2022-03-14,40488.12312,2627.64312,37860.48000,0.00000,238,0,0,0,0.00000,0.00000,0.00000,0.00000,0,,0,0,0,0.00000,,0,0,0,0
2022-03-15,40862.64524,2622.00524,38240.64000,0.00000,238,2,0,2,0.00000,0.00000,400.00000,0.00000,0,,0,0,0,0.00000,,0,0,0,0
2022-03-16,40859.73260,2619.09260,38240.64000,0.00000,236,0,0,2,0.00000,0.00000,400.00000,0.00000,0,,0,0,0,0.00000,,0,0,0,0
2022-03-17,40978.79418,2651.75418,38327.04000,0.00000,239,3,0,0,0.00000,0.00000,0.00000,0.00000,0,,0,0,0,0.00000,,0,0,0,0
2022-03-18,40114.79418,2651.75418,37463.04000,0.00000,238,0,0,0,0.00000,0.00000,0.00000,0.00000,0,,0,0,0,0.00000,,0,0,0,0
2022-03-19,40120.31981,2657.27981,37463.04000,0.00000,239,1,0,0,0.00000,0.00000,0.00000,0.00000,0,,0,0,0,0.00000,,0,0,0,0
2022-03-20,40120.31981,2657.27981,37463.04000,0.00000,239,0,0,0,0.00000,0.00000,0.00000,0.00000,0,,0,0,0,0.00000,,0,0,0,0
2022-03-21,39728.64246,2663.04246,37065.60000,0.00000,240,3,0,0,0.00000,0.00000,0.00000,0.00000,0,,0,0,0,0.00000,,0,0,0,0
2022-03-22,40195.04126,2835.68126,37359.36000,0.00000,243,3,0,0,0.00000,0.00000,0.00000,0.00000,0,,0,0,0,0.00000,,0,0,0,0
2022-03-23,40195.64278,2836.28278,37359.36000,0.00000,244,1,0,0,0.00000,0.00000,0.00000,0.00000,0,,0,0,0,0.00000,,0,0,0,0
2022-03-24,40195.64278,2836.28278,37359.36000,0.00000,244,0,0,0,0.00000,0.00000,0.00000,0.00000,0,,0,0,0,0.00000,,0,0,0,0
2022-03-25,40110.76171,2837.80171,37272.96000,0.00000,244,1,0,0,0.00000,0.00000,0.00000,0.00000,0,,0,0,0,0.00000,,0,0,0,0
2022-03-26,40110.76171,2837.80171,37272.96000,0.00000,244,0,0,0,0.00000,0.00000,0.00000,0.00000,0,,0,0,0,0.00000,,0,0,0,0
2022-03-27,40407.57145,2840.85145,37566.72000,0.00000,245,2,0,1,0.00000,0.00000,200.00000,0.00000,0,,0,0,0,0.00000,,0,0,0,0
2022-03-28,40442.17084,2875.45084,37566.72000,0.00000,246,1,0,0,0.00000,0.00000,0.00000,0.00000,0,,0,0,0,0.00000,,0,0,0,0
2022-03-29,40453.04565,2886.32565,37566.72000,0.00000,247,1,0,0,0.00000,0.00000,0.00000,0.00000,0,,0,0,0,0.00000,,0,0,0,0
2022-03-30,39590.56328,2887.84328,36702.72000,0.00000,247,1,0,0,0.00000,0.00000,0.00000,0.00000,0,,0,0,0,0.00000,,0,0,0,0
2022-03-31,39486.88328,2887.84328,36599.04000,0.00000,246,1,0,0,0.00000,0.00000,0.00000,0.00000,0,,0,0,0,0.00000,,0,0,0,0
2022-04-01,39604.25775,2901.53775,36702.72000,0.00000,249,3,0,0,0.00000,0.00000,0.00000,0.00000,0,,0,0,0,0.00000,,0,0,0,0
2022-04-02,39604.25775,2901.53775,36702.72000,0.00000,249,0,0,0,0.00000,0.00000,0.00000,0.00000,0,,0,0,0,0.00000,,0,0,0,0
2022-04-03,39657.85331,2955.13331,36702.72000,0.00000,252,3,0,0,0.00000,0.00000,0.00000,0.00000,0,,0,0,0,0.00000,,0,0,0,0
2022-04-04,39668.79534,2966.07534,36702.72000,0.00000,252,1,0,1,0.00000,0.00000,200.00000,0.00000,0,,0,0,0,0.00000,,0,0,0,0
2022-04-05,38509.54414,2964.58414,35544.96000,0.00000,249,0,0,1,0.00000,0.00000,200.00000,0.00000,0,,0,0,0,0.00000,,0,0,0,0
2022-04-06,38423.14414,2964.58414,35458.56000,0.00000,248,0,0,0,0.00000,0.00000,0.00000,0.00000,0,,0,0,0,0.00000,,0,0,0,0
2022-04-07,38424.36944,2965.80944,35458.56000,0.00000,248,1,0,1,0.00000,0.00000,200.00000,0.00000,0,,0,0,0,0.00000,,0,0,0,0
2022-04-08,39288.43844,2965.87844,36322.56000,0.00000,250,2,0,0,0.00000,0.00000,0.00000,0.00000,0,,0,0,0,0.00000,,0,0,0,0
2022-04-09,39403.43821,2994.47821,36408.96000,0.00000,253,3,0,0,0.00000,0.00000,0.00000,0.00000,0,,0,0,0,0.00000,,0,0,0,0
2022-04-10,39403.43821,2994.47821,36408.96000,0.00000,253,0,0,0,0.00000,0.00000,0.00000,0.00000,0,,0,0,0,0.00000,,0,0,0,0
2022-04-11,39403.72831,2994.76831,36408.96000,0.00000,254,1,0,0,0.00000,0.00000,0.00000,0.00000,0,,0,0,0,0.00000,,0,0,0,0
2022-04-12,39507.22699,2994.58699,36512.64000,0.00000,254,1,0,1,0.00000,0.00000,200.00000,0.00000,0,,0,0,0,0.00000,,0,0,0,0
2022-04-13,43138.11656,6711.87656,36426.24000,0.00000,254,1,0,0,0.00000,0.00000,0.00000,0.00000,0,,0,0,0,0.00000,,0,0,0,0
2022-04-14,43142.32373,6716.08373,36426.24000,0.00000,253,1,0,2,0.00000,0.00000,400.00000,0.00000,0,,0,0,0,0.00000,,0,0,0,0
2022-04-15,43139.95759,6713.71759,36426.24000,0.00000,252,0,0,1,0.00000,0.00000,200.00000,0.00000,0,,0,0,0,0.00000,,0,0,0,0
2022-04-16,42279.41369,6717.17369,35562.24000,0.00000,253,2,0,0,0.00000,0.00000,0.00000,0.00000,0,,0,0,0,0.00000,,0,0,0,0
2022-04-17,42279.41369,6717.17369,35562.24000,0.00000,253,0,0,0,0.00000,0.00000,0.00000,0.00000,0,,0,0,0,0.00000,,0,0,0,0
2022-04-18,41415.69297,6717.45297,34698.24000,0.00000,254,2,0,0,0.00000,0.00000,0.00000,0.00000,0,,0,0,0,0.00000,,0,0,0,0
2022-04-19,41415.69297,6717.45297,34698.24000,0.00000,254,0,0,0,0.00000,0.00000,0.00000,0.00000,0,,0,0,0,0.00000,,0,0,0,0
2022-04-20,42279.58859,6717.34859,35562.24000,0.00000,254,1,0,1,0.00000,0.00000,200.00000,0.00000,0,,0,0,0,0.00000,,0,0,0,0
2022-04-21,42383.26859,6717.34859,35665.92000,0.00000,255,1,0,0,0.00000,0.00000,0.00000,0.00000,0,,0,0,0,0.00000,,0,0,0,0
2022-04-22,42281.74650,6719.50650,35562.24000,0.00000,255,1,0,0,0.00000,0.00000,0.00000,0.00000,0,,0,0,0,0.00000,,0,0,0,0
2022-04-23,42277.67537,6715.43537,35562.24000,0.00000,254,0,0,1,0.00000,0.00000,200.00000,0.00000,0,,0,0,0,0.00000,,0,0,0,0
2022-04-24,41327.27537,6715.43537,34611.84000,0.00000,252,0,0,0,0.00000,0.00000,0.00000,0.00000,0,,0,0,0,0.00000,,0,0,0,0
2022-04-25,40549.67537,6715.43537,33834.24000,0.00000,252,1,0,0,0.00000,0.00000,0.00000,0.00000,0,,0,0,0,0.00000,,0,0,0,0
2022-04-26,40445.99537,6715.43537,33730.56000,0.00000,251,0,0,0,0.00000,0.00000,0.00000,0.00000,0,,0,0,0,0.00000,,0,0,0,0
2022-04-27,40739.75537,6715.43537,34024.32000,0.00000,252,1,0,0,0.00000,0.00000,0.00000,0.00000,0,,0,0,0,0.00000,,0,0,0,0
2022-04-28,40601.64822,6871.08822,33730.56000,0.00000,252,2,0,1,0.00000,0.00000,200.00000,0.00000,0,,0,0,0,0.00000,,0,0,0,0
2022-04-29,39737.64822,6871.08822,32866.56000,0.00000,251,0,0,0,0.00000,0.00000,0.00000,0.00000,0,,0,0,0,0.00000,,0,0,0,0
2022-04-30,39840.08016,6869.84016,32970.24000,0.00000,251,1,0,1,0.00000,0.00000,200.00000,0.00000,0,,0,0,0,0.00000,,0,0,0,0
2022-05-01,39848.80113,6878.56113,32970.24000,0.00000,252,2,0,1,0.00000,0.00000,200.00000,0.00000,0,,0,0,0,0.00000,,0,0,0,0
2022-05-02,39899.98679,6929.74679,32970.24000,0.00000,255,3,0,0,0.00000,0.00000,0.00000,0.00000,0,,0,0,0,0.00000,,0,0,0,0
2022-05-03,39915.87940,6945.63940,32970.24000,0.00000,256,1,0,0,0.00000,0.00000,0.00000,0.00000,0,,0,0,0,0.00000,,0,0,0,0
2022-05-04,39916.36463,6946.12463,32970.24000,0.00000,256,1,0,1,0.00000,0.00000,200.00000,0.00000,0,,0,0,0,0.00000,,0,0,0,0
2022-05-05,39947.38315,6977.14315,32970.24000,0.00000,257,1,0,0,0.00000,0.00000,0.00000,0.00000,0,,0,0,0,0.00000,,0,0,0,0
2022-05-06,40480.11075,7216.11075,33264.00000,0.00000,263,6,0,0,0.00000,0.00000,0.00000,0.00000,0,,0,0,0,0.00000,,0,0,0,0
2022-05-07,40481.14276,7217.14276,33264.00000,0.00000,263,1,0,1,0.00000,0.00000,200.00000,0.00000,0,,0,0,0,0.00000,,0,0,0,0
2022-05-08,40187.38276,7217.14276,32970.24000,0.00000,262,0,0,0,0.00000,0.00000,0.00000,0.00000,0,,0,0,0,0.00000,,0,0,0,0
2022-05-09,40187.72540,7217.48540,32970.24000,0.00000,263,1,0,0,0.00000,0.00000,0.00000,0.00000,0,,0,0,0,0.00000,,0,0,0,0
2022-05-10,40277.10690,7220.46690,33056.64000,0.00000,266,3,0,0,0.00000,0.00000,0.00000,0.00000,0,,0,0,0,0.00000,,0,0,0,0
2022-05-11,40404.96809,7348.32809,33056.64000,0.00000,266,1,0,1,0.00000,0.00000,200.00000,0.00000,0,,0,0,0,0.00000,,0,0,0,0
2022-05-12,40403.82110,7347.18110,33056.64000,0.00000,265,0,0,1,0.00000,0.00000,200.00000,0.00000,0,,0,0,0,0.00000,,0,0,0,0
2022-05-13,40300.14110,7347.18110,32952.96000,0.00000,264,0,0,0,0.00000,0.00000,0.00000,0.00000,0,,0,0,0,0.00000,,0,0,0,0
2022-05-14,40300.14110,7347.18110,32952.96000,0.00000,264,0,0,0,0.00000,0.00000,0.00000,0.00000,0,,0,0,0,0.00000,,0,0,0,0
2022-05-15,40393.15523,7353.79523,33039.36000,0.00000,266,2,0,0,0.00000,0.00000,0.00000,0.00000,0,,0,0,0,0.00000,,0,0,0,0
2022-05-16,40393.15523,7353.79523,33039.36000,0.00000,266,0,0,0,0.00000,0.00000,0.00000,0.00000,0,,0,0,0,0.00000,,0,0,0,0
2022-05-17,40391.98128,7352.62128,33039.36000,0.00000,265,0,0,1,0.00000,0.00000,200.00000,0.00000,0,,0,0,0,0.00000,,0,0,0,0
2022-05-18,40391.58256,7352.22256,33039.36000,0.00000,264,0,0,1,0.00000,0.00000,200.00000,0.00000,0,,0,0,0,0.00000,,0,0,0,0
2022-05-19,40718.10322,7384.98322,33333.12000,0.00000,265,2,0,1,0.00000,0.00000,200.00000,0.00000,0,,0,0,0,0.00000,,0,0,0,0
2022-05-20,40718.89815,7385.77815,33333.12000,0.00000,266,1,0,0,0.00000,0.00000,0.00000,0.00000,0,,0,0,0,0.00000,,0,0,0,0
2022-05-21,40618.77980,7389.33980,33229.44000,0.00000,266,1,0,0,0.00000,0.00000,0.00000,0.00000,0,,0,0,0,0.00000,,0,0,0,0
2022-05-22,40325.01980,7389.33980,32935.68000,0.00000,265,0,0,0,0.00000,0.00000,0.00000,0.00000,0,,0,0,0,0.00000,,0,0,0,0
2022-05-23,41210.75828,7411.07828,33799.68000,0.00000,267,2,0,0,0.00000,0.00000,0.00000,0.00000,0,,0,0,0,0.00000,,0,0,0,0
2022-05-24,41215.50336,7415.82336,33799.68000,0.00000,268,1,0,0,0.00000,0.00000,0.00000,0.00000,0,,0,0,0,0.00000,,0,0,0,0
2022-05-25,41499.56506,7406.12506,34093.44000,0.00000,268,1,0,1,0.00000,0.00000,200.00000,0.00000,0,,0,0,0,0.00000,,0,0,0,0
2022-05-26,40635.56506,7406.12506,33229.44000,0.00000,267,0,0,0,0.00000,0.00000,0.00000,0.00000,0,,0,0,0,0.00000,,0,0,0,0
2022-05-27,40721.99616,7406.15616,33315.84000,0.00000,269,2,0,0,0.00000,0.00000,0.00000,0.00000,0,,0,0,0,0.00000,,0,0,0,0
2022-05-28,40860.06368,7457.82368,33402.24000,0.00000,271,2,0,0,0.00000,0.00000,0.00000,0.00000,0,,0,0,0,0.00000,,0,0,0,0
2022-05-29,40861.83795,7459.59795,33402.24000,0.00000,272,2,0,0,0.00000,0.00000,0.00000,0.00000,0,,0,0,0,0.00000,,0,0,0,0
2022-05-30,40861.83795,7459.59795,33402.24000,0.00000,272,0,0,0,0.00000,0.00000,0.00000,0.00000,0,,0,0,0,0.00000,,0,0,0,0
2022-05-31,40861.84831,7459.60831,33402.24000,0.00000,273,1,0,0,0.00000,0.00000,0.00000,0.00000,0,,0,0,0,0.00000,,0,0,0,0
2022-06-01,40866.83799,7464.59799,33402.24000,0.00000,275,2,0,0,0.00000,0.00000,0.00000,0.00000,0,,0,0,0,0.00000,,0,0,0,0
2022-06-02,40780.43799,7464.59799,33315.84000,0.00000,274,0,0,0,0.00000,0.00000,0.00000,0.00000,0,,0,0,0,0.00000,,0,0,0,0
2022-06-03,40501.37676,7479.29676,33022.08000,0.00000,274,1,0,0,0.00000,0.00000,0.00000,0.00000,0,,0,0,0,0.00000,,0,0,0,0
2022-06-04,40545.80625,7523.72625,33022.08000,0.00000,273,1,0,2,0.00000,0.00000,400.00000,0.00000,0,,0,0,0,0.00000,,0,0,0,0
2022-06-05,40585.62671,7563.54671,33022.08000,0.00000,274,1,0,0,0.00000,0.00000,0.00000,0.00000,0,,0,0,0,0.00000,,0,0,0,0
2022-06-06,40689.30671,7563.54671,33125.76000,0.00000,275,1,0,0,0.00000,0.00000,0.00000,0.00000,0,,0,0,0,0.00000,,0,0,0,0
2022-06-07,40589.90338,7567.82338,33022.08000,0.00000,275,1,0,0,0.00000,0.00000,0.00000,0.00000,0,,0,0,0,0.00000,,0,0,0,0
2022-06-08,40676.30338,7567.82338,33108.48000,0.00000,276,1,0,0,0.00000,0.00000,0.00000,0.00000,0,,0,0,0,0.00000,,0,0,0,0
2022-06-09,40572.92172,7568.12172,33004.80000,0.00000,276,1,0,0,0.00000,0.00000,0.00000,0.00000,0,,0,0,0,0.00000,,0,0,0,0
2022-06-10,40628.28874,7623.48874,33004.80000,0.00000,277,2,0,1,0.00000,0.00000,200.00000,0.00000,0,,0,0,0,0.00000,,0,0,0,0
2022-06-11,40630.25462,7625.45462,33004.80000,0.00000,278,1,0,0,0.00000,0.00000,0.00000,0.00000,0,,0,0,0,0.00000,,0,0,0,0
2022-06-12,39766.25462,7625.45462,32140.80000,0.00000,277,0,0,0,0.00000,0.00000,0.00000,0.00000,0,,0,0,0,0.00000,,0,0,0,0
2022-06-13,39766.25462,7625.45462,32140.80000,0.00000,277,0,0,0,0.00000,0.00000,0.00000,0.00000,0,,0,0,0,0.00000,,0,0,0,0
2022-06-14,39766.25462,7625.45462,32140.80000,0.00000,277,0,0,0,0.00000,0.00000,0.00000,0.00000,0,,0,0,0,0.00000,,0,0,0,0
2022-06-15,38921.03392,7644.23392,31276.80000,0.00000,276,1,0,1,0.00000,0.00000,200.00000,0.00000,0,,0,0,0,0.00000,,0,0,0,0
2022-06-16,38834.63392,7644.23392,31190.40000,0.00000,275,0,0,0,0.00000,0.00000,0.00000,0.00000,0,,0,0,0,0.00000,,0,0,0,0
2022-06-17,38556.97076,7660.33076,30896.64000,0.00000,276,2,0,0,0.00000,0.00000,0.00000,0.00000,0,,0,0,0,0.00000,,0,0,0,0
2022-06-18,37711.42323,7678.78323,30032.64000,0.00000,277,2,0,0,0.00000,0.00000,0.00000,0.00000,0,,0,0,0,0.00000,,0,0,0,0
2022-06-19,37799.23653,7680.19653,30119.04000,0.00000,278,2,0,1,0.00000,0.00000,200.00000,0.00000,0,,0,0,0,0.00000,,0,0,0,0
2022-06-20,36073.23728,7682.19728,28391.04000,0.00000,277,1,0,0,0.00000,0.00000,0.00000,0.00000,0,,0,0,0,0.00000,,0,0,0,0
2022-06-21,35779.47728,7682.19728,28097.28000,0.00000,276,0,0,0,0.00000,0.00000,0.00000,0.00000,0,,0,0,0,0.00000,,0,0,0,0
2022-06-22,36747.40273,7682.44273,29064.96000,0.00000,279,4,0,0,0.00000,0.00000,0.00000,0.00000,0,,0,0,0,0.00000,,0,0,0,0
2022-06-23,37693.88842,7678.52842,30015.36000,0.00000,281,3,0,1,0.00000,0.00000,200.00000,0.00000,0,,0,0,0,0.00000,,0,0,0,0
2022-06-24,38557.88842,7678.52842,30879.36000,0.00000,282,1,0,0,0.00000,0.00000,0.00000,0.00000,0,,0,0,0,0.00000,,0,0,0,0
2022-06-25,38554.83939,7675.47939,30879.36000,0.00000,281,1,0,2,0.00000,0.00000,400.00000,0.00000,0,,0,0,0,0.00000,,0,0,0,0
2022-06-26,38554.83939,7675.47939,30879.36000,0.00000,281,0,0,0,0.00000,0.00000,0.00000,0.00000,0,,0,0,0,0.00000,,0,0,0,0
2022-06-27,38557.75792,7678.39792,30879.36000,0.00000,282,1,0,0,0.00000,0.00000,0.00000,0.00000,0,,0,0,0,0.00000,,0,0,0,0
2022-06-28,37694.88317,7679.52317,30015.36000,0.00000,282,1,0,0,0.00000,0.00000,0.00000,0.00000,0,,0,0,0,0.00000,,0,0,0,0
2022-06-29,37694.88317,7679.52317,30015.36000,0.00000,282,0,0,0,0.00000,0.00000,0.00000,0.00000,0,,0,0,0,0.00000,,0,0,0,0
2022-06-30,37694.88317,7679.52317,30015.36000,0.00000,282,0,0,0,0.00000,0.00000,0.00000,0.00000,0,,0,0,0,0.00000,,0,0,0,0
2022-07-01,37695.93156,7680.57156,30015.36000,0.00000,283,1,0,0,0.00000,0.00000,0.00000,0.00000,0,,0,0,0,0.00000,,0,0,0,0
2022-07-02,37695.78183,7680.42183,30015.36000,0.00000,282,1,0,1,0.00000,0.00000,200.00000,0.00000,0,,0,0,0,0.00000,,0,0,0,0
2022-07-03,37696.20607,7680.84607,30015.36000,0.00000,283,1,0,0,0.00000,0.00000,0.00000,0.00000,0,,0,0,0,0.00000,,0,0,0,0
2022-07-04,37696.20607,7680.84607,30015.36000,0.00000,283,0,0,0,0.00000,0.00000,0.00000,0.00000,0,,0,0,0,0.00000,,0,0,0,0
2022-07-05,37696.20607,7680.84607,30015.36000,0.00000,283,0,0,0,0.00000,0.00000,0.00000,0.00000,0,,0,0,0,0.00000,,0,0,0,0
2022-07-06,38466.17209,7690.49209,30775.68000,0.00000,284,2,0,0,0.00000,0.00000,0.00000,0.00000,0,,0,0,0,0.00000,,0,0,0,0
2022-07-07,38555.98579,7693.90579,30862.08000,0.00000,286,2,0,0,0.00000,0.00000,0.00000,0.00000,0,,0,0,0,0.00000,,0,0,0,0
2022-07-08,38555.80694,7693.72694,30862.08000,0.00000,285,0,0,1,0.00000,0.00000,200.00000,0.00000,0,,0,0,0,0.00000,,0,0,0,0
2022-07-09,38555.80694,7693.72694,30862.08000,0.00000,285,1,0,0,0.00000,0.00000,0.00000,0.00000,0,,0,0,0,0.00000,,0,0,0,0
2022-07-10,38486.72565,7711.04565,30775.68000,0.00000,286,2,0,0,0.00000,0.00000,0.00000,0.00000,0,,0,0,0,0.00000,,0,0,0,0
2022-07-11,38404.06120,7714.78120,30689.28000,0.00000,285,1,0,1,0.00000,0.00000,200.00000,0.00000,0,,0,0,0,0.00000,,0,0,0,0
2022-07-12,38404.06120,7714.78120,30689.28000,0.00000,285,0,0,0,0.00000,0.00000,0.00000,0.00000,0,,0,0,0,0.00000,,0,0,0,0
2022-07-13,39267.74705,7714.46705,31553.28000,0.00000,285,1,0,1,0.00000,0.00000,200.00000,0.00000,0,,0,0,0,0.00000,,0,0,0,0
2022-07-14,39372.52248,7715.56248,31656.96000,0.00000,287,2,0,0,0.00000,0.00000,0.00000,0.00000,0,,0,0,0,0.00000,,0,0,0,0
2022-07-15,39382.38262,7725.42262,31656.96000,0.00000,287,1,0,1,0.00000,0.00000,200.00000,0.00000,0,,0,0,0,0.00000,,0,0,0,0
2022-07-16,39404.33412,7747.37412,31656.96000,0.00000,289,2,0,0,0.00000,0.00000,0.00000,0.00000,0,,0,0,0,0.00000,,0,0,0,0
2022-07-17,37676.33412,7747.37412,29928.96000,0.00000,287,0,0,0,0.00000,0.00000,0.00000,0.00000,0,,0,0,0,0.00000,,0,0,0,0
2022-07-18,37760.06405,7831.10405,29928.96000,0.00000,289,2,0,0,0.00000,0.00000,0.00000,0.00000,0,,0,0,0,0.00000,,0,0,0,0
2022-07-19,37760.06405,7831.10405,29928.96000,0.00000,289,0,0,0,0.00000,0.00000,0.00000,0.00000,0,,0,0,0,0.00000,,0,0,0,0
2022-07-20,37669.26802,7843.98802,29825.28000,0.00000,289,1,0,0,0.00000,0.00000,0.00000,0.00000,0,,0,0,0,0.00000,,0,0,0,0
2022-07-21,37479.31866,7844.11866,29635.20000,0.00000,287,1,0,1,0.00000,0.00000,200.00000,0.00000,0,,0,0,0,0.00000,,0,0,0,0
2022-07-22,37484.92634,7849.72634,29635.20000,0.00000,289,2,0,0,0.00000,0.00000,0.00000,0.00000,0,,0,0,0,0.00000,,0,0,0,0
2022-07-23,37484.92634,7849.72634,29635.20000,0.00000,289,0,0,0,0.00000,0.00000,0.00000,0.00000,0,,0,0,0,0.00000,,0,0,0,0
2022-07-24,37481.91195,7846.71195,29635.20000,0.00000,288,0,0,1,0.00000,0.00000,200.00000,0.00000,0,,0,0,0,0.00000,,0,0,0,0
2022-07-25,36623.42025,7852.22025,28771.20000,0.00000,287,1,0,1,0.00000,0.00000,200.00000,0.00000,0,,0,0,0,0.00000,,0,0,0,0
2022-07-26,36777.74500,8092.94500,28684.80000,0.00000,287,1,0,0,0.00000,0.00000,0.00000,0.00000,0,,0,0,0,0.00000,,0,0,0,0
2022-07-27,36779.82029,8095.02029,28684.80000,0.00000,287,1,0,1,0.00000,0.00000,200.00000,0.00000,0,,0,0,0,0.00000,,0,0,0,0
2022-07-28,36792.97513,8108.17513,28684.80000,0.00000,288,1,0,0,0.00000,0.00000,0.00000,0.00000,0,,0,0,0,0.00000,,0,0,0,0
2022-07-29,36879.37513,8108.17513,28771.20000,0.00000,289,1,0,0,0.00000,0.00000,0.00000,0.00000,0,,0,0,0,0.00000,,0,0,0,0
2022-07-30,36873.98306,8102.78306,28771.20000,0.00000,289,1,0,1,0.00000,0.00000,200.00000,0.00000,0,,0,0,0,0.00000,,0,0,0,0
2022-07-31,36879.31792,8108.11792,28771.20000,0.00000,291,2,0,0,0.00000,0.00000,0.00000,0.00000,0,,0,0,0,0.00000,,0,0,0,0
2022-08-01,36965.71792,8108.11792,28857.60000,0.00000,292,1,0,0,0.00000,0.00000,0.00000,0.00000,0,,0,0,0,0.00000,,0,0,0,0
2022-08-02,37263.94871,8112.58871,29151.36000,0.00000,294,2,0,0,0.00000,0.00000,0.00000,0.00000,0,,0,0,0,0.00000,,0,0,0,0
2022-08-03,37263.94871,8112.58871,29151.36000,0.00000,294,0,0,0,0.00000,0.00000,0.00000,0.00000,0,,0,0,0,0.00000,,0,0,0,0
2022-08-04,38128.22684,8112.86684,30015.36000,0.00000,296,2,0,0,0.00000,0.00000,0.00000,0.00000,0,,0,0,0,0.00000,,0,0,0,0
2022-08-05,38146.54995,8131.18995,30015.36000,0.00000,298,2,0,0,0.00000,0.00000,0.00000,0.00000,0,,0,0,0,0.00000,,0,0,0,0
2022-08-06,39304.30995,8131.18995,31173.12000,0.00000,300,2,0,0,0.00000,0.00000,0.00000,0.00000,0,,0,0,0,0.00000,,0,0,0,0
2022-08-07,39304.30995,8131.18995,31173.12000,0.00000,300,0,0,0,0.00000,0.00000,0.00000,0.00000,0,,0,0,0,0.00000,,0,0,0,0
2022-08-08,39338.09668,8164.97668,31173.12000,0.00000,302,2,0,0,0.00000,0.00000,0.00000,0.00000,0,,0,0,0,0.00000,,0,0,0,0
2022-08-09,39337.05976,8163.93976,31173.12000,0.00000,301,0,0,1,0.00000,0.00000,200.00000,0.00000,0,,0,0,0,0.00000,,0,0,0,0
2022-08-10,39373.46529,8200.34529,31173.12000,0.00000,303,2,0,0,0.00000,0.00000,0.00000,0.00000,0,,0,0,0,0.00000,,0,0,0,0
2022-08-11,39303.26187,8216.54187,31086.72000,0.00000,302,1,0,1,0.00000,0.00000,200.00000,0.00000,0,,0,0,0,0.00000,,0,0,0,0
2022-08-12,39305.38549,8218.66549,31086.72000,0.00000,304,2,0,0,0.00000,0.00000,0.00000,0.00000,0,,0,0,0,0.00000,,0,0,0,0
2022-08-13,39305.38549,8218.66549,31086.72000,0.00000,304,0,0,0,0.00000,0.00000,0.00000,0.00000,0,,0,0,0,0.00000,,0,0,0,0
2022-08-14,40170.40014,8219.68014,31950.72000,0.00000,307,3,0,0,0.00000,0.00000,0.00000,0.00000,0,,0,0,0,0.00000,,0,0,0,0
2022-08-15,40171.40925,8220.68925,31950.72000,0.00000,307,1,0,1,0.00000,0.00000,200.00000,0.00000,0,,0,0,0,0.00000,,0,0,0,0
2022-08-16,40171.40925,8220.68925,31950.72000,0.00000,307,0,0,0,0.00000,0.00000,0.00000,0.00000,0,,0,0,0,0.00000,,0,0,0,0
2022-08-17,40173.53312,8222.81312,31950.72000,0.00000,308,1,0,0,0.00000,0.00000,0.00000,0.00000,0,,0,0,0,0.00000,,0,0,0,0
2022-08-18,40069.85312,8222.81312,31847.04000,0.00000,307,0,0,0,0.00000,0.00000,0.00000,0.00000,0,,0,0,0,0.00000,,0,0,0,0
2022-08-19,39983.59215,8222.95215,31760.64000,0.00000,307,1,0,0,0.00000,0.00000,0.00000,0.00000,0,,0,0,0,0.00000,,0,0,0,0
2022-08-20,39982.92251,8222.28251,31760.64000,0.00000,306,0,0,1,0.00000,0.00000,200.00000,0.00000,0,,0,0,0,0.00000,,0,0,0,0
2022-08-21,39982.92251,8222.28251,31760.64000,0.00000,306,0,0,0,0.00000,0.00000,0.00000,0.00000,0,,0,0,0,0.00000,,0,0,0,0
2022-08-22,39989.08852,8228.44852,31760.64000,0.00000,309,3,0,0,0.00000,0.00000,0.00000,0.00000,0,,0,0,0,0.00000,,0,0,0,0
2022-08-23,39989.08852,8228.44852,31760.64000,0.00000,309,0,0,0,0.00000,0.00000,0.00000,0.00000,0,,0,0,0,0.00000,,0,0,0,0
2022-08-24,39998.81051,8238.17051,31760.64000,0.00000,311,2,0,0,0.00000,0.00000,0.00000,0.00000,0,,0,0,0,0.00000,,0,0,0,0
2022-08-25,40003.36516,8242.72516,31760.64000,0.00000,313,3,0,0,0.00000,0.00000,0.00000,0.00000,0,,0,0,0,0.00000,,0,0,0,0
2022-08-26,40011.60683,8250.96683,31760.64000,0.00000,315,2,0,0,0.00000,0.00000,0.00000,0.00000,0,,0,0,0,0.00000,,0,0,0,0
2022-08-27,40010.12763,8249.48763,31760.64000,0.00000,314,0,0,1,0.00000,0.00000,200.00000,0.00000,0,,0,0,0,0.00000,,0,0,0,0
2022-08-28,40113.80763,8249.48763,31864.32000,0.00000,315,1,0,0,0.00000,0.00000,0.00000,0.00000,0,,0,0,0,0.00000,,0,0,0,0
2022-08-29,39249.80763,8249.48763,31000.32000,0.00000,314,0,0,0,0.00000,0.00000,0.00000,0.00000,0,,0,0,0,0.00000,,0,0,0,0
2022-08-30,39249.80763,8249.48763,31000.32000,0.00000,314,0,0,0,0.00000,0.00000,0.00000,0.00000,0,,0,0,0,0.00000,,0,0,0,0
2022-08-31,39167.81215,8253.89215,30913.92000,0.00000,314,1,0,0,0.00000,0.00000,0.00000,0.00000,0,,0,0,0,0.00000,,0,0,0,0
2022-09-01,39170.07092,8256.15092,30913.92000,0.00000,315,1,0,0,0.00000,0.00000,0.00000,0.00000,0,,0,0,0,0.00000,,0,0,0,0
2022-09-02,38997.55819,8256.43819,30741.12000,0.00000,314,1,0,0,0.00000,0.00000,0.00000,0.00000,0,,0,0,0,0.00000,,0,0,0,0
2022-09-03,39005.96190,8264.84190,30741.12000,0.00000,316,2,0,0,0.00000,0.00000,0.00000,0.00000,0,,0,0,0,0.00000,,0,0,0,0
2022-09-04,39013.77045,8272.65045,30741.12000,0.00000,317,1,0,0,0.00000,0.00000,0.00000,0.00000,0,,0,0,0,0.00000,,0,0,0,0
2022-09-05,39117.45045,8272.65045,30844.80000,0.00000,318,1,0,0,0.00000,0.00000,0.00000,0.00000,0,,0,0,0,0.00000,,0,0,0,0
2022-09-06,39117.45045,8272.65045,30844.80000,0.00000,318,0,0,0,0.00000,0.00000,0.00000,0.00000,0,,0,0,0,0.00000,,0,0,0,0
2022-09-07,39118.04120,8273.24120,30844.80000,0.00000,319,1,0,0,0.00000,0.00000,0.00000,0.00000,0,,0,0,0,0.00000,,0,0,0,0
2022-09-08,39204.44120,8273.24120,30931.20000,0.00000,320,1,0,0,0.00000,0.00000,0.00000,0.00000,0,,0,0,0,0.00000,,0,0,0,0
2022-09-09,39204.44120,8273.24120,30931.20000,0.00000,320,0,0,0,0.00000,0.00000,0.00000,0.00000,0,,0,0,0,0.00000,,0,0,0,0
2022-09-10,39344.44743,8309.56743,31034.88000,0.00000,323,3,0,0,0.00000,0.00000,0.00000,0.00000,0,,0,0,0,0.00000,,0,0,0,0
2022-09-11,39344.44743,8309.56743,31034.88000,0.00000,323,0,0,0,0.00000,0.00000,0.00000,0.00000,0,,0,0,0,0.00000,,0,0,0,0
2022-09-12,38376.76743,8309.56743,30067.20000,0.00000,321,0,0,0,0.00000,0.00000,0.00000,0.00000,0,,0,0,0,0.00000,,0,0,0,0
2022-09-13,38376.76743,8309.56743,30067.20000,0.00000,321,0,0,0,0.00000,0.00000,0.00000,0.00000,0,,0,0,0,0.00000,,0,0,0,0
2022-09-14,37598.92811,8309.32811,29289.60000,0.00000,320,1,0,1,0.00000,0.00000,200.00000,0.00000,0,,0,0,0,0.00000,,0,0,0,0
2022-09-15,37951.17270,8367.81270,29583.36000,0.00000,323,3,0,0,0.00000,0.00000,0.00000,0.00000,0,,0,0,0,0.00000,,0,0,0,0
2022-09-16,37951.17270,8367.81270,29583.36000,0.00000,323,0,0,0,0.00000,0.00000,0.00000,0.00000,0,,0,0,0,0.00000,,0,0,0,0
2022-09-17,37086.95419,8367.59419,28719.36000,0.00000,321,0,0,1,0.00000,0.00000,200.00000,0.00000,0,,0,0,0,0.00000,,0,0,0,0
2022-09-18,37086.95419,8367.59419,28719.36000,0.00000,321,0,0,0,0.00000,0.00000,0.00000,0.00000,0,,0,0,0,0.00000,,0,0,0,0
2022-09-19,37047.39644,8414.43644,28632.96000,0.00000,322,2,0,0,0.00000,0.00000,0.00000,0.00000,0,,0,0,0,0.00000,,0,0,0,0
2022-09-20,37047.44634,8414.48634,28632.96000,0.00000,323,1,0,0,0.00000,0.00000,0.00000,0.00000,0,,0,0,0,0.00000,,0,0,0,0
2022-09-21,37247.61228,8424.57228,28823.04000,0.00000,327,4,0,0,0.00000,0.00000,0.00000,0.00000,0,,0,0,0,0.00000,,0,0,0,0
2022-09-22,37247.61228,8424.57228,28823.04000,0.00000,327,0,0,0,0.00000,0.00000,0.00000,0.00000,0,,0,0,0,0.00000,,0,0,0,0
2022-09-23,37822.93676,8999.89676,28823.04000,0.00000,328,1,0,0,0.00000,0.00000,0.00000,0.00000,0,,0,0,0,0.00000,,0,0,0,0
2022-09-24,37926.61676,8999.89676,28926.72000,0.00000,329,1,0,0,0.00000,0.00000,0.00000,0.00000,0,,0,0,0,0.00000,,0,0,0,0
2022-09-25,38013.01676,8999.89676,29013.12000,0.00000,330,1,0,0,0.00000,0.00000,0.00000,0.00000,0,,0,0,0,0.00000,,0,0,0,0
2022-09-26,38013.01676,8999.89676,29013.12000,0.00000,330,0,0,0,0.00000,0.00000,0.00000,0.00000,0,,0,0,0,0.00000,,0,0,0,0
2022-09-27,38013.01676,8999.89676,29013.12000,0.00000,330,0,0,0,0.00000,0.00000,0.00000,0.00000,0,,0,0,0,0.00000,,0,0,0,0
2022-09-28,38015.06731,9001.94731,29013.12000,0.00000,331,1,0,0,0.00000,0.00000,0.00000,0.00000,0,,0,0,0,0.00000,,0,0,0,0
2022-09-29,38118.74731,9001.94731,29116.80000,0.00000,332,1,0,0,0.00000,0.00000,0.00000,0.00000,0,,0,0,0,0.00000,,0,0,0,0
2022-09-30,37254.74731,9001.94731,28252.80000,0.00000,331,0,0,0,0.00000,0.00000,0.00000,0.00000,0,,0,0,0,0.00000,,0,0,0,0
2022-10-01,37254.74731,9001.94731,28252.80000,0.00000,331,0,0,0,0.00000,0.00000,0.00000,0.00000,0,,0,0,0,0.00000,,0,0,0,0
2022-10-02,37150.11816,9000.99816,28149.12000,0.00000,329,0,0,1,0.00000,0.00000,200.00000,0.00000,0,,0,0,0,0.00000,,0,0,0,0
2022-10-03,36957.70866,8998.66866,27959.04000,0.00000,326,0,0,1,0.00000,0.00000,200.00000,0.00000,0,,0,0,0,0.00000,,0,0,0,0
2022-10-04,36967.47009,9008.43009,27959.04000,0.00000,326,1,0,1,0.00000,0.00000,200.00000,0.00000,0,,0,0,0,0.00000,,0,0,0,0
2022-10-05,36969.04482,9010.00482,27959.04000,0.00000,327,1,0,0,0.00000,0.00000,0.00000,0.00000,0,,0,0,0,0.00000,,0,0,0,0
2022-10-06,36969.04482,9010.00482,27959.04000,0.00000,327,0,0,0,0.00000,0.00000,0.00000,0.00000,0,,0,0,0,0.00000,,0,0,0,0
2022-10-07,36966.48865,9007.44865,27959.04000,0.00000,326,0,0,1,0.00000,0.00000,200.00000,0.00000,0,,0,0,0,0.00000,,0,0,0,0
2022-10-08,36966.48865,9007.44865,27959.04000,0.00000,326,0,0,0,0.00000,0.00000,0.00000,0.00000,0,,0,0,0,0.00000,,0,0,0,0
2022-10-09,37029.61097,9174.25097,27855.36000,0.00000,326,1,0,0,0.00000,0.00000,0.00000,0.00000,0,,0,0,0,0.00000,,0,0,0,0
2022-10-10,37513.45097,9174.25097,28339.20000,0.00000,325,1,0,0,0.00000,0.00000,0.00000,0.00000,0,,0,0,0,0.00000,,0,0,0,0
2022-10-11,37465.59958,9212.79958,28252.80000,0.00000,323,1,0,2,0.00000,0.00000,400.00000,0.00000,0,,0,0,0,0.00000,,0,0,0,0
2022-10-12,37464.35441,9211.55441,28252.80000,0.00000,322,0,0,1,0.00000,0.00000,200.00000,0.00000,0,,0,0,0,0.00000,,0,0,0,0
2022-10-13,38417.96128,9214.76128,29203.20000,0.00000,325,3,0,0,0.00000,0.00000,0.00000,0.00000,0,,0,0,0,0.00000,,0,0,0,0
2022-10-14,38625.32128,9214.76128,29410.56000,0.00000,327,2,0,0,0.00000,0.00000,0.00000,0.00000,0,,0,0,0,0.00000,,0,0,0,0
2022-10-15,37693.30312,9233.14312,28460.16000,0.00000,327,2,0,0,0.00000,0.00000,0.00000,0.00000,0,,0,0,0,0.00000,,0,0,0,0
2022-10-16,37636.36072,9262.60072,28373.76000,0.00000,328,2,0,0,0.00000,0.00000,0.00000,0.00000,0,,0,0,0,0.00000,,0,0,0,0
2022-10-17,37630.77755,9274.29755,28356.48000,0.00000,329,3,0,1,0.00000,0.00000,200.00000,0.00000,0,,0,0,0,0.00000,,0,0,0,0
2022-10-18,36766.94114,9274.46114,27492.48000,0.00000,329,1,0,0,0.00000,0.00000,0.00000,0.00000,0,,0,0,0,0.00000,,0,0,0,0
2022-10-19,36974.30114,9274.46114,27699.84000,0.00000,329,1,0,0,0.00000,0.00000,0.00000,0.00000,0,,0,0,0,0.00000,,0,0,0,0
2022-10-20,36973.52738,9273.68738,27699.84000,0.00000,328,0,0,1,0.00000,0.00000,200.00000,0.00000,0,,0,0,0,0.00000,,0,0,0,0
2022-10-21,36973.52738,9273.68738,27699.84000,0.00000,328,0,0,0,0.00000,0.00000,0.00000,0.00000,0,,0,0,0,0.00000,,0,0,0,0
2022-10-22,36973.52738,9273.68738,27699.84000,0.00000,328,0,0,0,0.00000,0.00000,0.00000,0.00000,0,,0,0,0,0.00000,,0,0,0,0
2022-10-23,37109.82375,9306.30375,27803.52000,0.00000,330,2,0,0,0.00000,0.00000,0.00000,0.00000,0,,0,0,0,0.00000,,0,0,0,0
2022-10-24,36539.58375,9306.30375,27233.28000,0.00000,330,1,0,0,0.00000,0.00000,0.00000,0.00000,0,,0,0,0,0.00000,,0,0,0,0
2022-10-25,36539.58375,9306.30375,27233.28000,0.00000,330,0,0,0,0.00000,0.00000,0.00000,0.00000,0,,0,0,0,0.00000,,0,0,0,0
2022-10-26,36661.93084,9428.65084,27233.28000,0.00000,331,1,0,0,0.00000,0.00000,0.00000,0.00000,0,,0,0,0,0.00000,,0,0,0,0
2022-10-27,36797.66887,9460.70887,27336.96000,0.00000,334,3,0,0,0.00000,0.00000,0.00000,0.00000,0,,0,0,0,0.00000,,0,0,0,0
2022-10-28,36800.50057,9463.54057,27336.96000,0.00000,336,2,0,0,0.00000,0.00000,0.00000,0.00000,0,,0,0,0,0.00000,,0,0,0,0
2022-10-29,36886.90057,9463.54057,27423.36000,0.00000,337,1,0,0,0.00000,0.00000,0.00000,0.00000,0,,0,0,0,0.00000,,0,0,0,0
2022-10-30,36886.67191,9463.31191,27423.36000,0.00000,336,0,0,1,0.00000,0.00000,200.00000,0.00000,0,,0,0,0,0.00000,,0,0,0,0
2022-10-31,36931.92253,9508.56253,27423.36000,0.00000,339,3,0,0,0.00000,0.00000,0.00000,0.00000,0,,0,0,0,0.00000,,0,0,0,0
2022-11-01,36952.48075,9529.12075,27423.36000,0.00000,341,3,0,1,0.00000,0.00000,200.00000,0.00000,0,,0,0,0,0.00000,,0,0,0,0
2022-11-02,37574.91910,9857.79910,27717.12000,0.00000,343,3,0,1,0.00000,0.00000,200.00000,0.00000,0,,0,0,0,0.00000,,0,0,0,0
2022-11-03,37367.55910,9857.79910,27509.76000,0.00000,343,1,0,0,0.00000,0.00000,0.00000,0.00000,0,,0,0,0,0.00000,,0,0,0,0
2022-11-04,37409.42163,9899.66163,27509.76000,0.00000,344,1,0,0,0.00000,0.00000,0.00000,0.00000,0,,0,0,0,0.00000,,0,0,0,0
2022-11-05,37115.66163,9899.66163,27216.00000,0.00000,343,0,0,0,0.00000,0.00000,0.00000,0.00000,0,,0,0,0,0.00000,,0,0,0,0
2022-11-06,37115.66163,9899.66163,27216.00000,0.00000,343,0,0,0,0.00000,0.00000,0.00000,0.00000,0,,0,0,0,0.00000,,0,0,0,0
2022-11-07,37339.53466,10123.53466,27216.00000,0.00000,344,1,0,0,0.00000,0.00000,0.00000,0.00000,0,,0,0,0,0.00000,,0,0,0,0
2022-11-08,37339.94647,10123.94647,27216.00000,0.00000,345,2,0,0,0.00000,0.00000,0.00000,0.00000,0,,0,0,0,0.00000,,0,0,0,0
2022-11-09,37340.63473,10124.63473,27216.00000,0.00000,346,1,0,0,0.00000,0.00000,0.00000,0.00000,0,,0,0,0,0.00000,,0,0,0,0
2022-11-10,37340.63473,10124.63473,27216.00000,0.00000,346,0,0,0,0.00000,0.00000,0.00000,0.00000,0,,0,0,0,0.00000,,0,0,0,0
2022-11-11,37254.23473,10124.63473,27129.60000,0.00000,345,0,0,0,0.00000,0.00000,0.00000,0.00000,0,,0,0,0,0.00000,,0,0,0,0
2022-11-12,37256.14283,10126.54283,27129.60000,0.00000,346,1,0,0,0.00000,0.00000,0.00000,0.00000,0,,0,0,0,0.00000,,0,0,0,0
2022-11-13,37152.46283,10126.54283,27025.92000,0.00000,345,0,0,0,0.00000,0.00000,0.00000,0.00000,0,,0,0,0,0.00000,,0,0,0,0
2022-11-14,37152.46283,10126.54283,27025.92000,0.00000,345,0,0,0,0.00000,0.00000,0.00000,0.00000,0,,0,0,0,0.00000,,0,0,0,0
2022-11-15,37152.46283,10126.54283,27025.92000,0.00000,345,0,0,0,0.00000,0.00000,0.00000,0.00000,0,,0,0,0,0.00000,,0,0,0,0
2022-11-16,38307.94899,10124.26899,28183.68000,0.00000,345,3,0,2,0.00000,0.00000,400.00000,0.00000,0,,0,0,0,0.00000,,0,0,0,0
2022-11-17,38306.28149,10122.60149,28183.68000,0.00000,344,0,0,1,0.00000,0.00000,200.00000,0.00000,0,,0,0,0,0.00000,,0,0,0,0
2022-11-18,38322.29663,10138.61663,28183.68000,0.00000,343,1,0,2,0.00000,0.00000,400.00000,0.00000,0,,0,0,0,0.00000,,0,0,0,0
2022-11-19,38323.10094,10139.42094,28183.68000,0.00000,344,1,0,0,0.00000,0.00000,0.00000,0.00000,0,,0,0,0,0.00000,,0,0,0,0
2022-11-20,38616.86094,10139.42094,28477.44000,0.00000,345,1,0,0,0.00000,0.00000,0.00000,0.00000,0,,0,0,0,0.00000,,0,0,0,0
2022-11-21,38616.58895,10139.14895,28477.44000,0.00000,344,0,0,1,0.00000,0.00000,200.00000,0.00000,0,,0,0,0,0.00000,,0,0,0,0
2022-11-22,38616.58895,10139.14895,28477.44000,0.00000,344,0,0,0,0.00000,0.00000,0.00000,0.00000,0,,0,0,0,0.00000,,0,0,0,0
2022-11-23,38633.64670,10156.20670,28477.44000,0.00000,345,1,0,0,0.00000,0.00000,0.00000,0.00000,0,,0,0,0,0.00000,,0,0,0,0
2022-11-24,38723.73572,10246.29572,28477.44000,0.00000,347,2,0,0,0.00000,0.00000,0.00000,0.00000,0,,0,0,0,0.00000,,0,0,0,0
2022-11-25,38723.73572,10246.29572,28477.44000,0.00000,347,0,0,0,0.00000,0.00000,0.00000,0.00000,0,,0,0,0,0.00000,,0,0,0,0
2022-11-26,38724.78267,10247.34267,28477.44000,0.00000,348,1,0,0,0.00000,0.00000,0.00000,0.00000,0,,0,0,0,0.00000,,0,0,0,0
2022-11-27,38724.78267,10247.34267,28477.44000,0.00000,348,0,0,0,0.00000,0.00000,0.00000,0.00000,0,,0,0,0,0.00000,,0,0,0,0
2022-11-28,38724.78267,10247.34267,28477.44000,0.00000,348,0,0,0,0.00000,0.00000,0.00000,0.00000,0,,0,0,0,0.00000,,0,0,0,0
2022-11-29,39028.07320,10256.87320,28771.20000,0.00000,351,4,0,1,0.00000,0.00000,200.00000,0.00000,0,,0,0,0,0.00000,,0,0,0,0
2022-11-30,39040.14762,10268.94762,28771.20000,0.00000,352,1,0,0,0.00000,0.00000,0.00000,0.00000,0,,0,0,0,0.00000,,0,0,0,0
2022-12-01,39147.43844,10376.23844,28771.20000,0.00000,354,2,0,0,0.00000,0.00000,0.00000,0.00000,0,,0,0,0,0.00000,,0,0,0,0
2022-12-02,39144.65127,10373.45127,28771.20000,0.00000,354,1,0,1,0.00000,0.00000,200.00000,0.00000,0,,0,0,0,0.00000,,0,0,0,0
2022-12-03,39149.12134,10377.92134,28771.20000,0.00000,355,1,0,0,0.00000,0.00000,0.00000,0.00000,0,,0,0,0,0.00000,,0,0,0,0
2022-12-04,39167.69700,10396.49700,28771.20000,0.00000,356,1,0,0,0.00000,0.00000,0.00000,0.00000,0,,0,0,0,0.00000,,0,0,0,0
2022-12-05,39443.39411,10378.43411,29064.96000,0.00000,357,3,0,2,0.00000,0.00000,400.00000,0.00000,0,,0,0,0,0.00000,,0,0,0,0
2022-12-06,39443.39411,10378.43411,29064.96000,0.00000,357,0,0,0,0.00000,0.00000,0.00000,0.00000,0,,0,0,0,0.00000,,0,0,0,0
2022-12-07,39686.93784,10621.97784,29064.96000,0.00000,358,1,0,0,0.00000,0.00000,0.00000,0.00000,0,,0,0,0,0.00000,,0,0,0,0
2022-12-08,38822.93784,10621.97784,28200.96000,0.00000,357,0,0,0,0.00000,0.00000,0.00000,0.00000,0,,0,0,0,0.00000,,0,0,0,0
2022-12-09,38995.86466,10622.10466,28373.76000,0.00000,360,3,0,0,0.00000,0.00000,0.00000,0.00000,0,,0,0,0,0.00000,,0,0,0,0
2022-12-10,38995.86466,10622.10466,28373.76000,0.00000,360,0,0,0,0.00000,0.00000,0.00000,0.00000,0,,0,0,0,0.00000,,0,0,0,0
2022-12-11,39859.86466,10622.10466,29237.76000,0.00000,361,1,0,0,0.00000,0.00000,0.00000,0.00000,0,,0,0,0,0.00000,,0,0,0,0
2022-12-12,39862.77716,10625.01716,29237.76000,0.00000,362,1,0,0,0.00000,0.00000,0.00000,0.00000,0,,0,0,0,0.00000,,0,0,0,0
2022-12-13,39862.77716,10625.01716,29237.76000,0.00000,362,0,0,0,0.00000,0.00000,0.00000,0.00000,0,,0,0,0,0.00000,,0,0,0,0
2022-12-14,38998.77716,10625.01716,28373.76000,0.00000,361,0,0,0,0.00000,0.00000,0.00000,0.00000,0,,0,0,0,0.00000,,0,0,0,0
2022-12-15,39861.76386,10624.00386,29237.76000,0.00000,361,1,0,1,0.00000,0.00000,200.00000,0.00000,0,,0,0,0,0.00000,,0,0,0,0
2022-12-16,39861.76386,10624.00386,29237.76000,0.00000,361,0,0,0,0.00000,0.00000,0.00000,0.00000,0,,0,0,0,0.00000,,0,0,0,0
2022-12-17,39465.31287,10624.99287,28840.32000,0.00000,360,1,0,0,0.00000,0.00000,0.00000,0.00000,0,,0,0,0,0.00000,,0,0,0,0
2022-12-18,40348.38149,10644.06149,29704.32000,0.00000,362,2,0,0,0.00000,0.00000,0.00000,0.00000,0,,0,0,0,0.00000,,0,0,0,0
2022-12-19,40348.56559,10644.24559,29704.32000,0.00000,362,1,0,1,0.00000,0.00000,200.00000,0.00000,0,,0,0,0,0.00000,,0,0,0,0
2022-12-20,40348.56559,10644.24559,29704.32000,0.00000,362,0,0,0,0.00000,0.00000,0.00000,0.00000,0,,0,0,0,0.00000,,0,0,0,0
2022-12-21,40350.75479,10646.43479,29704.32000,0.00000,364,2,0,0,0.00000,0.00000,0.00000,0.00000,0,,0,0,0,0.00000,,0,0,0,0
2022-12-22,40380.09311,10675.77311,29704.32000,0.00000,363,1,0,2,0.00000,0.00000,400.00000,0.00000,0,,0,0,0,0.00000,,0,0,0,0
2022-12-23,40388.18702,10683.86702,29704.32000,0.00000,364,1,0,0,0.00000,0.00000,0.00000,0.00000,0,,0,0,0,0.00000,,0,0,0,0
2022-12-24,40456.07882,10751.75882,29704.32000,0.00000,365,2,0,1,0.00000,0.00000,200.00000,0.00000,0,,0,0,0,0.00000,,0,0,0,0
2022-12-25,40567.71873,10863.39873,29704.32000,0.00000,366,1,0,0,0.00000,0.00000,0.00000,0.00000,0,,0,0,0,0.00000,,0,0,0,0
2022-12-26,40671.39873,10863.39873,29808.00000,0.00000,367,1,0,0,0.00000,0.00000,0.00000,0.00000,0,,0,0,0,0.00000,,0,0,0,0
2022-12-27,41927.66219,10858.22219,31069.44000,0.00000,369,3,0,1,0.00000,0.00000,200.00000,0.00000,0,,0,0,0,0.00000,,0,0,0,0
2022-12-28,41927.66219,10858.22219,31069.44000,0.00000,369,0,0,0,0.00000,0.00000,0.00000,0.00000,0,,0,0,0,0.00000,,0,0,0,0
2022-12-29,42014.06219,10858.22219,31155.84000,0.00000,370,1,0,0,0.00000,0.00000,0.00000,0.00000,0,,0,0,0,0.00000,,0,0,0,0
2022-12-30,42019.69711,10863.85711,31155.84000,0.00000,371,1,0,0,0.00000,0.00000,0.00000,0.00000,0,,0,0,0,0.00000,,0,0,0,0
2022-12-31,41919.34332,10867.18332,31052.16000,0.00000,371,2,0,1,0.00000,0.00000,200.00000,0.00000,0,,0,0,0,0.00000,,0,0,0,0
