Date,Daily Emissions (Kg Methane),Daily Mitigable Emissions (Kg Methane),Daily Non-Mitigable Emissions (Kg Methane),Daily Cost ($),Active Leaks,New Leaks,Leaks Repaired,Leaks Naturally Repaired,Leaks Tagged,Daily Repair Cost ($),Daily Natural Repair Cost ($),aircraft Deployment Cost ($),aircraft Sites flagged for Follow-Up,aircraft Leaks tagged for repair,aircraft Sites Visited,aircraft Travel Time (Minutes),aircraft Survey Time (Minutes),OGI_FU_persitehigh Deployment Cost ($),OGI_FU_persitehigh Sites flagged for Follow-Up,OGI_FU_persitehigh Leaks tagged for repair,OGI_FU_persitehigh Sites Visited,OGI_FU_persitehigh Travel Time (Minutes),OGI_FU_persitehigh Survey Time (Minutes)
2022-01-01,853.16634,528.23394,324.93240,2500.00000,335,337,0,1,0.00000,0.00000,200.00000,2500.00000,0,,10,20,10,0.00000,,0,0,0,0
2022-01-02,852.45875,525.55255,326.90620,0.00000,335,1,0,1,0.00000,0.00000,200.00000,0.00000,0,,0,0,0,0.00000,,0,0,0,0
2022-01-03,852.45875,525.55255,326.90620,2756.00000,335,0,0,0,15.00000,0.00000,0.00000,0.00000,1,,0,0,0,2756.00000,,15,1,30,120
2022-01-04,854.24634,527.34014,326.90620,0.00000,337,2,0,0,0.00000,0.00000,0.00000,0.00000,0,,0,0,0,0.00000,,0,0,0,0
2022-01-05,854.91669,528.01049,326.90620,0.00000,336,1,0,2,0.00000,0.00000,400.00000,0.00000,0,,0,0,0,0.00000,,0,0,0,0
2022-01-06,854.91669,528.01049,326.90620,0.00000,336,0,0,0,0.00000,0.00000,0.00000,0.00000,0,,0,0,0,0.00000,,0,0,0,0
2022-01-07,854.91669,528.01049,326.90620,0.00000,336,0,0,0,0.00000,0.00000,0.00000,0.00000,0,,0,0,0,0.00000,,0,0,0,0
2022-01-08,860.27947,524.65875,335.62072,0.00000,336,3,0,2,0.00000,0.00000,400.00000,0.00000,0,,0,0,0,0.00000,,0,0,0,0
2022-01-09,860.05602,524.65875,335.39727,0.00000,335,0,0,0,0.00000,0.00000,0.00000,0.00000,0,,0,0,0,0.00000,,0,0,0,0
2022-01-10,873.23953,538.28916,334.95037,0.00000,337,3,0,0,0.00000,0.00000,0.00000,0.00000,0,,0,0,0,0.00000,,0,0,0,0
2022-01-11,873.68642,538.73605,334.95037,0.00000,338,2,0,1,0.00000,0.00000,200.00000,0.00000,0,,0,0,0,0.00000,,0,0,0,0
2022-01-12,870.78158,544.76918,326.01240,0.00000,338,1,0,0,0.00000,0.00000,0.00000,0.00000,0,,0,0,0,0.00000,,0,0,0,0
2022-01-13,873.05332,549.23817,323.81515,0.00000,337,2,0,1,0.00000,0.00000,200.00000,0.00000,0,,0,0,0,0.00000,,0,0,0,0
2022-01-14,874.80367,549.01472,325.78895,0.00000,337,1,0,1,0.00000,0.00000,200.00000,0.00000,0,,0,0,0,0.00000,,0,0,0,0
2022-01-15,872.82987,549.01472,323.81515,0.00000,336,0,0,0,0.00000,0.00000,0.00000,0.00000,0,,0,0,0,0.00000,,0,0,0,0
2022-01-16,872.15952,548.79127,323.36825,0.00000,335,1,0,1,0.00000,0.00000,200.00000,0.00000,0,,0,0,0,0.00000,,0,0,0,0
2022-01-17,876.62850,553.26025,323.36825,0.00000,336,1,0,0,0.00000,0.00000,0.00000,0.00000,0,,0,0,0,0.00000,,0,0,0,0
2022-01-18,837.52489,514.15664,323.36825,2000.00000,326,1,10,1,0.00000,2000.00000,200.00000,0.00000,0,,0,0,0,0.00000,,0,0,0,0
2022-01-19,837.52489,514.15664,323.36825,0.00000,326,1,0,1,0.00000,0.00000,200.00000,0.00000,0,,0,0,0,0.00000,,0,0,0,0
2022-01-20,837.52489,514.15664,323.36825,0.00000,326,0,0,0,0.00000,0.00000,0.00000,0.00000,0,,0,0,0,0.00000,,0,0,0,0
2022-01-21,843.07388,517.06148,326.01240,0.00000,327,3,0,2,0.00000,0.00000,400.00000,0.00000,0,,0,0,0,0.00000,,0,0,0,0
2022-01-22,842.85043,517.06148,325.78895,0.00000,326,0,0,0,0.00000,0.00000,0.00000,0.00000,0,,0,0,0,0.00000,,0,0,0,0
2022-01-23,841.06284,515.27389,325.78895,0.00000,324,0,0,2,0.00000,0.00000,400.00000,0.00000,0,,0,0,0,0.00000,,0,0,0,0
2022-01-24,841.06284,515.27389,325.78895,0.00000,324,0,0,0,0.00000,0.00000,0.00000,0.00000,0,,0,0,0,0.00000,,0,0,0,0
2022-01-25,845.53182,519.74287,325.78895,0.00000,325,1,0,0,0.00000,0.00000,0.00000,0.00000,0,,0,0,0,0.00000,,0,0,0,0
2022-01-26,840.16904,514.38009,325.78895,0.00000,323,0,0,2,0.00000,0.00000,400.00000,0.00000,0,,0,0,0,0.00000,,0,0,0,0
2022-01-27,837.48765,511.69870,325.78895,0.00000,322,0,0,1,0.00000,0.00000,200.00000,0.00000,0,,0,0,0,0.00000,,0,0,0,0
2022-01-28,835.92351,510.13455,325.78895,0.00000,321,0,0,1,0.00000,0.00000,200.00000,0.00000,0,,0,0,0,0.00000,,0,0,0,0
2022-01-29,834.35936,508.57041,325.78895,0.00000,320,0,0,1,0.00000,0.00000,200.00000,0.00000,0,,0,0,0,0.00000,,0,0,0,0
2022-01-30,833.46557,508.12351,325.34205,0.00000,318,0,0,1,0.00000,0.00000,200.00000,0.00000,0,,0,0,0,0.00000,,0,0,0,0
2022-01-31,828.77313,503.65453,325.11860,0.00000,316,0,0,1,0.00000,0.00000,200.00000,0.00000,0,,0,0,0,0.00000,,0,0,0,0
2022-02-01,835.62557,506.55937,329.06621,0.00000,320,4,0,0,0.00000,0.00000,0.00000,0.00000,0,,0,0,0,0.00000,,0,0,0,0
2022-02-02,838.30696,509.24076,329.06621,0.00000,321,1,0,0,0.00000,0.00000,0.00000,0.00000,0,,0,0,0,0.00000,,0,0,0,0
2022-02-03,840.98836,511.92215,329.06621,0.00000,322,1,0,0,0.00000,0.00000,0.00000,0.00000,0,,0,0,0,0.00000,,0,0,0,0
2022-02-04,839.64766,519.51942,320.12824,0.00000,323,2,0,0,0.00000,0.00000,0.00000,0.00000,0,,0,0,0,0.00000,,0,0,0,0
2022-02-05,834.99247,516.83803,318.15444,0.00000,321,0,0,1,0.00000,0.00000,200.00000,0.00000,0,,0,0,0,0.00000,,0,0,0,0
2022-02-06,840.57870,514.15664,326.42206,0.00000,321,2,0,2,0.00000,0.00000,400.00000,0.00000,0,,0,0,0,0.00000,,0,0,0,0
2022-02-07,848.62287,513.93319,334.68968,0.00000,320,1,0,1,0.00000,0.00000,200.00000,0.00000,0,,0,0,0,0.00000,,0,0,0,0
2022-02-08,848.62287,513.93319,334.68968,0.00000,320,0,0,0,0.00000,0.00000,0.00000,0.00000,0,,0,0,0,0.00000,,0,0,0,0
2022-02-09,850.59667,513.93319,336.66348,0.00000,321,1,0,0,0.00000,0.00000,0.00000,0.00000,0,,0,0,0,0.00000,,0,0,0,0
2022-02-10,859.98154,514.38009,345.60145,0.00000,320,2,0,3,0.00000,0.00000,600.00000,0.00000,0,,0,0,0,0.00000,,0,0,0,0
2022-02-11,854.13462,505.88902,348.24560,0.00000,320,2,0,2,0.00000,0.00000,400.00000,0.00000,0,,0,0,0,0.00000,,0,0,0,0
2022-02-12,854.13462,505.88902,348.24560,0.00000,320,0,0,0,0.00000,0.00000,0.00000,0.00000,0,,0,0,0,0.00000,,0,0,0,0
2022-02-13,856.10842,505.88902,350.21940,0.00000,321,2,0,1,0.00000,0.00000,200.00000,0.00000,0,,0,0,0,0.00000,,0,0,0,0
2022-02-14,857.89601,507.67661,350.21940,0.00000,323,2,0,0,0.00000,0.00000,0.00000,0.00000,0,,0,0,0,0.00000,,0,0,0,0
2022-02-15,860.09326,507.90006,352.19320,0.00000,325,2,0,0,0.00000,0.00000,0.00000,0.00000,0,,0,0,0,0.00000,,0,0,0,0
2022-02-16,860.91258,505.21867,355.69390,0.00000,325,2,0,1,0.00000,0.00000,200.00000,0.00000,0,,0,0,0,0.00000,,0,0,0,0
2022-02-17,868.69606,511.25180,357.44426,0.00000,326,2,0,0,0.00000,0.00000,0.00000,0.00000,0,,0,0,0,0.00000,,0,0,0,0
2022-02-18,871.11676,511.25180,359.86496,0.00000,328,2,0,0,0.00000,0.00000,0.00000,0.00000,0,,0,0,0,0.00000,,0,0,0,0
2022-02-19,865.75398,505.88902,359.86496,0.00000,329,2,0,1,0.00000,0.00000,200.00000,0.00000,0,,0,0,0,0.00000,,0,0,0,0
2022-02-20,871.78710,502.98418,368.80293,0.00000,328,1,0,2,0.00000,0.00000,400.00000,0.00000,0,,0,0,0,0.00000,,0,0,0,0
2022-02-21,872.23400,503.43108,368.80293,0.00000,329,1,0,0,0.00000,0.00000,0.00000,0.00000,0,,0,0,0,0.00000,,0,0,0,0
2022-02-22,872.45745,503.65453,368.80293,0.00000,330,1,0,0,0.00000,0.00000,0.00000,0.00000,0,,0,0,0,0.00000,,0,0,0,0
2022-02-23,875.13884,506.33592,368.80293,0.00000,331,1,0,0,0.00000,0.00000,0.00000,0.00000,0,,0,0,0,0.00000,,0,0,0,0
2022-02-24,868.65882,508.34696,360.31185,0.00000,328,2,0,3,0.00000,0.00000,600.00000,0.00000,0,,0,0,0,0.00000,,0,0,0,0
2022-02-25,867.95123,505.66557,362.28566,0.00000,328,1,0,1,0.00000,0.00000,200.00000,0.00000,0,,0,0,0,0.00000,,0,0,0,0
2022-02-26,869.92503,505.66557,364.25946,0.00000,329,1,0,0,0.00000,0.00000,0.00000,0.00000,0,,0,0,0,0.00000,,0,0,0,0
2022-02-27,869.92503,505.66557,364.25946,0.00000,329,0,0,0,0.00000,0.00000,0.00000,0.00000,0,,0,0,0,0.00000,,0,0,0,0
2022-02-28,878.41610,505.66557,372.75053,0.00000,329,1,0,0,0.00000,0.00000,0.00000,0.00000,0,,0,0,0,0.00000,,0,0,0,0
2022-03-01,877.29885,504.10143,373.19743,0.00000,329,1,0,1,0.00000,0.00000,200.00000,0.00000,0,,0,0,0,0.00000,,0,0,0,0
2022-03-02,877.29885,504.10143,373.19743,0.00000,329,0,0,0,0.00000,0.00000,0.00000,0.00000,0,,0,0,0,0.00000,,0,0,0,0
2022-03-03,877.29885,504.10143,373.19743,0.00000,329,0,0,0,0.00000,0.00000,0.00000,0.00000,0,,0,0,0,0.00000,,0,0,0,0
2022-03-04,879.98024,506.78282,373.19743,0.00000,330,1,0,0,0.00000,0.00000,0.00000,0.00000,0,,0,0,0,0.00000,,0,0,0,0
2022-03-05,884.15129,506.78282,377.36848,0.00000,333,3,0,0,0.00000,0.00000,0.00000,0.00000,0,,0,0,0,0.00000,,0,0,0,0
2022-03-06,889.51408,512.14560,377.36848,0.00000,335,2,0,0,0.00000,0.00000,0.00000,0.00000,0,,0,0,0,0.00000,,0,0,0,0
2022-03-07,887.72648,510.35800,377.36848,0.00000,333,0,0,2,0.00000,0.00000,400.00000,0.00000,0,,0,0,0,0.00000,,0,0,0,0
2022-03-08,879.90576,503.20763,376.69813,0.00000,330,0,0,2,0.00000,0.00000,400.00000,0.00000,0,,0,0,0,0.00000,,0,0,0,0
2022-03-09,880.61335,505.88902,374.72433,0.00000,330,1,0,0,0.00000,0.00000,0.00000,0.00000,0,,0,0,0,0.00000,,0,0,0,0
2022-03-10,883.74164,509.01731,374.72433,0.00000,329,1,0,2,0.00000,0.00000,400.00000,0.00000,0,,0,0,0,0.00000,,0,0,0,0
2022-03-11,884.18854,509.46421,374.72433,0.00000,330,1,0,0,0.00000,0.00000,0.00000,0.00000,0,,0,0,0,0.00000,,0,0,0,0
2022-03-12,886.86993,512.14560,374.72433,0.00000,331,1,0,0,0.00000,0.00000,0.00000,0.00000,0,,0,0,0,0.00000,,0,0,0,0
2022-03-13,886.86993,512.14560,374.72433,0.00000,331,0,0,0,0.00000,0.00000,0.00000,0.00000,0,,0,0,0,0.00000,,0,0,0,0
2022-03-14,884.18854,509.46421,374.72433,0.00000,330,0,0,1,0.00000,0.00000,200.00000,0.00000,0,,0,0,0,0.00000,,0,0,0,0
2022-03-15,887.50303,509.46421,378.03883,0.00000,333,3,0,0,0.00000,0.00000,0.00000,0.00000,0,,0,0,0,0.00000,,0,0,0,0
2022-03-16,876.77747,507.67661,369.10086,0.00000,330,0,0,2,0.00000,0.00000,400.00000,0.00000,0,,0,0,0,0.00000,,0,0,0,0
2022-03-17,870.07399,502.31383,367.76016,0.00000,326,0,0,2,0.00000,0.00000,400.00000,0.00000,0,,0,0,0,0.00000,,0,0,0,0
2022-03-18,871.63814,503.87798,367.76016,0.00000,327,1,0,0,0.00000,0.00000,0.00000,0.00000,0,,0,0,0,0.00000,,0,0,0,0
2022-03-19,862.92362,504.10143,358.82219,0.00000,327,2,0,1,0.00000,0.00000,200.00000,0.00000,0,,0,0,0,0.00000,,0,0,0,0
2022-03-20,862.02982,503.65453,358.37530,0.00000,324,0,0,2,0.00000,0.00000,400.00000,0.00000,0,,0,0,0,0.00000,,0,0,0,0
2022-03-21,856.44359,506.33592,350.10767,0.00000,324,1,0,0,0.00000,0.00000,0.00000,0.00000,0,,0,0,0,0.00000,,0,0,0,0
2022-03-22,857.56084,507.45316,350.10767,0.00000,324,1,0,1,0.00000,0.00000,200.00000,0.00000,0,,0,0,0,0.00000,,0,0,0,0
2022-03-23,851.78840,511.92215,339.86625,0.00000,323,1,0,0,0.00000,0.00000,0.00000,0.00000,0,,0,0,0,0.00000,,0,0,0,0
2022-03-24,854.24634,514.38009,339.86625,0.00000,323,1,0,1,0.00000,0.00000,200.00000,0.00000,0,,0,0,0,0.00000,,0,0,0,0
2022-03-25,854.95393,517.06148,337.89245,0.00000,323,1,0,0,0.00000,0.00000,0.00000,0.00000,0,,0,0,0,0.00000,,0,0,0,0
2022-03-26,860.09326,522.20081,337.89245,0.00000,324,2,0,1,0.00000,0.00000,200.00000,0.00000,0,,0,0,0,0.00000,,0,0,0,0
2022-03-27,862.77465,524.88220,337.89245,0.00000,325,1,0,0,0.00000,0.00000,0.00000,0.00000,0,,0,0,0,0.00000,,0,0,0,0
2022-03-28,867.91399,530.02153,337.89245,0.00000,324,1,0,2,0.00000,0.00000,400.00000,0.00000,0,,0,0,0,0.00000,,0,0,0,0
2022-03-29,867.91399,530.02153,337.89245,0.00000,324,1,0,1,0.00000,0.00000,200.00000,0.00000,0,,0,0,0,0.00000,,0,0,0,0
2022-03-30,867.91399,530.02153,337.89245,0.00000,324,0,0,0,0.00000,0.00000,0.00000,0.00000,0,,0,0,0,0.00000,,0,0,0,0
2022-03-31,870.37193,532.47948,337.89245,0.00000,324,1,0,1,0.00000,0.00000,200.00000,0.00000,0,,0,0,0,0.00000,,0,0,0,0
2022-04-01,872.60642,535.16087,337.44555,0.00000,324,1,0,0,0.00000,0.00000,0.00000,0.00000,0,,0,0,0,0.00000,,0,0,0,0
2022-04-02,874.58022,535.16087,339.41935,0.00000,325,1,0,0,0.00000,0.00000,0.00000,0.00000,0,,0,0,0,0.00000,,0,0,0,0
2022-04-03,888.43407,540.07675,348.35732,0.00000,329,4,0,0,0.00000,0.00000,0.00000,0.00000,0,,0,0,0,0.00000,,0,0,0,0
2022-04-04,888.88097,540.52365,348.35732,0.00000,330,2,0,1,0.00000,0.00000,200.00000,0.00000,0,,0,0,0,0.00000,,0,0,0,0
2022-04-05,888.43407,540.52365,347.91042,0.00000,329,0,0,0,0.00000,0.00000,0.00000,0.00000,0,,0,0,0,0.00000,,0,0,0,0
2022-04-06,880.01748,536.05466,343.96282,0.00000,326,0,0,1,0.00000,0.00000,200.00000,0.00000,0,,0,0,0,0.00000,,0,0,0,0
2022-04-07,877.33609,533.37327,343.96282,0.00000,325,0,0,1,0.00000,0.00000,200.00000,0.00000,0,,0,0,0,0.00000,,0,0,0,0
2022-04-08,872.64366,528.68084,343.96282,0.00000,323,1,0,3,0.00000,0.00000,600.00000,0.00000,0,,0,0,0,0.00000,,0,0,0,0
2022-04-09,875.32505,531.36223,343.96282,0.00000,324,1,0,0,0.00000,0.00000,0.00000,0.00000,0,,0,0,0,0.00000,,0,0,0,0
2022-04-10,874.87815,530.91533,343.96282,0.00000,323,0,0,1,0.00000,0.00000,200.00000,0.00000,0,,0,0,0,0.00000,,0,0,0,0
2022-04-11,863.92914,528.23394,335.69520,0.00000,321,0,0,1,0.00000,0.00000,200.00000,0.00000,0,,0,0,0,0.00000,,0,0,0,0
2022-04-12,868.58433,530.91533,337.66900,0.00000,323,2,0,0,0.00000,0.00000,0.00000,0.00000,0,,0,0,0,0.00000,,0,0,0,0
2022-04-13,870.37193,532.70293,337.66900,0.00000,323,1,0,1,0.00000,0.00000,200.00000,0.00000,0,,0,0,0,0.00000,,0,0,0,0
2022-04-14,874.61746,537.17191,337.44555,0.00000,323,1,0,0,0.00000,0.00000,0.00000,0.00000,0,,0,0,0,0.00000,,0,0,0,0
2022-04-15,874.17056,537.17191,336.99865,0.00000,322,0,0,0,0.00000,0.00000,0.00000,0.00000,0,,0,0,0,0.00000,,0,0,0,0
2022-04-16,874.17056,537.17191,336.99865,0.00000,322,0,0,0,0.00000,0.00000,0.00000,0.00000,0,,0,0,0,0.00000,,0,0,0,0
2022-04-17,871.48917,534.49052,336.99865,0.00000,321,0,0,1,0.00000,0.00000,200.00000,0.00000,0,,0,0,0,0.00000,,0,0,0,0
2022-04-18,875.95816,538.95950,336.99865,0.00000,322,1,0,0,0.00000,0.00000,0.00000,0.00000,0,,0,0,0,0.00000,,0,0,0,0
2022-04-19,878.19265,541.64089,336.55176,0.00000,322,2,0,1,0.00000,0.00000,200.00000,0.00000,0,,0,0,0,0.00000,,0,0,0,0
2022-04-20,878.19265,541.64089,336.55176,0.00000,322,0,0,0,0.00000,0.00000,0.00000,0.00000,0,,0,0,0,0.00000,,0,0,0,0
2022-04-21,880.87404,544.32228,336.55176,0.00000,323,1,0,0,0.00000,0.00000,0.00000,0.00000,0,,0,0,0,0.00000,,0,0,0,0
2022-04-22,878.67679,544.09884,334.57795,0.00000,321,0,0,1,0.00000,0.00000,200.00000,0.00000,0,,0,0,0,0.00000,,0,0,0,0
2022-04-23,878.67679,544.09884,334.57795,0.00000,321,0,0,0,0.00000,0.00000,0.00000,0.00000,0,,0,0,0,0.00000,,0,0,0,0
2022-04-24,877.52230,540.97055,336.55176,0.00000,319,1,0,3,0.00000,0.00000,600.00000,0.00000,0,,0,0,0,0.00000,,0,0,0,0
2022-04-25,874.84091,538.28916,336.55176,0.00000,318,0,0,1,0.00000,0.00000,200.00000,0.00000,0,,0,0,0,0.00000,,0,0,0,0
2022-04-26,875.06436,538.51260,336.55176,0.00000,319,1,0,0,0.00000,0.00000,0.00000,0.00000,0,,0,0,0,0.00000,,0,0,0,0
2022-04-27,866.79674,530.24498,336.55176,0.00000,318,0,0,1,0.00000,0.00000,200.00000,0.00000,0,,0,0,0,0.00000,,0,0,0,0
2022-04-28,877.29885,531.80913,345.48972,0.00000,320,2,0,0,0.00000,0.00000,0.00000,0.00000,0,,0,0,0,0.00000,,0,0,0,0
2022-04-29,885.56647,531.80913,353.75734,0.00000,321,1,0,0,0.00000,0.00000,0.00000,0.00000,0,,0,0,0,0.00000,,0,0,0,0
2022-04-30,887.13062,534.49052,352.64010,0.00000,320,3,0,2,0.00000,0.00000,400.00000,0.00000,0,,0,0,0,0.00000,,0,0,0,0
2022-05-01,883.77888,531.13878,352.64010,0.00000,320,1,0,1,0.00000,0.00000,200.00000,0.00000,0,,0,0,0,0.00000,,0,0,0,0
2022-05-02,892.49340,539.85330,352.64010,0.00000,323,4,0,1,0.00000,0.00000,200.00000,0.00000,0,,0,0,0,0.00000,,0,0,0,0
2022-05-03,894.46720,539.85330,354.61390,0.00000,324,1,0,0,0.00000,0.00000,0.00000,0.00000,0,,0,0,0,0.00000,,0,0,0,0
2022-05-04,893.79685,538.73605,355.06080,0.00000,325,2,0,1,0.00000,0.00000,200.00000,0.00000,0,,0,0,0,0.00000,,0,0,0,0
2022-05-05,893.08926,536.05466,357.03460,0.00000,325,1,0,1,0.00000,0.00000,200.00000,0.00000,0,,0,0,0,0.00000,,0,0,0,0
2022-05-06,893.31271,536.27811,357.03460,0.00000,326,1,0,0,0.00000,0.00000,0.00000,0.00000,0,,0,0,0,0.00000,,0,0,0,0
2022-05-07,897.96790,538.95950,359.00840,0.00000,328,2,0,0,0.00000,0.00000,0.00000,0.00000,0,,0,0,0,0.00000,,0,0,0,0
2022-05-08,896.21755,539.18295,357.03460,0.00000,328,1,0,0,0.00000,0.00000,0.00000,0.00000,0,,0,0,0,0.00000,,0,0,0,0
2022-05-09,892.19547,534.71397,357.48150,0.00000,328,1,0,1,0.00000,0.00000,200.00000,0.00000,0,,0,0,0,0.00000,,0,0,0,0
2022-05-10,893.75961,536.27811,357.48150,0.00000,329,1,0,0,0.00000,0.00000,0.00000,0.00000,0,,0,0,0,0.00000,,0,0,0,0
2022-05-11,896.44100,539.18295,357.25805,0.00000,330,3,0,1,0.00000,0.00000,200.00000,0.00000,0,,0,0,0,0.00000,,0,0,0,0
2022-05-12,902.02723,544.76918,357.25805,0.00000,333,3,0,0,0.00000,0.00000,0.00000,0.00000,0,,0,0,0,0.00000,,0,0,0,0
2022-05-13,900.05343,544.76918,355.28425,0.00000,332,0,0,0,0.00000,0.00000,0.00000,0.00000,0,,0,0,0,0.00000,,0,0,0,0
2022-05-14,900.05343,544.76918,355.28425,0.00000,332,0,0,0,0.00000,0.00000,0.00000,0.00000,0,,0,0,0,0.00000,,0,0,0,0
2022-05-15,906.08656,551.24921,354.83735,0.00000,332,2,0,1,0.00000,0.00000,200.00000,0.00000,0,,0,0,0,0.00000,,0,0,0,0
2022-05-16,908.06036,551.24921,356.81115,0.00000,333,2,0,1,0.00000,0.00000,200.00000,0.00000,0,,0,0,0,0.00000,,0,0,0,0
2022-05-17,910.74175,554.37750,356.36425,0.00000,334,2,0,0,0.00000,0.00000,0.00000,0.00000,0,,0,0,0,0.00000,,0,0,0,0
2022-05-18,915.17349,557.05889,358.11460,0.00000,335,2,0,0,0.00000,0.00000,0.00000,0.00000,0,,0,0,0,0.00000,,0,0,0,0
2022-05-19,912.04520,554.37750,357.66771,0.00000,333,0,0,1,0.00000,0.00000,200.00000,0.00000,0,,0,0,0,0.00000,,0,0,0,0
2022-05-20,929.69769,563.09202,366.60567,0.00000,336,3,0,0,0.00000,0.00000,0.00000,0.00000,0,,0,0,0,0.00000,,0,0,0,0
2022-05-21,919.86593,553.26025,366.60567,0.00000,334,0,0,2,0.00000,0.00000,400.00000,0.00000,0,,0,0,0,0.00000,,0,0,0,0
2022-05-22,919.86593,553.26025,366.60567,0.00000,334,0,0,0,0.00000,0.00000,0.00000,0.00000,0,,0,0,0,0.00000,,0,0,0,0
2022-05-23,920.75972,553.48370,367.27602,0.00000,336,2,0,0,0.00000,0.00000,0.00000,0.00000,0,,0,0,0,0.00000,,0,0,0,0
2022-05-24,937.96531,553.48370,384.48161,0.00000,338,3,0,1,0.00000,0.00000,200.00000,0.00000,0,,0,0,0,0.00000,,0,0,0,0
2022-05-25,929.92114,553.70715,376.21399,0.00000,338,1,0,0,0.00000,0.00000,0.00000,0.00000,0,,0,0,0,0.00000,,0,0,0,0
2022-05-26,929.92114,553.70715,376.21399,0.00000,338,0,0,0,0.00000,0.00000,0.00000,0.00000,0,,0,0,0,0.00000,,0,0,0,0
2022-05-27,927.94734,553.70715,374.24019,0.00000,337,0,0,0,0.00000,0.00000,0.00000,0.00000,0,,0,0,0,0.00000,,0,0,0,0
2022-05-28,911.44934,556.38854,355.06080,0.00000,335,1,0,0,0.00000,0.00000,0.00000,0.00000,0,,0,0,0,0.00000,,0,0,0,0
2022-05-29,911.44934,556.38854,355.06080,0.00000,335,1,0,1,0.00000,0.00000,200.00000,0.00000,0,,0,0,0,0.00000,,0,0,0,0
2022-05-30,919.71696,556.38854,363.32842,0.00000,336,1,0,0,0.00000,0.00000,0.00000,0.00000,0,,0,0,0,0.00000,,0,0,0,0
2022-05-31,924.18595,560.85753,363.32842,0.00000,337,1,0,0,0.00000,0.00000,0.00000,0.00000,0,,0,0,0,0.00000,,0,0,0,0
2022-06-01,918.82316,555.49474,363.32842,0.00000,335,0,0,2,0.00000,0.00000,400.00000,0.00000,0,,0,0,0,0.00000,,0,0,0,0
2022-06-02,918.82316,555.49474,363.32842,0.00000,335,0,0,0,0.00000,0.00000,0.00000,0.00000,0,,0,0,0,0.00000,,0,0,0,0
2022-06-03,918.82316,555.49474,363.32842,0.00000,335,0,0,0,0.00000,0.00000,0.00000,0.00000,0,,0,0,0,0.00000,,0,0,0,0
2022-06-04,915.24798,551.91956,363.32842,0.00000,334,1,0,2,0.00000,0.00000,400.00000,0.00000,0,,0,0,0,0.00000,,0,0,0,0
2022-06-05,912.56659,549.23817,363.32842,0.00000,333,0,0,1,0.00000,0.00000,200.00000,0.00000,0,,0,0,0,0.00000,,0,0,0,0
2022-06-06,912.56659,549.23817,363.32842,0.00000,333,0,0,0,0.00000,0.00000,0.00000,0.00000,0,,0,0,0,0.00000,,0,0,0,0
2022-06-07,923.51560,551.69611,371.81949,0.00000,335,3,0,1,0.00000,0.00000,200.00000,0.00000,0,,0,0,0,0.00000,,0,0,0,0
2022-06-08,912.34314,549.01472,363.32842,0.00000,334,1,0,1,0.00000,0.00000,200.00000,0.00000,0,,0,0,0,0.00000,,0,0,0,0
2022-06-09,912.11969,548.79127,363.32842,0.00000,333,0,0,1,0.00000,0.00000,200.00000,0.00000,0,,0,0,0,0.00000,,0,0,0,0
2022-06-10,908.76795,545.43953,363.32842,0.00000,333,1,0,1,0.00000,0.00000,200.00000,0.00000,0,,0,0,0,0.00000,,0,0,0,0
2022-06-11,908.76795,545.43953,363.32842,0.00000,333,0,0,0,0.00000,0.00000,0.00000,0.00000,0,,0,0,0,0.00000,,0,0,0,0
2022-06-12,909.21485,545.43953,363.77532,0.00000,334,1,0,0,0.00000,0.00000,0.00000,0.00000,0,,0,0,0,0.00000,,0,0,0,0
2022-06-13,909.66175,545.88643,363.77532,0.00000,335,1,0,0,0.00000,0.00000,0.00000,0.00000,0,,0,0,0,0.00000,,0,0,0,0
2022-06-14,909.88520,546.10988,363.77532,0.00000,336,1,0,0,0.00000,0.00000,0.00000,0.00000,0,,0,0,0,0.00000,,0,0,0,0
2022-06-15,909.66175,545.88643,363.77532,0.00000,335,0,0,1,0.00000,0.00000,200.00000,0.00000,0,,0,0,0,0.00000,,0,0,0,0
2022-06-16,909.66175,545.88643,363.77532,0.00000,335,0,0,0,0.00000,0.00000,0.00000,0.00000,0,,0,0,0,0.00000,,0,0,0,0
2022-06-17,905.63966,550.13196,355.50770,0.00000,336,2,0,0,0.00000,0.00000,0.00000,0.00000,0,,0,0,0,0.00000,,0,0,0,0
2022-06-18,902.25068,544.76918,357.48150,0.00000,335,1,0,2,0.00000,0.00000,400.00000,0.00000,0,,0,0,0,0.00000,,0,0,0,0
2022-06-19,905.82587,548.34437,357.48150,0.00000,335,2,0,2,0.00000,0.00000,400.00000,0.00000,0,,0,0,0,0.00000,,0,0,0,0
2022-06-20,905.82587,548.34437,357.48150,0.00000,335,0,0,0,0.00000,0.00000,0.00000,0.00000,0,,0,0,0,0.00000,,0,0,0,0
2022-06-21,912.08245,554.60095,357.48150,0.00000,337,2,0,0,0.00000,0.00000,0.00000,0.00000,0,,0,0,0,0.00000,,0,0,0,0
2022-06-22,911.85900,554.37750,357.48150,0.00000,336,0,0,1,0.00000,0.00000,200.00000,0.00000,0,,0,0,0,0.00000,,0,0,0,0
2022-06-23,911.85900,554.37750,357.48150,0.00000,336,0,0,0,0.00000,0.00000,0.00000,0.00000,0,,0,0,0,0.00000,,0,0,0,0
2022-06-24,911.85900,554.37750,357.48150,0.00000,336,0,0,0,0.00000,0.00000,0.00000,0.00000,0,,0,0,0,0.00000,,0,0,0,0
2022-06-25,911.85900,554.15405,357.70495,0.00000,336,1,0,1,0.00000,0.00000,200.00000,0.00000,0,,0,0,0,0.00000,,0,0,0,0
2022-06-26,911.63555,554.60095,357.03460,0.00000,337,3,0,1,0.00000,0.00000,200.00000,0.00000,0,,0,0,0,0.00000,,0,0,0,0
2022-06-27,911.18865,554.15405,357.03460,0.00000,336,0,0,1,0.00000,0.00000,200.00000,0.00000,0,,0,0,0,0.00000,,0,0,0,0
2022-06-28,909.21485,554.15405,355.06080,0.00000,335,0,0,0,0.00000,0.00000,0.00000,0.00000,0,,0,0,0,0.00000,,0,0,0,0
2022-06-29,909.21485,554.15405,355.06080,0.00000,335,0,0,0,0.00000,0.00000,0.00000,0.00000,0,,0,0,0,0.00000,,0,0,0,0
2022-06-30,909.21485,554.15405,355.06080,0.00000,335,0,0,0,0.00000,0.00000,0.00000,0.00000,0,,0,0,0,0.00000,,0,0,0,0
2022-07-01,909.21485,554.15405,355.06080,0.00000,335,0,0,0,0.00000,0.00000,0.00000,0.00000,0,,0,0,0,0.00000,,0,0,0,0
2022-07-02,917.03557,562.42167,354.61390,0.00000,335,1,0,0,0.00000,0.00000,0.00000,0.00000,0,,0,0,0,0.00000,,0,0,0,0
2022-07-03,914.57763,559.96373,354.61390,0.00000,335,1,0,1,0.00000,0.00000,200.00000,0.00000,0,,0,0,0,0.00000,,0,0,0,0
2022-07-04,917.25902,562.64512,354.61390,0.00000,336,2,0,1,0.00000,0.00000,200.00000,0.00000,0,,0,0,0,0.00000,,0,0,0,0
2022-07-05,917.25902,562.64512,354.61390,0.00000,336,0,0,0,0.00000,0.00000,0.00000,0.00000,0,,0,0,0,0.00000,,0,0,0,0
2022-07-06,916.32798,559.74028,356.58770,0.00000,335,1,0,2,0.00000,0.00000,400.00000,0.00000,0,,0,0,0,0.00000,,0,0,0,0
2022-07-07,924.59560,568.00790,356.58770,0.00000,336,1,0,0,0.00000,0.00000,0.00000,0.00000,0,,0,0,0,0.00000,,0,0,0,0
2022-07-08,924.59560,568.00790,356.58770,0.00000,336,0,0,0,0.00000,0.00000,0.00000,0.00000,0,,0,0,0,0.00000,,0,0,0,0
2022-07-09,927.72389,570.68929,357.03460,0.00000,338,2,0,0,0.00000,0.00000,0.00000,0.00000,0,,0,0,0,0.00000,,0,0,0,0
2022-07-10,927.94734,570.91274,357.03460,0.00000,339,2,0,1,0.00000,0.00000,200.00000,0.00000,0,,0,0,0,0.00000,,0,0,0,0
2022-07-11,933.98047,576.94587,357.03460,0.00000,341,2,0,0,0.00000,0.00000,0.00000,0.00000,0,,0,0,0,0.00000,,0,0,0,0
2022-07-12,931.29908,574.04103,357.25805,0.00000,340,1,0,2,0.00000,0.00000,400.00000,0.00000,0,,0,0,0,0.00000,,0,0,0,0
2022-07-13,931.96943,574.48793,357.48150,0.00000,343,3,0,0,0.00000,0.00000,0.00000,0.00000,0,,0,0,0,0.00000,,0,0,0,0
2022-07-14,930.85218,573.37068,357.48150,0.00000,343,1,0,1,0.00000,0.00000,200.00000,0.00000,0,,0,0,0,0.00000,,0,0,0,0
2022-07-15,930.85218,573.37068,357.48150,0.00000,343,1,0,1,0.00000,0.00000,200.00000,0.00000,0,,0,0,0,0.00000,,0,0,0,0
2022-07-16,938.67290,581.19140,357.48150,0.00000,345,3,0,1,0.00000,0.00000,200.00000,0.00000,0,,0,0,0,0.00000,,0,0,0,0
2022-07-17,949.58467,581.19140,368.39327,0.00000,347,2,0,0,0.00000,0.00000,0.00000,0.00000,0,,0,0,0,0.00000,,0,0,0,0
2022-07-18,949.58467,581.19140,368.39327,0.00000,347,0,0,0,0.00000,0.00000,0.00000,0.00000,0,,0,0,0,0.00000,,0,0,0,0
2022-07-19,949.58467,581.19140,368.39327,0.00000,347,0,0,0,0.00000,0.00000,0.00000,0.00000,0,,0,0,0,0.00000,,0,0,0,0
2022-07-20,949.58467,581.19140,368.39327,0.00000,347,0,0,0,0.00000,0.00000,0.00000,0.00000,0,,0,0,0,0.00000,,0,0,0,0
2022-07-21,941.31705,581.19140,360.12565,0.00000,346,0,0,0,0.00000,0.00000,0.00000,0.00000,0,,0,0,0,0.00000,,0,0,0,0
2022-07-22,941.09360,581.19140,359.90220,0.00000,345,0,0,0,0.00000,0.00000,0.00000,0.00000,0,,0,0,0,0.00000,,0,0,0,0
2022-07-23,950.03157,580.96796,369.06362,0.00000,346,2,0,1,0.00000,0.00000,200.00000,0.00000,0,,0,0,0,0.00000,,0,0,0,0
2022-07-24,952.71296,583.64935,369.06362,0.00000,347,1,0,0,0.00000,0.00000,0.00000,0.00000,0,,0,0,0,0.00000,,0,0,0,0
2022-07-25,958.07574,589.01213,369.06362,0.00000,349,2,0,0,0.00000,0.00000,0.00000,0.00000,0,,0,0,0,0.00000,,0,0,0,0
2022-07-26,960.75713,591.69352,369.06362,0.00000,350,1,0,0,0.00000,0.00000,0.00000,0.00000,0,,0,0,0,0.00000,,0,0,0,0
2022-07-27,957.66609,590.57627,367.08981,0.00000,349,1,0,1,0.00000,0.00000,200.00000,0.00000,0,,0,0,0,0.00000,,0,0,0,0
2022-07-28,957.66609,590.57627,367.08981,0.00000,349,1,0,0,0.00000,0.00000,0.00000,0.00000,0,,0,0,0,0.00000,,0,0,0,0
2022-07-29,952.97365,585.88384,367.08981,0.00000,347,0,0,2,0.00000,0.00000,400.00000,0.00000,0,,0,0,0,0.00000,,0,0,0,0
2022-07-30,954.98470,588.56523,366.41947,0.00000,347,1,0,0,0.00000,0.00000,0.00000,0.00000,0,,0,0,0,0.00000,,0,0,0,0
2022-07-31,955.20814,588.78868,366.41947,0.00000,348,1,0,0,0.00000,0.00000,0.00000,0.00000,0,,0,0,0,0.00000,,0,0,0,0
2022-08-01,959.86334,591.47007,368.39327,0.00000,350,2,0,0,0.00000,0.00000,0.00000,0.00000,0,,0,0,0,0.00000,,0,0,0,0
2022-08-02,957.66609,591.24662,366.41947,0.00000,348,0,0,1,0.00000,0.00000,200.00000,0.00000,0,,0,0,0,0.00000,,0,0,0,0
2022-08-03,958.96954,591.24662,367.72292,0.00000,348,1,0,0,0.00000,0.00000,0.00000,0.00000,0,,0,0,0,0.00000,,0,0,0,0
2022-08-04,958.96954,591.24662,367.72292,0.00000,348,0,0,0,0.00000,0.00000,0.00000,0.00000,0,,0,0,0,0.00000,,0,0,0,0
2022-08-05,956.54884,590.79972,365.74912,0.00000,346,0,0,1,0.00000,0.00000,200.00000,0.00000,0,,0,0,0,0.00000,,0,0,0,0
2022-08-06,957.44264,591.69352,365.74912,0.00000,345,1,0,2,0.00000,0.00000,400.00000,0.00000,0,,0,0,0,0.00000,,0,0,0,0
2022-08-07,948.50467,591.69352,356.81115,0.00000,344,0,0,0,0.00000,0.00000,0.00000,0.00000,0,,0,0,0,0.00000,,0,0,0,0
2022-08-08,953.64400,597.50320,356.14080,0.00000,346,3,0,0,0.00000,0.00000,0.00000,0.00000,0,,0,0,0,0.00000,,0,0,0,0
2022-08-09,948.28122,592.14042,356.14080,0.00000,346,2,0,2,0.00000,0.00000,400.00000,0.00000,0,,0,0,0,0.00000,,0,0,0,0
2022-08-10,950.25502,592.14042,358.11460,0.00000,347,1,0,0,0.00000,0.00000,0.00000,0.00000,0,,0,0,0,0.00000,,0,0,0,0
2022-08-11,959.19299,592.14042,367.05257,0.00000,348,1,0,0,0.00000,0.00000,0.00000,0.00000,0,,0,0,0,0.00000,,0,0,0,0
2022-08-12,959.19299,592.14042,367.05257,0.00000,348,0,0,0,0.00000,0.00000,0.00000,0.00000,0,,0,0,0,0.00000,,0,0,0,0
2022-08-13,956.06470,589.01213,367.05257,0.00000,346,0,0,2,0.00000,0.00000,400.00000,0.00000,0,,0,0,0,0.00000,,0,0,0,0
2022-08-14,956.06470,589.01213,367.05257,0.00000,346,0,0,0,0.00000,0.00000,0.00000,0.00000,0,,0,0,0,0.00000,,0,0,0,0
2022-08-15,956.06470,589.01213,367.05257,0.00000,346,0,0,0,0.00000,0.00000,0.00000,0.00000,0,,0,0,0,0.00000,,0,0,0,0
2022-08-16,955.61780,588.56523,367.05257,0.00000,344,0,0,2,0.00000,0.00000,400.00000,0.00000,0,,0,0,0,0.00000,,0,0,0,0
2022-08-17,955.84125,588.78868,367.05257,0.00000,345,1,0,0,0.00000,0.00000,0.00000,0.00000,0,,0,0,0,0.00000,,0,0,0,0
2022-08-18,964.77922,597.27975,367.49947,0.00000,348,3,0,0,0.00000,0.00000,0.00000,0.00000,0,,0,0,0,0.00000,,0,0,0,0
2022-08-19,970.36545,602.64253,367.72292,0.00000,351,3,0,0,0.00000,0.00000,0.00000,0.00000,0,,0,0,0,0.00000,,0,0,0,0
2022-08-20,968.80131,601.07838,367.72292,0.00000,350,0,0,1,0.00000,0.00000,200.00000,0.00000,0,,0,0,0,0.00000,,0,0,0,0
2022-08-21,962.35852,596.60940,365.74912,0.00000,348,0,0,1,0.00000,0.00000,200.00000,0.00000,0,,0,0,0,0.00000,,0,0,0,0
2022-08-22,956.32539,599.51424,356.81115,0.00000,349,2,0,0,0.00000,0.00000,0.00000,0.00000,0,,0,0,0,0.00000,,0,0,0,0
2022-08-23,960.53368,601.74873,358.78495,0.00000,350,2,0,1,0.00000,0.00000,200.00000,0.00000,0,,0,0,0,0.00000,,0,0,0,0
2022-08-24,951.81917,593.03421,358.78495,0.00000,348,0,0,2,0.00000,0.00000,400.00000,0.00000,0,,0,0,0,0.00000,,0,0,0,0
2022-08-25,950.25502,591.47007,358.78495,0.00000,347,0,0,1,0.00000,0.00000,200.00000,0.00000,0,,0,0,0,0.00000,,0,0,0,0
2022-08-26,959.19299,591.47007,367.72292,0.00000,348,1,0,0,0.00000,0.00000,0.00000,0.00000,0,,0,0,0,0.00000,,0,0,0,0
2022-08-27,956.51160,588.78868,367.72292,0.00000,347,0,0,1,0.00000,0.00000,200.00000,0.00000,0,,0,0,0,0.00000,,0,0,0,0
2022-08-28,958.07574,590.35282,367.72292,0.00000,346,2,0,3,0.00000,0.00000,600.00000,0.00000,0,,0,0,0,0.00000,,0,0,0,0
2022-08-29,963.66197,595.93905,367.72292,0.00000,349,3,0,0,0.00000,0.00000,0.00000,0.00000,0,,0,0,0,0.00000,,0,0,0,0
2022-08-30,958.07574,598.62044,359.45530,0.00000,349,1,0,0,0.00000,0.00000,0.00000,0.00000,0,,0,0,0,0.00000,,0,0,0,0
2022-08-31,960.75713,601.30183,359.45530,0.00000,350,1,0,0,0.00000,0.00000,0.00000,0.00000,0,,0,0,0,0.00000,,0,0,0,0
2022-09-01,958.07574,598.62044,359.45530,0.00000,349,0,0,1,0.00000,0.00000,200.00000,0.00000,0,,0,0,0,0.00000,,0,0,0,0
2022-09-02,958.07574,598.62044,359.45530,0.00000,349,2,0,1,0.00000,0.00000,200.00000,0.00000,0,,0,0,0,0.00000,,0,0,0,0
2022-09-03,955.84125,595.93905,359.90220,0.00000,349,1,0,1,0.00000,0.00000,200.00000,0.00000,0,,0,0,0,0.00000,,0,0,0,0
2022-09-04,958.52264,598.62044,359.90220,0.00000,350,1,0,0,0.00000,0.00000,0.00000,0.00000,0,,0,0,0,0.00000,,0,0,0,0
2022-09-05,958.52264,598.62044,359.90220,0.00000,350,0,0,0,0.00000,0.00000,0.00000,0.00000,0,,0,0,0,0.00000,,0,0,0,0
2022-09-06,961.20403,601.30183,359.90220,0.00000,351,1,0,0,0.00000,0.00000,0.00000,0.00000,0,,0,0,0,0.00000,,0,0,0,0
2022-09-07,975.28133,607.11151,368.16982,0.00000,352,2,0,1,0.00000,0.00000,200.00000,0.00000,0,,0,0,0,0.00000,,0,0,0,0
2022-09-08,976.84548,608.67566,368.16982,0.00000,356,4,0,0,0.00000,0.00000,0.00000,0.00000,0,,0,0,0,0.00000,,0,0,0,0
2022-09-09,973.53098,607.11151,366.41947,0.00000,355,2,0,2,0.00000,0.00000,400.00000,0.00000,0,,0,0,0,0.00000,,0,0,0,0
2022-09-10,973.53098,607.11151,366.41947,0.00000,355,0,0,0,0.00000,0.00000,0.00000,0.00000,0,,0,0,0,0.00000,,0,0,0,0
2022-09-11,975.50478,607.11151,368.39327,0.00000,356,1,0,0,0.00000,0.00000,0.00000,0.00000,0,,0,0,0,0.00000,,0,0,0,0
2022-09-12,969.69510,601.30183,368.39327,0.00000,355,1,0,2,0.00000,0.00000,400.00000,0.00000,0,,0,0,0,0.00000,,0,0,0,0
2022-09-13,967.90751,599.29079,368.61672,0.00000,357,3,0,1,0.00000,0.00000,200.00000,0.00000,0,,0,0,0,0.00000,,0,0,0,0
2022-09-14,959.86334,591.24662,368.61672,0.00000,354,0,0,3,0.00000,0.00000,600.00000,0.00000,0,,0,0,0,0.00000,,0,0,0,0
2022-09-15,968.35441,599.73769,368.61672,0.00000,356,3,0,1,0.00000,0.00000,200.00000,0.00000,0,,0,0,0,0.00000,,0,0,0,0
2022-09-16,970.32821,599.73769,370.59052,0.00000,357,1,0,0,0.00000,0.00000,0.00000,0.00000,0,,0,0,0,0.00000,,0,0,0,0
2022-09-17,968.76406,589.23558,379.52849,0.00000,356,1,0,2,0.00000,0.00000,400.00000,0.00000,0,,0,0,0,0.00000,,0,0,0,0
2022-09-18,973.23305,593.70456,379.52849,0.00000,357,1,0,0,0.00000,0.00000,0.00000,0.00000,0,,0,0,0,0.00000,,0,0,0,0
2022-09-19,977.88824,596.38595,381.50229,0.00000,359,2,0,0,0.00000,0.00000,0.00000,0.00000,0,,0,0,0,0.00000,,0,0,0,0
2022-09-20,974.53650,593.03421,381.50229,0.00000,359,1,0,1,0.00000,0.00000,200.00000,0.00000,0,,0,0,0,0.00000,,0,0,0,0
2022-09-21,991.51864,601.74873,389.76991,0.00000,362,3,0,0,0.00000,0.00000,0.00000,0.00000,0,,0,0,0,0.00000,,0,0,0,0
2022-09-22,988.61380,598.84389,389.76991,0.00000,360,0,0,2,0.00000,0.00000,400.00000,0.00000,0,,0,0,0,0.00000,,0,0,0,0
2022-09-23,989.73105,599.29079,390.44026,0.00000,362,2,0,0,0.00000,0.00000,0.00000,0.00000,0,,0,0,0,0.00000,,0,0,0,0
2022-09-24,989.50760,599.06734,390.44026,0.00000,361,1,0,2,0.00000,0.00000,400.00000,0.00000,0,,0,0,0,0.00000,,0,0,0,0
2022-09-25,988.83725,598.39699,390.44026,0.00000,359,0,0,2,0.00000,0.00000,400.00000,0.00000,0,,0,0,0,0.00000,,0,0,0,0
2022-09-26,979.67583,589.68247,389.99336,0.00000,356,0,0,2,0.00000,0.00000,400.00000,0.00000,0,,0,0,0,0.00000,,0,0,0,0
2022-09-27,980.34618,589.68247,390.66371,0.00000,357,1,0,0,0.00000,0.00000,0.00000,0.00000,0,,0,0,0,0.00000,,0,0,0,0
2022-09-28,984.59172,593.92801,390.66371,0.00000,359,2,0,0,0.00000,0.00000,0.00000,0.00000,0,,0,0,0,0.00000,,0,0,0,0
2022-09-29,986.56552,593.92801,392.63751,0.00000,360,1,0,0,0.00000,0.00000,0.00000,0.00000,0,,0,0,0,0.00000,,0,0,0,0
2022-09-30,982.05929,587.44798,394.61131,0.00000,358,1,0,3,0.00000,0.00000,600.00000,0.00000,0,,0,0,0,0.00000,,0,0,0,0
2022-10-01,984.51723,589.90592,394.61131,0.00000,358,1,0,1,0.00000,0.00000,200.00000,0.00000,0,,0,0,0,0.00000,,0,0,0,0
2022-10-02,984.51723,589.90592,394.61131,0.00000,358,0,0,0,0.00000,0.00000,0.00000,0.00000,0,,0,0,0,0.00000,,0,0,0,0
2022-10-03,985.18758,589.90592,395.28166,0.00000,359,1,0,0,0.00000,0.00000,0.00000,0.00000,0,,0,0,0,0.00000,,0,0,0,0
2022-10-04,993.45520,589.90592,403.54928,0.00000,360,1,0,0,0.00000,0.00000,0.00000,0.00000,0,,0,0,0,0.00000,,0,0,0,0
2022-10-05,994.38624,592.81076,401.57548,0.00000,361,2,0,0,0.00000,0.00000,0.00000,0.00000,0,,0,0,0,0.00000,,0,0,0,0
2022-10-06,986.11862,592.81076,393.30786,0.00000,360,1,0,1,0.00000,0.00000,200.00000,0.00000,0,,0,0,0,0.00000,,0,0,0,0
2022-10-07,981.68688,590.35282,391.33405,0.00000,359,1,0,1,0.00000,0.00000,200.00000,0.00000,0,,0,0,0,0.00000,,0,0,0,0
2022-10-08,989.50760,607.11151,382.39609,0.00000,360,3,0,1,0.00000,0.00000,200.00000,0.00000,0,,0,0,0,0.00000,,0,0,0,0
2022-10-09,981.23998,607.11151,374.12846,0.00000,360,2,0,1,0.00000,0.00000,200.00000,0.00000,0,,0,0,0,0.00000,,0,0,0,0
2022-10-10,981.23998,607.11151,374.12846,0.00000,360,0,0,0,0.00000,0.00000,0.00000,0.00000,0,,0,0,0,0.00000,,0,0,0,0
2022-10-11,981.46343,607.11151,374.35191,0.00000,361,1,0,0,0.00000,0.00000,0.00000,0.00000,0,,0,0,0,0.00000,,0,0,0,0
2022-10-12,981.68688,607.33496,374.35191,0.00000,362,1,0,0,0.00000,0.00000,0.00000,0.00000,0,,0,0,0,0.00000,,0,0,0,0
2022-10-13,981.68688,607.33496,374.35191,0.00000,362,0,0,0,0.00000,0.00000,0.00000,0.00000,0,,0,0,0,0.00000,,0,0,0,0
2022-10-14,964.03439,598.62044,365.41395,0.00000,359,0,0,2,0.00000,0.00000,400.00000,0.00000,0,,0,0,0,0.00000,,0,0,0,0
2022-10-15,974.98340,609.56945,365.41395,0.00000,361,2,0,0,0.00000,0.00000,0.00000,0.00000,0,,0,0,0,0.00000,,0,0,0,0
2022-10-16,976.95720,609.56945,367.38775,0.00000,362,1,0,0,0.00000,0.00000,0.00000,0.00000,0,,0,0,0,0.00000,,0,0,0,0
2022-10-17,984.10758,616.71983,367.38775,0.00000,364,2,0,0,0.00000,0.00000,0.00000,0.00000,0,,0,0,0,0.00000,,0,0,0,0
2022-10-18,984.77792,616.27293,368.50499,0.00000,365,2,0,1,0.00000,0.00000,200.00000,0.00000,0,,0,0,0,0.00000,,0,0,0,0
2022-10-19,984.55447,616.04948,368.50499,0.00000,364,0,0,1,0.00000,0.00000,200.00000,0.00000,0,,0,0,0,0.00000,,0,0,0,0
2022-10-20,982.76688,614.26189,368.50499,0.00000,364,1,0,1,0.00000,0.00000,200.00000,0.00000,0,,0,0,0,0.00000,,0,0,0,0
2022-10-21,985.00137,616.49638,368.50499,0.00000,364,1,0,1,0.00000,0.00000,200.00000,0.00000,0,,0,0,0,0.00000,,0,0,0,0
2022-10-22,993.26899,616.49638,376.77261,0.00000,365,1,0,0,0.00000,0.00000,0.00000,0.00000,0,,0,0,0,0.00000,,0,0,0,0
2022-10-23,981.87308,614.03844,367.83465,0.00000,364,1,0,1,0.00000,0.00000,200.00000,0.00000,0,,0,0,0,0.00000,,0,0,0,0
2022-10-24,977.85100,610.01635,367.83465,0.00000,364,2,0,2,0.00000,0.00000,400.00000,0.00000,0,,0,0,0,0.00000,,0,0,0,0
2022-10-25,973.19581,607.33496,365.86084,0.00000,362,0,0,1,0.00000,0.00000,200.00000,0.00000,0,,0,0,0,0.00000,,0,0,0,0
2022-10-26,973.19581,607.33496,365.86084,0.00000,362,0,0,0,0.00000,0.00000,0.00000,0.00000,0,,0,0,0,0.00000,,0,0,0,0
2022-10-27,970.73786,604.87702,365.86084,0.00000,362,1,0,1,0.00000,0.00000,200.00000,0.00000,0,,0,0,0,0.00000,,0,0,0,0
2022-10-28,970.29097,604.87702,365.41395,0.00000,361,0,0,0,0.00000,0.00000,0.00000,0.00000,0,,0,0,0,0.00000,,0,0,0,0
2022-10-29,972.26477,604.87702,367.38775,0.00000,362,2,0,1,0.00000,0.00000,200.00000,0.00000,0,,0,0,0,0.00000,,0,0,0,0
2022-10-30,960.86886,601.74873,359.12013,0.00000,359,0,0,2,0.00000,0.00000,400.00000,0.00000,0,,0,0,0,0.00000,,0,0,0,0
2022-10-31,960.86886,601.74873,359.12013,0.00000,359,0,0,0,0.00000,0.00000,0.00000,0.00000,0,,0,0,0,0.00000,,0,0,0,0
2022-11-01,960.64541,601.52528,359.12013,0.00000,358,0,0,1,0.00000,0.00000,200.00000,0.00000,0,,0,0,0,0.00000,,0,0,0,0
2022-11-02,966.90199,607.78186,359.12013,0.00000,361,3,0,0,0.00000,0.00000,0.00000,0.00000,0,,0,0,0,0.00000,,0,0,0,0
2022-11-03,969.13648,610.01635,359.12013,0.00000,360,1,0,2,0.00000,0.00000,400.00000,0.00000,0,,0,0,0,0.00000,,0,0,0,0
2022-11-04,969.13648,610.01635,359.12013,0.00000,360,0,0,0,0.00000,0.00000,0.00000,0.00000,0,,0,0,0,0.00000,,0,0,0,0
2022-11-05,973.60546,614.48534,359.12013,0.00000,361,1,0,0,0.00000,0.00000,0.00000,0.00000,0,,0,0,0,0.00000,,0,0,0,0
2022-11-06,981.87308,614.48534,367.38775,0.00000,362,1,0,0,0.00000,0.00000,0.00000,0.00000,0,,0,0,0,0.00000,,0,0,0,0
2022-11-07,979.19169,611.80395,367.38775,0.00000,361,0,0,1,0.00000,0.00000,200.00000,0.00000,0,,0,0,0,0.00000,,0,0,0,0
2022-11-08,975.65375,610.23980,365.41395,0.00000,359,0,0,1,0.00000,0.00000,200.00000,0.00000,0,,0,0,0,0.00000,,0,0,0,0
2022-11-09,977.66479,612.25085,365.41395,0.00000,358,1,0,2,0.00000,0.00000,400.00000,0.00000,0,,0,0,0,0.00000,,0,0,0,0
2022-11-10,977.66479,612.25085,365.41395,0.00000,358,0,0,0,0.00000,0.00000,0.00000,0.00000,0,,0,0,0,0.00000,,0,0,0,0
2022-11-11,974.75995,609.79290,364.96705,0.00000,357,1,0,1,0.00000,0.00000,200.00000,0.00000,0,,0,0,0,0.00000,,0,0,0,0
2022-11-12,974.75995,609.79290,364.96705,0.00000,357,0,0,0,0.00000,0.00000,0.00000,0.00000,0,,0,0,0,0.00000,,0,0,0,0
2022-11-13,974.75995,609.79290,364.96705,0.00000,357,0,0,0,0.00000,0.00000,0.00000,0.00000,0,,0,0,0,0.00000,,0,0,0,0
2022-11-14,980.79308,615.82603,364.96705,0.00000,358,1,0,0,0.00000,0.00000,0.00000,0.00000,0,,0,0,0,0.00000,,0,0,0,0
2022-11-15,983.25102,618.50742,364.74360,0.00000,358,1,0,0,0.00000,0.00000,0.00000,0.00000,0,,0,0,0,0.00000,,0,0,0,0
2022-11-16,982.58067,617.39018,365.19050,0.00000,359,2,0,1,0.00000,0.00000,200.00000,0.00000,0,,0,0,0,0.00000,,0,0,0,0
2022-11-17,973.64270,617.39018,356.25253,0.00000,358,0,0,0,0.00000,0.00000,0.00000,0.00000,0,,0,0,0,0.00000,,0,0,0,0
2022-11-18,976.10065,620.07157,356.02908,0.00000,358,1,0,0,0.00000,0.00000,0.00000,0.00000,0,,0,0,0,0.00000,,0,0,0,0
2022-11-19,975.65375,620.29502,355.35873,0.00000,358,1,0,0,0.00000,0.00000,0.00000,0.00000,0,,0,0,0,0.00000,,0,0,0,0
2022-11-20,983.92137,628.56264,355.35873,0.00000,359,1,0,0,0.00000,0.00000,0.00000,0.00000,0,,0,0,0,0.00000,,0,0,0,0
2022-11-21,983.92137,628.56264,355.35873,0.00000,359,0,0,0,0.00000,0.00000,0.00000,0.00000,0,,0,0,0,0.00000,,0,0,0,0
2022-11-22,986.60276,631.24403,355.35873,0.00000,360,1,0,0,0.00000,0.00000,0.00000,0.00000,0,,0,0,0,0.00000,,0,0,0,0
2022-11-23,991.51864,635.71301,355.80563,0.00000,362,2,0,0,0.00000,0.00000,0.00000,0.00000,0,,0,0,0,0.00000,,0,0,0,0
2022-11-24,991.51864,635.71301,355.80563,0.00000,362,0,0,0,0.00000,0.00000,0.00000,0.00000,0,,0,0,0,0.00000,,0,0,0,0
2022-11-25,982.39447,628.56264,353.83183,0.00000,359,0,0,2,0.00000,0.00000,400.00000,0.00000,0,,0,0,0,0.00000,,0,0,0,0
2022-11-26,979.26618,625.88125,353.38493,0.00000,357,0,0,1,0.00000,0.00000,200.00000,0.00000,0,,0,0,0,0.00000,,0,0,0,0
2022-11-27,980.83032,627.44539,353.38493,0.00000,358,2,0,1,0.00000,0.00000,200.00000,0.00000,0,,0,0,0,0.00000,,0,0,0,0
2022-11-28,982.58067,627.22194,355.35873,0.00000,358,2,0,1,0.00000,0.00000,200.00000,0.00000,0,,0,0,0,0.00000,,0,0,0,0
2022-11-29,984.77792,626.99849,357.77943,0.00000,359,2,0,1,0.00000,0.00000,200.00000,0.00000,0,,0,0,0,0.00000,,0,0,0,0
2022-11-30,980.12273,624.31710,355.80563,0.00000,357,0,0,1,0.00000,0.00000,200.00000,0.00000,0,,0,0,0,0.00000,,0,0,0,0
2022-12-01,989.06070,624.31710,364.74360,0.00000,358,1,0,0,0.00000,0.00000,0.00000,0.00000,0,,0,0,0,0.00000,,0,0,0,0
2022-12-02,991.03450,624.31710,366.71740,0.00000,359,1,0,0,0.00000,0.00000,0.00000,0.00000,0,,0,0,0,0.00000,,0,0,0,0
2022-12-03,997.99867,624.31710,373.68157,0.00000,360,2,0,0,0.00000,0.00000,0.00000,0.00000,0,,0,0,0,0.00000,,0,0,0,0
2022-12-04,995.31728,621.63571,373.68157,0.00000,359,0,0,1,0.00000,0.00000,200.00000,0.00000,0,,0,0,0,0.00000,,0,0,0,0
2022-12-05,995.31728,621.63571,373.68157,0.00000,359,1,0,1,0.00000,0.00000,200.00000,0.00000,0,,0,0,0,0.00000,,0,0,0,0
2022-12-06,1002.05800,622.08261,379.97539,0.00000,360,3,0,1,0.00000,0.00000,200.00000,0.00000,0,,0,0,0,0.00000,,0,0,0,0
2022-12-07,1002.05800,622.08261,379.97539,0.00000,360,0,0,0,0.00000,0.00000,0.00000,0.00000,0,,0,0,0,0.00000,,0,0,0,0
2022-12-08,1004.73939,624.76400,379.97539,0.00000,361,1,0,0,0.00000,0.00000,0.00000,0.00000,0,,0,0,0,0.00000,,0,0,0,0
2022-12-09,1006.93664,624.98745,381.94919,0.00000,363,2,0,0,0.00000,0.00000,0.00000,0.00000,0,,0,0,0,0.00000,,0,0,0,0
2022-12-10,1016.24702,630.35023,385.89679,0.00000,367,4,0,0,0.00000,0.00000,0.00000,0.00000,0,,0,0,0,0.00000,,0,0,0,0
2022-12-11,1016.69392,638.61785,378.07607,0.00000,368,2,0,0,0.00000,0.00000,0.00000,0.00000,0,,0,0,0,0.00000,,0,0,0,0
2022-12-12,1004.18076,642.63994,361.54083,0.00000,368,4,0,2,0.00000,0.00000,400.00000,0.00000,0,,0,0,0,0.00000,,0,0,0,0
2022-12-13,1006.86215,645.32133,361.54083,0.00000,369,1,0,0,0.00000,0.00000,0.00000,0.00000,0,,0,0,0,0.00000,,0,0,0,0
2022-12-14,1014.19874,650.68411,363.51463,0.00000,372,3,0,0,0.00000,0.00000,0.00000,0.00000,0,,0,0,0,0.00000,,0,0,0,0
2022-12-15,1014.19874,650.90756,363.29118,0.00000,371,1,0,1,0.00000,0.00000,200.00000,0.00000,0,,0,0,0,0.00000,,0,0,0,0
2022-12-16,1022.42912,648.22617,374.20295,0.00000,372,2,0,1,0.00000,0.00000,200.00000,0.00000,0,,0,0,0,0.00000,,0,0,0,0
2022-12-17,1019.52428,654.25930,365.26498,0.00000,371,1,0,0,0.00000,0.00000,0.00000,0.00000,0,,0,0,0,0.00000,,0,0,0,0
2022-12-18,1022.16843,654.48275,367.68568,0.00000,374,3,0,0,0.00000,0.00000,0.00000,0.00000,0,,0,0,0,0.00000,,0,0,0,0
2022-12-19,1028.64845,652.02481,376.62365,0.00000,375,2,0,1,0.00000,0.00000,200.00000,0.00000,0,,0,0,0,0.00000,,0,0,0,0
2022-12-20,1028.64845,652.02481,376.62365,0.00000,375,1,0,1,0.00000,0.00000,200.00000,0.00000,0,,0,0,0,0.00000,,0,0,0,0
2022-12-21,1029.31880,652.24825,377.07055,0.00000,377,2,0,0,0.00000,0.00000,0.00000,0.00000,0,,0,0,0,0.00000,,0,0,0,0
2022-12-22,1031.29260,652.24825,379.04435,0.00000,378,1,0,0,0.00000,0.00000,0.00000,0.00000,0,,0,0,0,0.00000,,0,0,0,0
2022-12-23,1033.97399,654.92965,379.04435,0.00000,379,1,0,0,0.00000,0.00000,0.00000,0.00000,0,,0,0,0,0.00000,,0,0,0,0
2022-12-24,1027.71741,648.67307,379.04435,0.00000,377,1,0,3,0.00000,0.00000,600.00000,0.00000,0,,0,0,0,0.00000,,0,0,0,0
2022-12-25,1033.75054,654.70620,379.04435,0.00000,378,1,0,0,0.00000,0.00000,0.00000,0.00000,0,,0,0,0,0.00000,,0,0,0,0
2022-12-26,1033.75054,654.70620,379.04435,0.00000,378,0,0,0,0.00000,0.00000,0.00000,0.00000,0,,0,0,0,0.00000,,0,0,0,0
2022-12-27,1034.19744,654.70620,379.49125,0.00000,379,1,0,0,0.00000,0.00000,0.00000,0.00000,0,,0,0,0,0.00000,,0,0,0,0
2022-12-28,1039.56022,660.06898,379.49125,0.00000,381,2,0,0,0.00000,0.00000,0.00000,0.00000,0,,0,0,0,0.00000,,0,0,0,0
2022-12-29,1031.29260,660.06898,371.22362,0.00000,380,1,0,1,0.00000,0.00000,200.00000,0.00000,0,,0,0,0,0.00000,,0,0,0,0
2022-12-30,1031.29260,660.06898,371.22362,0.00000,380,0,0,0,0.00000,0.00000,0.00000,0.00000,0,,0,0,0,0.00000,,0,0,0,0
2022-12-31,1032.40985,661.18622,371.22362,0.00000,380,1,0,1,0.00000,0.00000,200.00000,0.00000,0,,0,0,0,0.00000,,0,0,0,0
