Date,Daily Emissions (Kg Methane),Daily Mitigable Emissions (Kg Methane),Daily Non-Mitigable Emissions (Kg Methane),Daily Cost ($),Active Leaks,New Leaks,Leaks Repaired,Leaks Naturally Repaired,Leaks Tagged,Daily Repair Cost ($),Daily Natural Repair Cost ($),drone Deployment Cost ($),drone Sites flagged for Follow-Up,drone Leaks tagged for repair,drone Sites Visited,drone Travel Time (Minutes),drone Survey Time (Minutes),OGI_FU_persitehigh Deployment Cost ($),OGI_FU_persitehigh Sites flagged for Follow-Up,OGI_FU_persitehigh Leaks tagged for repair,OGI_FU_persitehigh Sites Visited,OGI_FU_persitehigh Travel Time (Minutes),OGI_FU_persitehigh Survey Time (Minutes)
2022-01-01,1024.03050,705.42917,318.60133,500.00000,384,387,0,2,0.00000,0.00000,400.00000,500.00000,0,,9,300,180,0.00000,,0,0,0,0
2022-01-02,1023.36015,705.42917,317.93099,500.00000,383,0,0,0,0.00000,0.00000,0.00000,500.00000,0,,1,30,20,0.00000,,0,0,0,0
2022-01-03,1029.43052,705.20572,324.22481,2756.00000,382,1,0,1,21.00000,0.00000,200.00000,0.00000,1,,0,0,0,2756.00000,,21,1,30,120
2022-01-04,1029.65397,705.42917,324.22481,0.00000,383,1,0,0,0.00000,0.00000,0.00000,0.00000,0,,0,0,0,0.00000,,0,0,0,0
2022-01-05,1029.87742,705.65262,324.22481,0.00000,384,1,0,0,0.00000,0.00000,0.00000,0.00000,0,,0,0,0,0.00000,,0,0,0,0
2022-01-06,1029.69122,706.76986,322.92135,0.00000,384,2,0,1,0.00000,0.00000,200.00000,0.00000,0,,0,0,0,0.00000,,0,0,0,0
2022-01-07,1039.56022,709.45125,330.10897,0.00000,386,3,0,0,0.00000,0.00000,0.00000,0.00000,0,,0,0,0,0.00000,,0,0,0,0
2022-01-08,1044.47611,714.36714,330.10897,0.00000,387,2,0,1,0.00000,0.00000,200.00000,0.00000,0,,0,0,0,0.00000,,0,0,0,0
2022-01-09,1044.47611,714.36714,330.10897,0.00000,387,0,0,0,0.00000,0.00000,0.00000,0.00000,0,,0,0,0,0.00000,,0,0,0,0
2022-01-10,1047.15750,717.04853,330.10897,0.00000,388,1,0,0,0.00000,0.00000,0.00000,0.00000,0,,0,0,0,0.00000,,0,0,0,0
2022-01-11,1044.47611,714.36714,330.10897,0.00000,387,0,0,1,0.00000,0.00000,200.00000,0.00000,0,,0,0,0,0.00000,,0,0,0,0
2022-01-12,1044.47611,714.36714,330.10897,0.00000,387,0,0,0,0.00000,0.00000,0.00000,0.00000,0,,0,0,0,0.00000,,0,0,0,0
2022-01-13,1029.72846,699.61949,330.10897,0.00000,384,0,0,3,0.00000,0.00000,600.00000,0.00000,0,,0,0,0,0.00000,,0,0,0,0
2022-01-14,1021.46084,699.61949,321.84135,0.00000,383,0,0,0,0.00000,0.00000,0.00000,0.00000,0,,0,0,0,0.00000,,0,0,0,0
2022-01-15,1021.23739,699.61949,321.61790,0.00000,382,0,0,0,0.00000,0.00000,0.00000,0.00000,0,,0,0,0,0.00000,,0,0,0,0
2022-01-16,1021.68429,699.61949,322.06480,0.00000,383,1,0,0,0.00000,0.00000,0.00000,0.00000,0,,0,0,0,0.00000,,0,0,0,0
2022-01-17,1021.68429,699.61949,322.06480,0.00000,383,0,0,0,0.00000,0.00000,0.00000,0.00000,0,,0,0,0,0.00000,,0,0,0,0
2022-01-18,939.00808,625.21090,313.79718,4200.00000,361,0,21,0,0.00000,4200.00000,0.00000,0.00000,0,,0,0,0,0.00000,,0,0,0,0
2022-01-19,939.00808,625.21090,313.79718,0.00000,361,0,0,0,0.00000,0.00000,0.00000,0.00000,0,,0,0,0,0.00000,,0,0,0,0
2022-01-20,938.33773,625.21090,313.12683,0.00000,360,0,0,0,0.00000,0.00000,0.00000,0.00000,0,,0,0,0,0.00000,,0,0,0,0
2022-01-21,928.50596,615.37913,313.12683,0.00000,357,0,0,3,0.00000,0.00000,600.00000,0.00000,0,,0,0,0,0.00000,,0,0,0,0
2022-01-22,926.94182,613.59154,313.35028,0.00000,356,1,0,2,0.00000,0.00000,400.00000,0.00000,0,,0,0,0,0.00000,,0,0,0,0
2022-01-23,922.06318,610.68670,311.37648,0.00000,353,0,0,2,0.00000,0.00000,400.00000,0.00000,0,,0,0,0,0.00000,,0,0,0,0
2022-01-24,927.16527,613.81499,313.35028,0.00000,356,3,0,0,0.00000,0.00000,0.00000,0.00000,0,,0,0,0,0.00000,,0,0,0,0
2022-01-25,927.16527,613.81499,313.35028,0.00000,356,0,0,0,0.00000,0.00000,0.00000,0.00000,0,,0,0,0,0.00000,,0,0,0,0
2022-01-26,932.75150,619.40122,313.35028,0.00000,356,2,0,1,0.00000,0.00000,200.00000,0.00000,0,,0,0,0,0.00000,,0,0,0,0
2022-01-27,935.43289,622.08261,313.35028,0.00000,357,2,0,1,0.00000,0.00000,200.00000,0.00000,0,,0,0,0,0.00000,,0,0,0,0
2022-01-28,935.43289,622.08261,313.35028,0.00000,357,0,0,0,0.00000,0.00000,0.00000,0.00000,0,,0,0,0,0.00000,,0,0,0,0
2022-01-29,946.82880,633.47852,313.35028,0.00000,359,3,0,1,0.00000,0.00000,200.00000,0.00000,0,,0,0,0,0.00000,,0,0,0,0
2022-01-30,948.80260,633.25507,315.54753,0.00000,359,2,0,1,0.00000,0.00000,200.00000,0.00000,0,,0,0,0,0.00000,,0,0,0,0
2022-01-31,950.36674,634.81922,315.54753,0.00000,360,1,0,0,0.00000,0.00000,0.00000,0.00000,0,,0,0,0,0.00000,,0,0,0,0
2022-02-01,959.34196,645.76823,313.57373,0.00000,361,2,0,0,0.00000,0.00000,0.00000,0.00000,0,,0,0,0,0.00000,,0,0,0,0
2022-02-02,959.78885,645.76823,314.02063,0.00000,362,1,0,0,0.00000,0.00000,0.00000,0.00000,0,,0,0,0,0.00000,,0,0,0,0
2022-02-03,965.15163,651.13101,314.02063,0.00000,364,2,0,0,0.00000,0.00000,0.00000,0.00000,0,,0,0,0,0.00000,,0,0,0,0
2022-02-04,965.15163,651.13101,314.02063,0.00000,364,0,0,0,0.00000,0.00000,0.00000,0.00000,0,,0,0,0,0.00000,,0,0,0,0
2022-02-05,965.15163,651.13101,314.02063,0.00000,364,0,0,0,0.00000,0.00000,0.00000,0.00000,0,,0,0,0,0.00000,,0,0,0,0
2022-02-06,952.67572,649.56686,303.10886,0.00000,361,0,0,1,0.00000,0.00000,200.00000,0.00000,0,,0,0,0,0.00000,,0,0,0,0
2022-02-07,966.52957,655.15309,311.37648,0.00000,362,2,0,1,0.00000,0.00000,200.00000,0.00000,0,,0,0,0,0.00000,,0,0,0,0
2022-02-08,972.78615,660.96277,311.82338,0.00000,363,2,0,1,0.00000,0.00000,200.00000,0.00000,0,,0,0,0,0.00000,,0,0,0,0
2022-02-09,968.54061,657.38759,311.15303,0.00000,360,1,0,3,0.00000,0.00000,600.00000,0.00000,0,,0,0,0,0.00000,,0,0,0,0
2022-02-10,960.27299,657.38759,302.88541,0.00000,359,0,0,0,0.00000,0.00000,0.00000,0.00000,0,,0,0,0,0.00000,,0,0,0,0
2022-02-11,962.95438,660.06898,302.88541,0.00000,360,1,0,0,0.00000,0.00000,0.00000,0.00000,0,,0,0,0,0.00000,,0,0,0,0
2022-02-12,962.95438,660.06898,302.88541,0.00000,360,0,0,0,0.00000,0.00000,0.00000,0.00000,0,,0,0,0,0.00000,,0,0,0,0
2022-02-13,962.95438,660.06898,302.88541,0.00000,360,0,0,0,0.00000,0.00000,0.00000,0.00000,0,,0,0,0,0.00000,,0,0,0,0
2022-02-14,962.28404,660.06898,302.21506,0.00000,358,0,0,0,0.00000,0.00000,0.00000,0.00000,0,,0,0,0,0.00000,,0,0,0,0
2022-02-15,959.60265,657.38759,302.21506,0.00000,357,0,0,1,0.00000,0.00000,200.00000,0.00000,0,,0,0,0,0.00000,,0,0,0,0
2022-02-16,958.07574,658.50483,299.57091,0.00000,355,1,0,1,0.00000,0.00000,200.00000,0.00000,0,,0,0,0,0.00000,,0,0,0,0
2022-02-17,962.76818,663.19727,299.57091,0.00000,357,2,0,0,0.00000,0.00000,0.00000,0.00000,0,,0,0,0,0.00000,,0,0,0,0
2022-02-18,954.05366,654.48275,299.57091,0.00000,355,0,0,2,0.00000,0.00000,400.00000,0.00000,0,,0,0,0,0.00000,,0,0,0,0
2022-02-19,940.42326,641.52269,298.90056,0.00000,352,1,0,3,0.00000,0.00000,600.00000,0.00000,0,,0,0,0,0.00000,,0,0,0,0
2022-02-20,940.42326,641.52269,298.90056,0.00000,352,1,0,1,0.00000,0.00000,200.00000,0.00000,0,,0,0,0,0.00000,,0,0,0,0
2022-02-21,940.64670,641.52269,299.12401,0.00000,353,1,0,0,0.00000,0.00000,0.00000,0.00000,0,,0,0,0,0.00000,,0,0,0,0
2022-02-22,938.18876,639.06475,299.12401,0.00000,353,1,0,1,0.00000,0.00000,200.00000,0.00000,0,,0,0,0,0.00000,,0,0,0,0
2022-02-23,942.43430,643.31029,299.12401,0.00000,355,2,0,0,0.00000,0.00000,0.00000,0.00000,0,,0,0,0,0.00000,,0,0,0,0
2022-02-24,945.11569,645.99168,299.12401,0.00000,356,1,0,0,0.00000,0.00000,0.00000,0.00000,0,,0,0,0,0.00000,,0,0,0,0
2022-02-25,934.42737,646.21513,288.21224,0.00000,355,1,0,0,0.00000,0.00000,0.00000,0.00000,0,,0,0,0,0.00000,,0,0,0,0
2022-02-26,945.82328,657.61104,288.21224,0.00000,358,3,0,0,0.00000,0.00000,0.00000,0.00000,0,,0,0,0,0.00000,,0,0,0,0
2022-02-27,956.95850,658.05793,298.90056,0.00000,362,4,0,0,0.00000,0.00000,0.00000,0.00000,0,,0,0,0,0.00000,,0,0,0,0
2022-02-28,951.14882,652.47170,298.67711,0.00000,361,1,0,1,0.00000,0.00000,200.00000,0.00000,0,,0,0,0,0.00000,,0,0,0,0
2022-03-01,951.81916,644.20408,307.61508,0.00000,361,1,0,1,0.00000,0.00000,200.00000,0.00000,0,,0,0,0,0.00000,,0,0,0,0
2022-03-02,951.81916,644.20408,307.61508,0.00000,361,0,0,0,0.00000,0.00000,0.00000,0.00000,0,,0,0,0,0.00000,,0,0,0,0
2022-03-03,946.67983,638.61785,308.06198,0.00000,362,2,0,1,0.00000,0.00000,200.00000,0.00000,0,,0,0,0,0.00000,,0,0,0,0
2022-03-04,952.71296,644.65098,308.06198,0.00000,363,1,0,0,0.00000,0.00000,0.00000,0.00000,0,,0,0,0,0.00000,,0,0,0,0
2022-03-05,950.25502,642.19304,308.06198,0.00000,363,1,0,1,0.00000,0.00000,200.00000,0.00000,0,,0,0,0,0.00000,,0,0,0,0
2022-03-06,956.73505,648.89652,307.83853,0.00000,362,2,0,2,0.00000,0.00000,400.00000,0.00000,0,,0,0,0,0.00000,,0,0,0,0
2022-03-07,955.58056,646.21513,309.36543,0.00000,361,1,0,1,0.00000,0.00000,200.00000,0.00000,0,,0,0,0,0.00000,,0,0,0,0
2022-03-08,957.36815,648.00272,309.36543,0.00000,361,1,0,1,0.00000,0.00000,200.00000,0.00000,0,,0,0,0,0.00000,,0,0,0,0
2022-03-09,965.85922,656.49379,309.36543,0.00000,363,2,0,0,0.00000,0.00000,0.00000,0.00000,0,,0,0,0,0.00000,,0,0,0,0
2022-03-10,964.10887,656.71724,307.39163,0.00000,363,1,0,0,0.00000,0.00000,0.00000,0.00000,0,,0,0,0,0.00000,,0,0,0,0
2022-03-11,967.46061,660.51588,306.94473,0.00000,362,2,0,2,0.00000,0.00000,400.00000,0.00000,0,,0,0,0,0.00000,,0,0,0,0
2022-03-12,962.99163,656.04689,306.94473,0.00000,361,0,0,1,0.00000,0.00000,200.00000,0.00000,0,,0,0,0,0.00000,,0,0,0,0
2022-03-13,964.96543,656.04689,308.91854,0.00000,362,1,0,0,0.00000,0.00000,0.00000,0.00000,0,,0,0,0,0.00000,,0,0,0,0
2022-03-14,965.41233,656.49379,308.91854,0.00000,363,1,0,0,0.00000,0.00000,0.00000,0.00000,0,,0,0,0,0.00000,,0,0,0,0
2022-03-15,960.75713,653.81240,306.94473,0.00000,361,0,0,1,0.00000,0.00000,200.00000,0.00000,0,,0,0,0,0.00000,,0,0,0,0
2022-03-16,954.72400,647.77927,306.94473,0.00000,360,0,0,1,0.00000,0.00000,200.00000,0.00000,0,,0,0,0,0.00000,,0,0,0,0
2022-03-17,954.72400,647.77927,306.94473,0.00000,360,1,0,1,0.00000,0.00000,200.00000,0.00000,0,,0,0,0,0.00000,,0,0,0,0
2022-03-18,954.72400,647.77927,306.94473,0.00000,360,1,0,0,0.00000,0.00000,0.00000,0.00000,0,,0,0,0,0.00000,,0,0,0,0
2022-03-19,956.06470,649.11997,306.94473,0.00000,360,1,0,1,0.00000,0.00000,200.00000,0.00000,0,,0,0,0,0.00000,,0,0,0,0
2022-03-20,956.28815,649.34341,306.94473,0.00000,361,1,0,0,0.00000,0.00000,0.00000,0.00000,0,,0,0,0,0.00000,,0,0,0,0
2022-03-21,960.75713,653.81240,306.94473,0.00000,361,2,0,2,0.00000,0.00000,400.00000,0.00000,0,,0,0,0,0.00000,,0,0,0,0
2022-03-22,958.52264,651.57791,306.94473,0.00000,362,2,0,1,0.00000,0.00000,200.00000,0.00000,0,,0,0,0,0.00000,,0,0,0,0
2022-03-23,962.99163,656.04689,306.94473,0.00000,363,1,0,0,0.00000,0.00000,0.00000,0.00000,0,,0,0,0,0.00000,,0,0,0,0
2022-03-24,970.14200,663.19727,306.94473,0.00000,365,2,0,0,0.00000,0.00000,0.00000,0.00000,0,,0,0,0,0.00000,,0,0,0,0
2022-03-25,970.14200,663.19727,306.94473,0.00000,365,0,0,0,0.00000,0.00000,0.00000,0.00000,0,,0,0,0,0.00000,,0,0,0,0
2022-03-26,980.68136,675.71042,304.97093,0.00000,366,3,0,1,0.00000,0.00000,200.00000,0.00000,0,,0,0,0,0.00000,,0,0,0,0
2022-03-27,983.36275,678.39181,304.97093,0.00000,367,2,0,1,0.00000,0.00000,200.00000,0.00000,0,,0,0,0,0.00000,,0,0,0,0
2022-03-28,974.20133,678.16836,296.03296,0.00000,365,0,0,1,0.00000,0.00000,200.00000,0.00000,0,,0,0,0,0.00000,,0,0,0,0
2022-03-29,974.20133,678.16836,296.03296,0.00000,365,1,0,1,0.00000,0.00000,200.00000,0.00000,0,,0,0,0,0.00000,,0,0,0,0
2022-03-30,971.51994,675.48697,296.03296,0.00000,364,0,0,1,0.00000,0.00000,200.00000,0.00000,0,,0,0,0,0.00000,,0,0,0,0
2022-03-31,971.74339,675.71042,296.03296,0.00000,365,1,0,0,0.00000,0.00000,0.00000,0.00000,0,,0,0,0,0.00000,,0,0,0,0
2022-04-01,981.76136,683.75459,298.00677,0.00000,366,2,0,1,0.00000,0.00000,200.00000,0.00000,0,,0,0,0,0.00000,,0,0,0,0
2022-04-02,980.86756,683.53114,297.33642,0.00000,365,1,0,1,0.00000,0.00000,200.00000,0.00000,0,,0,0,0,0.00000,,0,0,0,0
2022-04-03,974.61098,677.27457,297.33642,0.00000,363,0,0,2,0.00000,0.00000,400.00000,0.00000,0,,0,0,0,0.00000,,0,0,0,0
2022-04-04,974.61098,677.27457,297.33642,0.00000,363,0,0,0,0.00000,0.00000,0.00000,0.00000,0,,0,0,0,0.00000,,0,0,0,0
2022-04-05,974.61098,677.27457,297.33642,0.00000,363,0,0,0,0.00000,0.00000,0.00000,0.00000,0,,0,0,0,0.00000,,0,0,0,0
2022-04-06,971.25925,674.59318,296.66607,0.00000,361,0,0,1,0.00000,0.00000,200.00000,0.00000,0,,0,0,0,0.00000,,0,0,0,0
2022-04-07,966.97647,677.27457,289.70190,0.00000,362,2,0,0,0.00000,0.00000,0.00000,0.00000,0,,0,0,0,0.00000,,0,0,0,0
2022-04-08,962.54473,674.81662,287.72810,0.00000,361,1,0,1,0.00000,0.00000,200.00000,0.00000,0,,0,0,0,0.00000,,0,0,0,0
2022-04-09,964.51853,674.81662,289.70190,0.00000,362,3,0,2,0.00000,0.00000,400.00000,0.00000,0,,0,0,0,0.00000,,0,0,0,0
2022-04-10,970.32821,680.84975,289.47845,0.00000,362,1,0,0,0.00000,0.00000,0.00000,0.00000,0,,0,0,0,0.00000,,0,0,0,0
2022-04-11,979.04273,689.56427,289.47845,0.00000,364,2,0,0,0.00000,0.00000,0.00000,0.00000,0,,0,0,0,0.00000,,0,0,0,0
2022-04-12,981.94757,683.53114,298.41642,0.00000,364,1,0,1,0.00000,0.00000,200.00000,0.00000,0,,0,0,0,0.00000,,0,0,0,0
2022-04-13,978.59583,680.17941,298.41642,0.00000,364,1,0,1,0.00000,0.00000,200.00000,0.00000,0,,0,0,0,0.00000,,0,0,0,0
2022-04-14,978.59583,680.17941,298.41642,0.00000,364,0,0,0,0.00000,0.00000,0.00000,0.00000,0,,0,0,0,0.00000,,0,0,0,0
2022-04-15,979.04273,680.17941,298.86332,0.00000,365,1,0,0,0.00000,0.00000,0.00000,0.00000,0,,0,0,0,0.00000,,0,0,0,0
2022-04-16,979.04273,680.17941,298.86332,0.00000,365,1,0,1,0.00000,0.00000,200.00000,0.00000,0,,0,0,0,0.00000,,0,0,0,0
2022-04-17,987.53380,688.89393,298.63987,0.00000,366,3,0,1,0.00000,0.00000,200.00000,0.00000,0,,0,0,0,0.00000,,0,0,0,0
2022-04-18,995.80142,697.16155,298.63987,0.00000,367,1,0,0,0.00000,0.00000,0.00000,0.00000,0,,0,0,0,0.00000,,0,0,0,0
2022-04-19,993.34348,685.76564,307.57784,0.00000,365,1,0,3,0.00000,0.00000,600.00000,0.00000,0,,0,0,0,0.00000,,0,0,0,0
2022-04-20,996.02487,688.44703,307.57784,0.00000,366,1,0,0,0.00000,0.00000,0.00000,0.00000,0,,0,0,0,0.00000,,0,0,0,0
2022-04-21,994.46072,686.88288,307.57784,0.00000,365,0,0,1,0.00000,0.00000,200.00000,0.00000,0,,0,0,0,0.00000,,0,0,0,0
2022-04-22,993.34348,685.76564,307.57784,0.00000,365,1,0,1,0.00000,0.00000,200.00000,0.00000,0,,0,0,0,0.00000,,0,0,0,0
2022-04-23,1000.94075,685.09529,315.84546,0.00000,363,1,0,2,0.00000,0.00000,400.00000,0.00000,0,,0,0,0,0.00000,,0,0,0,0
2022-04-24,1000.94075,685.09529,315.84546,0.00000,363,0,0,0,0.00000,0.00000,0.00000,0.00000,0,,0,0,0,0.00000,,0,0,0,0
2022-04-25,1009.20837,693.36291,315.84546,0.00000,364,1,0,0,0.00000,0.00000,0.00000,0.00000,0,,0,0,0,0.00000,,0,0,0,0
2022-04-26,1019.26359,695.15050,324.11308,0.00000,365,3,0,2,0.00000,0.00000,400.00000,0.00000,0,,0,0,0,0.00000,,0,0,0,0
2022-04-27,1024.17947,699.61949,324.55998,0.00000,367,3,0,1,0.00000,0.00000,200.00000,0.00000,0,,0,0,0,0.00000,,0,0,0,0
2022-04-28,1019.52428,696.93810,322.58618,0.00000,365,0,0,1,0.00000,0.00000,200.00000,0.00000,0,,0,0,0,0.00000,,0,0,0,0
2022-04-29,1019.52428,696.93810,322.58618,0.00000,365,0,0,0,0.00000,0.00000,0.00000,0.00000,0,,0,0,0,0.00000,,0,0,0,0
2022-04-30,1013.26770,699.61949,313.64821,0.00000,365,1,0,0,0.00000,0.00000,0.00000,0.00000,0,,0,0,0,0.00000,,0,0,0,0
2022-05-01,1008.57527,695.37395,313.20131,0.00000,364,1,0,1,0.00000,0.00000,200.00000,0.00000,0,,0,0,0,0.00000,,0,0,0,0
2022-05-02,1008.35182,703.41812,304.93369,0.00000,363,2,0,2,0.00000,0.00000,400.00000,0.00000,0,,0,0,0,0.00000,,0,0,0,0
2022-05-03,1008.35182,703.41812,304.93369,0.00000,363,0,0,0,0.00000,0.00000,0.00000,0.00000,0,,0,0,0,0.00000,,0,0,0,0
2022-05-04,1008.35182,703.41812,304.93369,0.00000,363,0,0,0,0.00000,0.00000,0.00000,0.00000,0,,0,0,0,0.00000,,0,0,0,0
2022-05-05,1002.76559,706.09951,296.66607,0.00000,363,1,0,0,0.00000,0.00000,0.00000,0.00000,0,,0,0,0,0.00000,,0,0,0,0
2022-05-06,1002.76559,706.09951,296.66607,0.00000,363,0,0,0,0.00000,0.00000,0.00000,0.00000,0,,0,0,0,0.00000,,0,0,0,0
2022-05-07,1002.54214,705.87607,296.66607,0.00000,362,0,0,1,0.00000,0.00000,200.00000,0.00000,0,,0,0,0,0.00000,,0,0,0,0
2022-05-08,991.36968,694.92705,296.44262,0.00000,359,0,0,2,0.00000,0.00000,400.00000,0.00000,0,,0,0,0,0.00000,,0,0,0,0
2022-05-09,979.75032,692.24566,287.50465,0.00000,357,0,0,1,0.00000,0.00000,200.00000,0.00000,0,,0,0,0,0.00000,,0,0,0,0
2022-05-10,979.30342,692.24566,287.05775,0.00000,356,0,0,0,0.00000,0.00000,0.00000,0.00000,0,,0,0,0,0.00000,,0,0,0,0
2022-05-11,993.38072,698.05534,295.32538,0.00000,358,3,0,1,0.00000,0.00000,200.00000,0.00000,0,,0,0,0,0.00000,,0,0,0,0
2022-05-12,992.26347,696.49120,295.77227,0.00000,358,1,0,1,0.00000,0.00000,200.00000,0.00000,0,,0,0,0,0.00000,,0,0,0,0
2022-05-13,992.26347,696.49120,295.77227,0.00000,358,0,0,0,0.00000,0.00000,0.00000,0.00000,0,,0,0,0,0.00000,,0,0,0,0
2022-05-14,993.15727,696.93810,296.21917,0.00000,360,2,0,0,0.00000,0.00000,0.00000,0.00000,0,,0,0,0,0.00000,,0,0,0,0
2022-05-15,980.42066,684.20149,296.21917,0.00000,359,1,0,2,0.00000,0.00000,400.00000,0.00000,0,,0,0,0,0.00000,,0,0,0,0
2022-05-16,980.42066,684.20149,296.21917,0.00000,359,0,0,0,0.00000,0.00000,0.00000,0.00000,0,,0,0,0,0.00000,,0,0,0,0
2022-05-17,971.70614,675.48697,296.21917,0.00000,357,0,0,2,0.00000,0.00000,400.00000,0.00000,0,,0,0,0,0.00000,,0,0,0,0
2022-05-18,968.35441,672.35868,295.99572,0.00000,354,0,0,2,0.00000,0.00000,400.00000,0.00000,0,,0,0,0,0.00000,,0,0,0,0
2022-05-19,963.88542,667.88970,295.99572,0.00000,353,1,0,2,0.00000,0.00000,400.00000,0.00000,0,,0,0,0,0.00000,,0,0,0,0
2022-05-20,966.79026,670.57109,296.21917,0.00000,355,2,0,0,0.00000,0.00000,0.00000,0.00000,0,,0,0,0,0.00000,,0,0,0,0
2022-05-21,978.89376,675.93387,302.95989,0.00000,358,4,0,0,0.00000,0.00000,0.00000,0.00000,0,,0,0,0,0.00000,,0,0,0,0
2022-05-22,974.42478,671.46489,302.95989,0.00000,355,0,0,3,0.00000,0.00000,600.00000,0.00000,0,,0,0,0,0.00000,,0,0,0,0
2022-05-23,974.42478,671.46489,302.95989,0.00000,355,1,0,1,0.00000,0.00000,200.00000,0.00000,0,,0,0,0,0.00000,,0,0,0,0
2022-05-24,967.27440,664.31451,302.95989,0.00000,353,0,0,2,0.00000,0.00000,400.00000,0.00000,0,,0,0,0,0.00000,,0,0,0,0
2022-05-25,969.69510,664.31451,305.38059,0.00000,355,3,0,1,0.00000,0.00000,200.00000,0.00000,0,,0,0,0,0.00000,,0,0,0,0
2022-05-26,969.69510,664.31451,305.38059,0.00000,355,0,0,0,0.00000,0.00000,0.00000,0.00000,0,,0,0,0,0.00000,,0,0,0,0
2022-05-27,969.69510,664.31451,305.38059,0.00000,355,0,0,0,0.00000,0.00000,0.00000,0.00000,0,,0,0,0,0.00000,,0,0,0,0
2022-05-28,969.24820,664.31451,304.93369,0.00000,354,0,0,0,0.00000,0.00000,0.00000,0.00000,0,,0,0,0,0.00000,,0,0,0,0
2022-05-29,980.42066,675.48697,304.93369,0.00000,356,3,0,1,0.00000,0.00000,200.00000,0.00000,0,,0,0,0,0.00000,,0,0,0,0
2022-05-30,978.85652,673.92283,304.93369,0.00000,355,0,0,1,0.00000,0.00000,200.00000,0.00000,0,,0,0,0,0.00000,,0,0,0,0
2022-05-31,981.53791,676.60422,304.93369,0.00000,356,1,0,0,0.00000,0.00000,0.00000,0.00000,0,,0,0,0,0.00000,,0,0,0,0
2022-06-01,971.70614,676.38077,295.32538,0.00000,353,0,0,1,0.00000,0.00000,200.00000,0.00000,0,,0,0,0,0.00000,,0,0,0,0
2022-06-02,979.07997,683.75459,295.32538,0.00000,357,5,0,0,0.00000,0.00000,0.00000,0.00000,0,,0,0,0,0.00000,,0,0,0,0
2022-06-03,979.52687,684.20149,295.32538,0.00000,359,2,0,0,0.00000,0.00000,0.00000,0.00000,0,,0,0,0,0.00000,,0,0,0,0
2022-06-04,976.88272,683.53114,293.35157,0.00000,356,2,0,4,0.00000,0.00000,800.00000,0.00000,0,,0,0,0,0.00000,,0,0,0,0
2022-06-05,976.88272,683.53114,293.35157,0.00000,356,0,0,0,0.00000,0.00000,0.00000,0.00000,0,,0,0,0,0.00000,,0,0,0,0
2022-06-06,974.20133,680.84975,293.35157,0.00000,355,0,0,1,0.00000,0.00000,200.00000,0.00000,0,,0,0,0,0.00000,,0,0,0,0
2022-06-07,983.58619,680.84975,302.73644,0.00000,357,2,0,0,0.00000,0.00000,0.00000,0.00000,0,,0,0,0,0.00000,,0,0,0,0
2022-06-08,983.36275,680.62630,302.73644,0.00000,357,1,0,1,0.00000,0.00000,200.00000,0.00000,0,,0,0,0,0.00000,,0,0,0,0
2022-06-09,980.68136,677.94491,302.73644,0.00000,356,0,0,1,0.00000,0.00000,200.00000,0.00000,0,,0,0,0,0.00000,,0,0,0,0
2022-06-10,980.68136,677.94491,302.73644,0.00000,356,0,0,0,0.00000,0.00000,0.00000,0.00000,0,,0,0,0,0.00000,,0,0,0,0
2022-06-11,992.52416,681.07320,311.45096,0.00000,358,3,0,0,0.00000,0.00000,0.00000,0.00000,0,,0,0,0,0.00000,,0,0,0,0
2022-06-12,989.61932,678.16836,311.45096,0.00000,356,0,0,2,0.00000,0.00000,400.00000,0.00000,0,,0,0,0,0.00000,,0,0,0,0
2022-06-13,997.88694,678.16836,319.71858,0.00000,357,1,0,0,0.00000,0.00000,0.00000,0.00000,0,,0,0,0,0.00000,,0,0,0,0
2022-06-14,1000.34489,680.62630,319.71858,0.00000,357,1,0,1,0.00000,0.00000,200.00000,0.00000,0,,0,0,0,0.00000,,0,0,0,0
2022-06-15,1000.12144,680.40286,319.71858,0.00000,356,0,0,1,0.00000,0.00000,200.00000,0.00000,0,,0,0,0,0.00000,,0,0,0,0
2022-06-16,1002.09524,680.40286,321.69238,0.00000,357,1,0,0,0.00000,0.00000,0.00000,0.00000,0,,0,0,0,0.00000,,0,0,0,0
2022-06-17,1004.55318,682.86080,321.69238,0.00000,357,1,0,1,0.00000,0.00000,200.00000,0.00000,0,,0,0,0,0.00000,,0,0,0,0
2022-06-18,993.60417,671.91179,321.69238,0.00000,355,0,0,2,0.00000,0.00000,400.00000,0.00000,0,,0,0,0,0.00000,,0,0,0,0
2022-06-19,1002.76559,671.91179,330.85380,0.00000,357,2,0,0,0.00000,0.00000,0.00000,0.00000,0,,0,0,0,0.00000,,0,0,0,0
2022-06-20,1002.31869,671.91179,330.40690,0.00000,356,0,0,0,0.00000,0.00000,0.00000,0.00000,0,,0,0,0,0.00000,,0,0,0,0
2022-06-21,1004.55318,674.14628,330.40690,0.00000,356,1,0,1,0.00000,0.00000,200.00000,0.00000,0,,0,0,0,0.00000,,0,0,0,0
2022-06-22,1004.55318,674.14628,330.40690,0.00000,356,1,0,1,0.00000,0.00000,200.00000,0.00000,0,,0,0,0,0.00000,,0,0,0,0
2022-06-23,1002.31869,671.91179,330.40690,0.00000,356,1,0,1,0.00000,0.00000,200.00000,0.00000,0,,0,0,0,0.00000,,0,0,0,0
2022-06-24,999.67454,671.91179,327.76275,0.00000,354,0,0,0,0.00000,0.00000,0.00000,0.00000,0,,0,0,0,0.00000,,0,0,0,0
2022-06-25,1002.35593,674.59318,327.76275,0.00000,355,1,0,0,0.00000,0.00000,0.00000,0.00000,0,,0,0,0,0.00000,,0,0,0,0
2022-06-26,1002.80283,674.81662,327.98620,0.00000,357,2,0,0,0.00000,0.00000,0.00000,0.00000,0,,0,0,0,0.00000,,0,0,0,0
2022-06-27,1007.27181,679.28561,327.98620,0.00000,358,1,0,0,0.00000,0.00000,0.00000,0.00000,0,,0,0,0,0.00000,,0,0,0,0
2022-06-28,1009.24561,679.28561,329.96000,0.00000,359,1,0,0,0.00000,0.00000,0.00000,0.00000,0,,0,0,0,0.00000,,0,0,0,0
2022-06-29,1004.32973,674.81662,329.51311,0.00000,357,0,0,1,0.00000,0.00000,200.00000,0.00000,0,,0,0,0,0.00000,,0,0,0,0
2022-06-30,1001.90903,674.81662,327.09241,0.00000,355,0,0,0,0.00000,0.00000,0.00000,0.00000,0,,0,0,0,0.00000,,0,0,0,0
2022-07-01,995.87590,668.78350,327.09241,0.00000,354,1,0,2,0.00000,0.00000,400.00000,0.00000,0,,0,0,0,0.00000,,0,0,0,0
2022-07-02,1004.36697,669.00695,335.36003,0.00000,356,2,0,0,0.00000,0.00000,0.00000,0.00000,0,,0,0,0,0.00000,,0,0,0,0
2022-07-03,1001.68558,666.32555,335.36003,0.00000,355,1,0,2,0.00000,0.00000,400.00000,0.00000,0,,0,0,0,0.00000,,0,0,0,0
2022-07-04,1001.23868,665.87866,335.36003,0.00000,353,1,0,3,0.00000,0.00000,600.00000,0.00000,0,,0,0,0,0.00000,,0,0,0,0
2022-07-05,1001.23868,665.87866,335.36003,0.00000,353,0,0,0,0.00000,0.00000,0.00000,0.00000,0,,0,0,0,0.00000,,0,0,0,0
2022-07-06,1001.23868,665.87866,335.36003,0.00000,353,0,0,0,0.00000,0.00000,0.00000,0.00000,0,,0,0,0,0.00000,,0,0,0,0
2022-07-07,992.97106,665.87866,327.09241,0.00000,352,0,0,0,0.00000,0.00000,0.00000,0.00000,0,,0,0,0,0.00000,,0,0,0,0
2022-07-08,992.97106,665.87866,327.09241,0.00000,352,0,0,0,0.00000,0.00000,0.00000,0.00000,0,,0,0,0,0.00000,,0,0,0,0
2022-07-09,990.51312,663.19727,327.31585,0.00000,351,1,0,1,0.00000,0.00000,200.00000,0.00000,0,,0,0,0,0.00000,,0,0,0,0
2022-07-10,987.83173,660.51588,327.31585,0.00000,350,0,0,1,0.00000,0.00000,200.00000,0.00000,0,,0,0,0,0.00000,,0,0,0,0
2022-07-11,998.55729,670.57109,327.98620,0.00000,356,6,0,0,0.00000,0.00000,0.00000,0.00000,0,,0,0,0,0.00000,,0,0,0,0
2022-07-12,998.55729,670.57109,327.98620,0.00000,356,0,0,0,0.00000,0.00000,0.00000,0.00000,0,,0,0,0,0.00000,,0,0,0,0
2022-07-13,996.13659,670.34764,325.78895,0.00000,353,0,0,1,0.00000,0.00000,200.00000,0.00000,0,,0,0,0,0.00000,,0,0,0,0
2022-07-14,989.43312,663.19727,326.23585,0.00000,352,1,0,2,0.00000,0.00000,400.00000,0.00000,0,,0,0,0,0.00000,,0,0,0,0
2022-07-15,988.72553,660.51588,328.20965,0.00000,352,1,0,1,0.00000,0.00000,200.00000,0.00000,0,,0,0,0,0.00000,,0,0,0,0
2022-07-16,991.63037,663.42072,328.20965,0.00000,354,2,0,0,0.00000,0.00000,0.00000,0.00000,0,,0,0,0,0.00000,,0,0,0,0
2022-07-17,982.46895,654.70620,327.76275,0.00000,351,0,0,2,0.00000,0.00000,400.00000,0.00000,0,,0,0,0,0.00000,,0,0,0,0
2022-07-18,974.20133,654.70620,319.49513,0.00000,350,1,0,1,0.00000,0.00000,200.00000,0.00000,0,,0,0,0,0.00000,,0,0,0,0
2022-07-19,973.75443,654.48275,319.27168,0.00000,348,0,0,1,0.00000,0.00000,200.00000,0.00000,0,,0,0,0,0.00000,,0,0,0,0
2022-07-20,975.76547,665.43176,310.33371,0.00000,349,2,0,0,0.00000,0.00000,0.00000,0.00000,0,,0,0,0,0.00000,,0,0,0,0
2022-07-21,975.76547,665.43176,310.33371,0.00000,349,0,0,0,0.00000,0.00000,0.00000,0.00000,0,,0,0,0,0.00000,,0,0,0,0
2022-07-22,975.76547,665.43176,310.33371,0.00000,349,0,0,0,0.00000,0.00000,0.00000,0.00000,0,,0,0,0,0.00000,,0,0,0,0
2022-07-23,982.87861,670.57109,312.30752,0.00000,353,5,0,1,0.00000,0.00000,200.00000,0.00000,0,,0,0,0,0.00000,,0,0,0,0
2022-07-24,976.62203,673.25248,303.36955,0.00000,353,1,0,0,0.00000,0.00000,0.00000,0.00000,0,,0,0,0,0.00000,,0,0,0,0
2022-07-25,974.16409,670.57109,303.59300,0.00000,353,2,0,1,0.00000,0.00000,200.00000,0.00000,0,,0,0,0,0.00000,,0,0,0,0
2022-07-26,968.80130,665.20831,303.59300,0.00000,351,0,0,2,0.00000,0.00000,400.00000,0.00000,0,,0,0,0,0.00000,,0,0,0,0
2022-07-27,968.80130,665.20831,303.59300,0.00000,351,0,0,0,0.00000,0.00000,0.00000,0.00000,0,,0,0,0,0.00000,,0,0,0,0
2022-07-28,981.09101,667.88970,313.20131,0.00000,354,3,0,0,0.00000,0.00000,0.00000,0.00000,0,,0,0,0,0.00000,,0,0,0,0
2022-07-29,972.37649,659.17518,313.20131,0.00000,352,0,0,2,0.00000,0.00000,400.00000,0.00000,0,,0,0,0,0.00000,,0,0,0,0
2022-07-30,967.23716,654.03585,313.20131,0.00000,351,1,0,2,0.00000,0.00000,400.00000,0.00000,0,,0,0,0,0.00000,,0,0,0,0
2022-07-31,965.00267,651.80136,313.20131,0.00000,351,1,0,1,0.00000,0.00000,200.00000,0.00000,0,,0,0,0,0.00000,,0,0,0,0
2022-08-01,965.00267,651.80136,313.20131,0.00000,351,0,0,0,0.00000,0.00000,0.00000,0.00000,0,,0,0,0,0.00000,,0,0,0,0
2022-08-02,961.87438,649.11997,312.75441,0.00000,349,0,0,1,0.00000,0.00000,200.00000,0.00000,0,,0,0,0,0.00000,,0,0,0,0
2022-08-03,961.87438,649.11997,312.75441,0.00000,349,0,0,0,0.00000,0.00000,0.00000,0.00000,0,,0,0,0,0.00000,,0,0,0,0
2022-08-04,972.56270,648.89652,323.66618,0.00000,351,3,0,1,0.00000,0.00000,200.00000,0.00000,0,,0,0,0,0.00000,,0,0,0,0
2022-08-05,975.24409,651.57791,323.66618,0.00000,352,1,0,0,0.00000,0.00000,0.00000,0.00000,0,,0,0,0,0.00000,,0,0,0,0
2022-08-06,973.27029,651.57791,321.69238,0.00000,351,0,0,0,0.00000,0.00000,0.00000,0.00000,0,,0,0,0,0.00000,,0,0,0,0
2022-08-07,976.17513,654.48275,321.69238,0.00000,353,2,0,0,0.00000,0.00000,0.00000,0.00000,0,,0,0,0,0.00000,,0,0,0,0
2022-08-08,981.09101,659.39863,321.69238,0.00000,357,4,0,0,0.00000,0.00000,0.00000,0.00000,0,,0,0,0,0.00000,,0,0,0,0
2022-08-09,981.09101,659.39863,321.69238,0.00000,357,0,0,0,0.00000,0.00000,0.00000,0.00000,0,,0,0,0,0.00000,,0,0,0,0
2022-08-10,978.63307,656.94069,321.69238,0.00000,357,1,0,1,0.00000,0.00000,200.00000,0.00000,0,,0,0,0,0.00000,,0,0,0,0
2022-08-11,975.95168,654.25930,321.69238,0.00000,356,0,0,1,0.00000,0.00000,200.00000,0.00000,0,,0,0,0,0.00000,,0,0,0,0
2022-08-12,984.66620,662.52692,322.13928,0.00000,358,3,0,1,0.00000,0.00000,200.00000,0.00000,0,,0,0,0,0.00000,,0,0,0,0
2022-08-13,984.66620,662.52692,322.13928,0.00000,358,0,0,0,0.00000,0.00000,0.00000,0.00000,0,,0,0,0,0.00000,,0,0,0,0
2022-08-14,981.98481,659.84553,322.13928,0.00000,357,0,0,1,0.00000,0.00000,200.00000,0.00000,0,,0,0,0,0.00000,,0,0,0,0
2022-08-15,984.44275,662.52692,321.91583,0.00000,357,2,0,0,0.00000,0.00000,0.00000,0.00000,0,,0,0,0,0.00000,,0,0,0,0
2022-08-16,982.46895,662.52692,319.94203,0.00000,356,0,0,0,0.00000,0.00000,0.00000,0.00000,0,,0,0,0,0.00000,,0,0,0,0
2022-08-17,985.15034,665.20831,319.94203,0.00000,357,1,0,0,0.00000,0.00000,0.00000,0.00000,0,,0,0,0,0.00000,,0,0,0,0
2022-08-18,987.83173,667.88970,319.94203,0.00000,358,1,0,0,0.00000,0.00000,0.00000,0.00000,0,,0,0,0,0.00000,,0,0,0,0
2022-08-19,987.38483,667.88970,319.49513,0.00000,357,0,0,0,0.00000,0.00000,0.00000,0.00000,0,,0,0,0,0.00000,,0,0,0,0
2022-08-20,987.83173,668.33660,319.49513,0.00000,358,2,0,1,0.00000,0.00000,200.00000,0.00000,0,,0,0,0,0.00000,,0,0,0,0
2022-08-21,985.82069,665.65521,320.16548,0.00000,359,2,0,1,0.00000,0.00000,200.00000,0.00000,0,,0,0,0,0.00000,,0,0,0,0
2022-08-22,977.10617,656.94069,320.16548,0.00000,357,0,0,2,0.00000,0.00000,400.00000,0.00000,0,,0,0,0,0.00000,,0,0,0,0
2022-08-23,985.37379,665.20831,320.16548,0.00000,358,1,0,0,0.00000,0.00000,0.00000,0.00000,0,,0,0,0,0.00000,,0,0,0,0
2022-08-24,990.28967,670.57109,319.71858,0.00000,359,2,0,0,0.00000,0.00000,0.00000,0.00000,0,,0,0,0,0.00000,,0,0,0,0
2022-08-25,992.97106,673.25248,319.71858,0.00000,360,1,0,0,0.00000,0.00000,0.00000,0.00000,0,,0,0,0,0.00000,,0,0,0,0
2022-08-26,985.11310,663.42072,321.69238,0.00000,359,2,0,3,0.00000,0.00000,600.00000,0.00000,0,,0,0,0,0.00000,,0,0,0,0
2022-08-27,983.13930,663.42072,319.71858,0.00000,358,0,0,0,0.00000,0.00000,0.00000,0.00000,0,,0,0,0,0.00000,,0,0,0,0
2022-08-28,985.82069,666.10211,319.71858,0.00000,359,1,0,0,0.00000,0.00000,0.00000,0.00000,0,,0,0,0,0.00000,,0,0,0,0
2022-08-29,985.82069,666.10211,319.71858,0.00000,359,1,0,1,0.00000,0.00000,200.00000,0.00000,0,,0,0,0,0.00000,,0,0,0,0
2022-08-30,986.04414,665.65521,320.38893,0.00000,358,1,0,2,0.00000,0.00000,400.00000,0.00000,0,,0,0,0,0.00000,,0,0,0,0
2022-08-31,975.57926,657.16414,318.41513,0.00000,356,1,0,2,0.00000,0.00000,400.00000,0.00000,0,,0,0,0,0.00000,,0,0,0,0
2022-09-01,967.75854,649.34341,318.41513,0.00000,354,1,0,3,0.00000,0.00000,600.00000,0.00000,0,,0,0,0,0.00000,,0,0,0,0
2022-09-02,968.20544,649.34341,318.86203,0.00000,355,1,0,0,0.00000,0.00000,0.00000,0.00000,0,,0,0,0,0.00000,,0,0,0,0
2022-09-03,968.65234,649.79031,318.86203,0.00000,357,2,0,0,0.00000,0.00000,0.00000,0.00000,0,,0,0,0,0.00000,,0,0,0,0
2022-09-04,974.46202,655.59999,318.86203,0.00000,357,1,0,1,0.00000,0.00000,200.00000,0.00000,0,,0,0,0,0.00000,,0,0,0,0
2022-09-05,975.57926,655.59999,319.97927,0.00000,359,2,0,0,0.00000,0.00000,0.00000,0.00000,0,,0,0,0,0.00000,,0,0,0,0
2022-09-06,974.01512,654.03585,319.97927,0.00000,358,0,0,1,0.00000,0.00000,200.00000,0.00000,0,,0,0,0,0.00000,,0,0,0,0
2022-09-07,966.41785,654.03585,312.38200,0.00000,358,1,0,0,0.00000,0.00000,0.00000,0.00000,0,,0,0,0,0.00000,,0,0,0,0
2022-09-08,963.06611,650.68411,312.38200,0.00000,358,1,0,1,0.00000,0.00000,200.00000,0.00000,0,,0,0,0,0.00000,,0,0,0,0
2022-09-09,954.79849,650.68411,304.11438,0.00000,357,1,0,1,0.00000,0.00000,200.00000,0.00000,0,,0,0,0,0.00000,,0,0,0,0
2022-09-10,954.79849,650.68411,304.11438,0.00000,357,0,0,0,0.00000,0.00000,0.00000,0.00000,0,,0,0,0,0.00000,,0,0,0,0
2022-09-11,954.79849,650.68411,304.11438,0.00000,357,0,0,0,0.00000,0.00000,0.00000,0.00000,0,,0,0,0,0.00000,,0,0,0,0
2022-09-12,956.77229,650.68411,306.08818,0.00000,358,1,0,0,0.00000,0.00000,0.00000,0.00000,0,,0,0,0,0.00000,,0,0,0,0
2022-09-13,956.77229,650.68411,306.08818,0.00000,358,1,0,1,0.00000,0.00000,200.00000,0.00000,0,,0,0,0,0.00000,,0,0,0,0
2022-09-14,959.41644,650.90756,308.50888,0.00000,361,3,0,0,0.00000,0.00000,0.00000,0.00000,0,,0,0,0,0.00000,,0,0,0,0
2022-09-15,967.68406,650.90756,316.77650,0.00000,362,2,0,0,0.00000,0.00000,0.00000,0.00000,0,,0,0,0,0.00000,,0,0,0,0
2022-09-16,965.00267,648.22617,316.77650,0.00000,361,0,0,1,0.00000,0.00000,200.00000,0.00000,0,,0,0,0,0.00000,,0,0,0,0
2022-09-17,980.71860,658.95173,321.76687,0.00000,361,3,0,1,0.00000,0.00000,200.00000,0.00000,0,,0,0,0,0.00000,,0,0,0,0
2022-09-18,980.04825,658.95173,321.09652,0.00000,360,0,0,0,0.00000,0.00000,0.00000,0.00000,0,,0,0,0,0.00000,,0,0,0,0
2022-09-19,978.48410,657.38759,321.09652,0.00000,359,0,0,1,0.00000,0.00000,200.00000,0.00000,0,,0,0,0,0.00000,,0,0,0,0
2022-09-20,978.48410,657.38759,321.09652,0.00000,359,1,0,1,0.00000,0.00000,200.00000,0.00000,0,,0,0,0,0.00000,,0,0,0,0
2022-09-21,981.61239,660.06898,321.54342,0.00000,361,2,0,0,0.00000,0.00000,0.00000,0.00000,0,,0,0,0,0.00000,,0,0,0,0
2022-09-22,982.05929,660.51588,321.54342,0.00000,363,2,0,0,0.00000,0.00000,0.00000,0.00000,0,,0,0,0,0.00000,,0,0,0,0
2022-09-23,981.61239,660.73932,320.87307,0.00000,363,1,0,0,0.00000,0.00000,0.00000,0.00000,0,,0,0,0,0.00000,,0,0,0,0
2022-09-24,984.29378,663.86761,320.42617,0.00000,364,2,0,0,0.00000,0.00000,0.00000,0.00000,0,,0,0,0,0.00000,,0,0,0,0
2022-09-25,987.83173,665.43176,322.39997,0.00000,366,2,0,0,0.00000,0.00000,0.00000,0.00000,0,,0,0,0,0.00000,,0,0,0,0
2022-09-26,1005.26077,673.92283,331.33794,0.00000,368,4,0,2,0.00000,0.00000,400.00000,0.00000,0,,0,0,0,0.00000,,0,0,0,0
2022-09-27,1007.23457,673.92283,333.31174,0.00000,369,1,0,0,0.00000,0.00000,0.00000,0.00000,0,,0,0,0,0.00000,,0,0,0,0
2022-09-28,1005.26077,673.92283,331.33794,0.00000,368,0,0,0,0.00000,0.00000,0.00000,0.00000,0,,0,0,0,0.00000,,0,0,0,0
2022-09-29,1008.16561,676.60422,331.56139,0.00000,370,2,0,0,0.00000,0.00000,0.00000,0.00000,0,,0,0,0,0.00000,,0,0,0,0
2022-09-30,1026.04155,686.43598,339.60556,0.00000,372,3,0,0,0.00000,0.00000,0.00000,0.00000,0,,0,0,0,0.00000,,0,0,0,0
2022-10-01,1017.77392,678.16836,339.60556,0.00000,371,0,0,1,0.00000,0.00000,200.00000,0.00000,0,,0,0,0,0.00000,,0,0,0,0
2022-10-02,1020.45531,680.84975,339.60556,0.00000,372,1,0,0,0.00000,0.00000,0.00000,0.00000,0,,0,0,0,0.00000,,0,0,0,0
2022-10-03,1012.63459,680.84975,331.78484,0.00000,372,1,0,0,0.00000,0.00000,0.00000,0.00000,0,,0,0,0,0.00000,,0,0,0,0
2022-10-04,1011.74080,679.95596,331.78484,0.00000,370,0,0,2,0.00000,0.00000,400.00000,0.00000,0,,0,0,0,0.00000,,0,0,0,0
2022-10-05,1004.14352,679.95596,324.18757,0.00000,370,1,0,0,0.00000,0.00000,0.00000,0.00000,0,,0,0,0,0.00000,,0,0,0,0
2022-10-06,1004.14352,679.95596,324.18757,0.00000,370,0,0,0,0.00000,0.00000,0.00000,0.00000,0,,0,0,0,0.00000,,0,0,0,0
2022-10-07,1011.29390,687.10633,324.18757,0.00000,372,2,0,0,0.00000,0.00000,0.00000,0.00000,0,,0,0,0,0.00000,,0,0,0,0
2022-10-08,1013.97529,689.78772,324.18757,0.00000,373,1,0,0,0.00000,0.00000,0.00000,0.00000,0,,0,0,0,0.00000,,0,0,0,0
2022-10-09,1013.97529,689.78772,324.18757,0.00000,373,0,0,0,0.00000,0.00000,0.00000,0.00000,0,,0,0,0,0.00000,,0,0,0,0
2022-10-10,1013.97529,689.78772,324.18757,0.00000,373,0,0,0,0.00000,0.00000,0.00000,0.00000,0,,0,0,0,0.00000,,0,0,0,0
2022-10-11,1003.47317,679.28561,324.18757,0.00000,372,1,0,2,0.00000,0.00000,400.00000,0.00000,0,,0,0,0,0.00000,,0,0,0,0
2022-10-12,1009.50630,685.31874,324.18757,0.00000,374,2,0,0,0.00000,0.00000,0.00000,0.00000,0,,0,0,0,0.00000,,0,0,0,0
2022-10-13,1014.86908,690.68152,324.18757,0.00000,376,2,0,0,0.00000,0.00000,0.00000,0.00000,0,,0,0,0,0.00000,,0,0,0,0
2022-10-14,1026.04155,701.85398,324.18757,0.00000,379,3,0,0,0.00000,0.00000,0.00000,0.00000,0,,0,0,0,0.00000,,0,0,0,0
2022-10-15,1022.87601,697.38500,325.49102,0.00000,379,3,0,2,0.00000,0.00000,400.00000,0.00000,0,,0,0,0,0.00000,,0,0,0,0
2022-10-16,1024.66361,698.94914,325.71447,0.00000,381,3,0,1,0.00000,0.00000,200.00000,0.00000,0,,0,0,0,0.00000,,0,0,0,0
2022-10-17,1024.66361,698.94914,325.71447,0.00000,381,0,0,0,0.00000,0.00000,0.00000,0.00000,0,,0,0,0,0.00000,,0,0,0,0
2022-10-18,1032.22364,696.26775,335.95589,0.00000,382,3,0,2,0.00000,0.00000,400.00000,0.00000,0,,0,0,0,0.00000,,0,0,0,0
2022-10-19,1023.73257,696.26775,327.46482,0.00000,382,1,0,0,0.00000,0.00000,0.00000,0.00000,0,,0,0,0,0.00000,,0,0,0,0
2022-10-20,1015.01805,696.49120,318.52685,0.00000,382,1,0,0,0.00000,0.00000,0.00000,0.00000,0,,0,0,0,0.00000,,0,0,0,0
2022-10-21,1009.69251,694.03326,315.65925,0.00000,379,1,0,1,0.00000,0.00000,200.00000,0.00000,0,,0,0,0,0.00000,,0,0,0,0
2022-10-22,1010.58631,694.92705,315.65925,0.00000,378,1,0,2,0.00000,0.00000,400.00000,0.00000,0,,0,0,0,0.00000,,0,0,0,0
2022-10-23,1009.02216,693.36291,315.65925,0.00000,377,0,0,1,0.00000,0.00000,200.00000,0.00000,0,,0,0,0,0.00000,,0,0,0,0
2022-10-24,1009.02216,693.36291,315.65925,0.00000,377,0,0,0,0.00000,0.00000,0.00000,0.00000,0,,0,0,0,0.00000,,0,0,0,0
2022-10-25,1008.12837,692.46911,315.65925,0.00000,376,1,0,2,0.00000,0.00000,400.00000,0.00000,0,,0,0,0,0.00000,,0,0,0,0
2022-10-26,1011.25666,695.15050,316.10615,0.00000,378,2,0,0,0.00000,0.00000,0.00000,0.00000,0,,0,0,0,0.00000,,0,0,0,0
2022-10-27,1008.79871,692.69256,316.10615,0.00000,378,1,0,1,0.00000,0.00000,200.00000,0.00000,0,,0,0,0,0.00000,,0,0,0,0
2022-10-28,991.81657,683.97804,307.83853,0.00000,375,0,0,2,0.00000,0.00000,400.00000,0.00000,0,,0,0,0,0.00000,,0,0,0,0
2022-10-29,991.59312,683.75459,307.83853,0.00000,374,0,0,1,0.00000,0.00000,200.00000,0.00000,0,,0,0,0,0.00000,,0,0,0,0
2022-10-30,987.34759,679.50906,307.83853,0.00000,372,0,0,2,0.00000,0.00000,400.00000,0.00000,0,,0,0,0,0.00000,,0,0,0,0
2022-10-31,996.28556,679.50906,316.77650,0.00000,373,1,0,0,0.00000,0.00000,0.00000,0.00000,0,,0,0,0,0.00000,,0,0,0,0
2022-11-01,996.06211,679.28561,316.77650,0.00000,372,0,0,1,0.00000,0.00000,200.00000,0.00000,0,,0,0,0,0.00000,,0,0,0,0
2022-11-02,1000.53109,683.75459,316.77650,0.00000,373,1,0,0,0.00000,0.00000,0.00000,0.00000,0,,0,0,0,0.00000,,0,0,0,0
2022-11-03,996.47177,677.72146,318.75030,0.00000,373,2,0,2,0.00000,0.00000,400.00000,0.00000,0,,0,0,0,0.00000,,0,0,0,0
2022-11-04,993.79038,675.04007,318.75030,0.00000,372,0,0,1,0.00000,0.00000,200.00000,0.00000,0,,0,0,0,0.00000,,0,0,0,0
2022-11-05,994.01382,675.26352,318.75030,0.00000,373,2,0,0,0.00000,0.00000,0.00000,0.00000,0,,0,0,0,0.00000,,0,0,0,0
2022-11-06,994.01382,675.26352,318.75030,0.00000,373,0,0,0,0.00000,0.00000,0.00000,0.00000,0,,0,0,0,0.00000,,0,0,0,0
2022-11-07,987.72001,666.99590,320.72410,0.00000,373,1,0,1,0.00000,0.00000,200.00000,0.00000,0,,0,0,0,0.00000,,0,0,0,0
2022-11-08,992.63589,671.46489,321.17100,0.00000,375,2,0,0,0.00000,0.00000,0.00000,0.00000,0,,0,0,0,0.00000,,0,0,0,0
2022-11-09,995.09383,673.92283,321.17100,0.00000,375,1,0,1,0.00000,0.00000,200.00000,0.00000,0,,0,0,0,0.00000,,0,0,0,0
2022-11-10,995.80142,676.60422,319.19720,0.00000,375,1,0,0,0.00000,0.00000,0.00000,0.00000,0,,0,0,0,0.00000,,0,0,0,0
2022-11-11,993.12003,673.92283,319.19720,0.00000,374,0,0,1,0.00000,0.00000,200.00000,0.00000,0,,0,0,0,0.00000,,0,0,0,0
2022-11-12,994.46072,675.26352,319.19720,0.00000,374,1,0,1,0.00000,0.00000,200.00000,0.00000,0,,0,0,0,0.00000,,0,0,0,0
2022-11-13,988.01794,670.79454,317.22340,0.00000,372,0,0,1,0.00000,0.00000,200.00000,0.00000,0,,0,0,0,0.00000,,0,0,0,0
2022-11-14,990.92278,664.76141,326.16137,0.00000,372,1,0,1,0.00000,0.00000,200.00000,0.00000,0,,0,0,0,0.00000,,0,0,0,0
2022-11-15,990.92278,664.76141,326.16137,0.00000,372,0,0,0,0.00000,0.00000,0.00000,0.00000,0,,0,0,0,0.00000,,0,0,0,0
2022-11-16,992.89658,664.76141,328.13517,0.00000,373,1,0,0,0.00000,0.00000,0.00000,0.00000,0,,0,0,0,0.00000,,0,0,0,0
2022-11-17,991.33243,663.19727,328.13517,0.00000,372,0,0,1,0.00000,0.00000,200.00000,0.00000,0,,0,0,0,0.00000,,0,0,0,0
2022-11-18,989.80553,663.19727,326.60826,0.00000,372,1,0,0,0.00000,0.00000,0.00000,0.00000,0,,0,0,0,0.00000,,0,0,0,0
2022-11-19,995.16831,668.56005,326.60826,0.00000,374,2,0,0,0.00000,0.00000,0.00000,0.00000,0,,0,0,0,0.00000,,0,0,0,0
2022-11-20,987.12414,668.78350,318.34064,0.00000,374,1,0,0,0.00000,0.00000,0.00000,0.00000,0,,0,0,0,0.00000,,0,0,0,0
2022-11-21,981.09101,662.75037,318.34064,0.00000,373,0,0,1,0.00000,0.00000,200.00000,0.00000,0,,0,0,0,0.00000,,0,0,0,0
2022-11-22,980.86756,662.75037,318.11719,0.00000,372,0,0,0,0.00000,0.00000,0.00000,0.00000,0,,0,0,0,0.00000,,0,0,0,0
2022-11-23,981.53791,662.75037,318.78754,0.00000,373,1,0,0,0.00000,0.00000,0.00000,0.00000,0,,0,0,0,0.00000,,0,0,0,0
2022-11-24,981.53791,662.75037,318.78754,0.00000,373,0,0,0,0.00000,0.00000,0.00000,0.00000,0,,0,0,0,0.00000,,0,0,0,0
2022-11-25,981.53791,662.75037,318.78754,0.00000,373,0,0,0,0.00000,0.00000,0.00000,0.00000,0,,0,0,0,0.00000,,0,0,0,0
2022-11-26,984.44275,665.87866,318.56409,0.00000,374,2,0,0,0.00000,0.00000,0.00000,0.00000,0,,0,0,0,0.00000,,0,0,0,0
2022-11-27,994.72141,667.21935,327.50206,0.00000,373,2,0,3,0.00000,0.00000,600.00000,0.00000,0,,0,0,0,0.00000,,0,0,0,0
2022-11-28,999.37661,669.90074,329.47586,0.00000,375,2,0,0,0.00000,0.00000,0.00000,0.00000,0,,0,0,0,0.00000,,0,0,0,0
2022-11-29,1015.91185,676.82767,339.08418,0.00000,378,5,0,2,0.00000,0.00000,400.00000,0.00000,0,,0,0,0,0.00000,,0,0,0,0
2022-11-30,1025.07327,685.54219,339.53108,0.00000,382,6,0,1,0.00000,0.00000,200.00000,0.00000,0,,0,0,0,0.00000,,0,0,0,0
2022-12-01,1027.75466,688.22358,339.53108,0.00000,383,1,0,0,0.00000,0.00000,0.00000,0.00000,0,,0,0,0,0.00000,,0,0,0,0
2022-12-02,1032.89399,693.36291,339.53108,0.00000,384,3,0,2,0.00000,0.00000,400.00000,0.00000,0,,0,0,0,0.00000,,0,0,0,0
2022-12-03,1037.54918,696.04430,341.50488,0.00000,386,2,0,0,0.00000,0.00000,0.00000,0.00000,0,,0,0,0,0.00000,,0,0,0,0
2022-12-04,1036.20848,694.25671,341.95178,0.00000,385,1,0,2,0.00000,0.00000,400.00000,0.00000,0,,0,0,0,0.00000,,0,0,0,0
2022-12-05,1035.76159,694.25671,341.50488,0.00000,384,0,0,0,0.00000,0.00000,0.00000,0.00000,0,,0,0,0,0.00000,,0,0,0,0
2022-12-06,1035.31469,694.25671,341.05798,0.00000,383,1,0,1,0.00000,0.00000,200.00000,0.00000,0,,0,0,0,0.00000,,0,0,0,0
2022-12-07,1047.15750,706.32296,340.83453,0.00000,384,2,0,0,0.00000,0.00000,0.00000,0.00000,0,,0,0,0,0.00000,,0,0,0,0
2022-12-08,1042.91196,702.07743,340.83453,0.00000,382,0,0,2,0.00000,0.00000,400.00000,0.00000,0,,0,0,0,0.00000,,0,0,0,0
2022-12-09,1040.23057,699.39604,340.83453,0.00000,381,0,0,1,0.00000,0.00000,200.00000,0.00000,0,,0,0,0,0.00000,,0,0,0,0
2022-12-10,1040.90092,699.39604,341.50488,0.00000,382,2,0,1,0.00000,0.00000,200.00000,0.00000,0,,0,0,0,0.00000,,0,0,0,0
2022-12-11,1043.58231,702.07743,341.50488,0.00000,383,1,0,0,0.00000,0.00000,0.00000,0.00000,0,,0,0,0,0.00000,,0,0,0,0
2022-12-12,1042.87472,699.39604,343.47868,0.00000,383,1,0,1,0.00000,0.00000,200.00000,0.00000,0,,0,0,0,0.00000,,0,0,0,0
2022-12-13,1040.19333,696.71465,343.47868,0.00000,382,0,0,1,0.00000,0.00000,200.00000,0.00000,0,,0,0,0,0.00000,,0,0,0,0
2022-12-14,1031.25536,687.77668,343.47868,0.00000,380,1,0,3,0.00000,0.00000,600.00000,0.00000,0,,0,0,0,0.00000,,0,0,0,0
2022-12-15,1031.25536,687.77668,343.47868,0.00000,380,1,0,1,0.00000,0.00000,200.00000,0.00000,0,,0,0,0,0.00000,,0,0,0,0
2022-12-16,1028.12707,684.64839,343.47868,0.00000,377,0,0,3,0.00000,0.00000,600.00000,0.00000,0,,0,0,0,0.00000,,0,0,0,0
2022-12-17,1026.11603,690.90497,335.21106,0.00000,378,3,0,1,0.00000,0.00000,200.00000,0.00000,0,,0,0,0,0.00000,,0,0,0,0
2022-12-18,1026.11603,690.90497,335.21106,0.00000,378,0,0,0,0.00000,0.00000,0.00000,0.00000,0,,0,0,0,0.00000,,0,0,0,0
2022-12-19,1025.89258,691.12842,334.76416,0.00000,377,1,0,1,0.00000,0.00000,200.00000,0.00000,0,,0,0,0,0.00000,,0,0,0,0
2022-12-20,1038.40573,703.64157,334.76416,0.00000,378,2,0,1,0.00000,0.00000,200.00000,0.00000,0,,0,0,0,0.00000,,0,0,0,0
2022-12-21,1041.08713,706.32296,334.76416,0.00000,379,1,0,0,0.00000,0.00000,0.00000,0.00000,0,,0,0,0,0.00000,,0,0,0,0
2022-12-22,1043.76852,709.00435,334.76416,0.00000,380,1,0,0,0.00000,0.00000,0.00000,0.00000,0,,0,0,0,0.00000,,0,0,0,0
2022-12-23,1041.79471,709.00435,332.79036,0.00000,379,1,0,1,0.00000,0.00000,200.00000,0.00000,0,,0,0,0,0.00000,,0,0,0,0
2022-12-24,1041.79471,709.00435,332.79036,0.00000,379,0,0,0,0.00000,0.00000,0.00000,0.00000,0,,0,0,0,0.00000,,0,0,0,0
2022-12-25,1037.40021,709.00435,328.39586,0.00000,376,0,0,0,0.00000,0.00000,0.00000,0.00000,0,,0,0,0,0.00000,,0,0,0,0
2022-12-26,1037.40021,709.00435,328.39586,0.00000,376,0,0,0,0.00000,0.00000,0.00000,0.00000,0,,0,0,0,0.00000,,0,0,0,0
2022-12-27,1034.49537,706.09951,328.39586,0.00000,374,0,0,2,0.00000,0.00000,400.00000,0.00000,0,,0,0,0,0.00000,,0,0,0,0
2022-12-28,1028.46224,700.06639,328.39586,0.00000,373,0,0,1,0.00000,0.00000,200.00000,0.00000,0,,0,0,0,0.00000,,0,0,0,0
2022-12-29,1041.86920,704.53537,337.33383,0.00000,375,2,0,0,0.00000,0.00000,0.00000,0.00000,0,,0,0,0,0.00000,,0,0,0,0
2022-12-30,1041.86920,704.53537,337.33383,0.00000,375,0,0,0,0.00000,0.00000,0.00000,0.00000,0,,0,0,0,0.00000,,0,0,0,0
2022-12-31,1043.84300,704.53537,339.30763,0.00000,376,1,0,0,0.00000,0.00000,0.00000,0.00000,0,,0,0,0,0.00000,,0,0,0,0
