Date,Daily Emissions (Kg Methane),Daily Mitigable Emissions (Kg Methane),Daily Non-Mitigable Emissions (Kg Methane),Daily Cost ($),Active Leaks,New Leaks,Leaks Repaired,Leaks Naturally Repaired,Leaks Tagged,Daily Repair Cost ($),Daily Natural Repair Cost ($),truck Deployment Cost ($),truck Sites flagged for Follow-Up,truck Leaks tagged for repair,truck Sites Visited,truck Travel Time (Minutes),truck Survey Time (Minutes),OGI_FU Deployment Cost ($),OGI_FU Sites flagged for Follow-Up,OGI_FU Leaks tagged for repair,OGI_FU Sites Visited,OGI_FU Travel Time (Minutes),OGI_FU Survey Time (Minutes)
2022-01-01,1027.86638,769.11219,258.75419,400.00000,383,384,0,0,0.00000,0.00000,0.00000,400.00000,0,,10,180,270,0.00000,,0,0,0,0
2022-01-02,1024.51464,765.76045,258.75419,400.00000,384,3,0,2,0.00000,0.00000,400.00000,400.00000,0,,1,20,30,0.00000,,0,0,0,0
2022-01-03,1029.02087,772.24048,256.78039,1000.00000,385,2,0,0,38.00000,0.00000,0.00000,0.00000,9,,0,0,0,1000.00000,,38,3,120,360
2022-01-04,1027.45672,770.67634,256.78039,1000.00000,384,0,0,1,43.00000,0.00000,200.00000,0.00000,1,,0,0,0,1000.00000,,43,3,120,360
2022-01-05,1035.98503,781.17845,254.80658,1000.00000,385,2,0,0,47.00000,0.00000,0.00000,0.00000,0,,0,0,0,1000.00000,,47,3,120,360
2022-01-06,1038.21953,783.85984,254.35969,500.00000,385,1,0,0,18.00000,0.00000,0.00000,0.00000,0,,0,0,0,500.00000,,18,1,30,120
2022-01-07,1037.36297,784.97709,252.38588,0.00000,384,1,0,1,0.00000,0.00000,200.00000,0.00000,0,,0,0,0,0.00000,,0,0,0,0
2022-01-08,1038.92712,786.54123,252.38588,0.00000,385,1,0,0,0.00000,0.00000,0.00000,0.00000,0,,0,0,0,0.00000,,0,0,0,0
2022-01-09,1043.58231,789.22262,254.35969,0.00000,387,2,0,0,0.00000,0.00000,0.00000,0.00000,0,,0,0,0,0.00000,,0,0,0,0
2022-01-10,1048.75888,796.37300,252.38588,0.00000,388,2,0,0,0.00000,0.00000,0.00000,0.00000,0,,0,0,0,0.00000,,0,0,0,0
2022-01-11,1044.06645,791.68056,252.38588,0.00000,387,3,0,4,0.00000,0.00000,800.00000,0.00000,0,,0,0,0,0.00000,,0,0,0,0
2022-01-12,1052.33407,799.94818,252.38588,0.00000,388,1,0,0,0.00000,0.00000,0.00000,0.00000,0,,0,0,0,0.00000,,0,0,0,0
2022-01-13,1053.00442,801.06543,251.93899,0.00000,386,1,0,2,0.00000,0.00000,400.00000,0.00000,0,,0,0,0,0.00000,,0,0,0,0
2022-01-14,1052.78097,801.06543,251.71554,0.00000,385,0,0,0,0.00000,0.00000,0.00000,0.00000,0,,0,0,0,0.00000,,0,0,0,0
2022-01-15,1061.27204,809.33305,251.93899,0.00000,387,3,0,1,0.00000,0.00000,200.00000,0.00000,0,,0,0,0,0.00000,,0,0,0,0
2022-01-16,1061.04859,809.10960,251.93899,0.00000,387,1,0,1,0.00000,0.00000,200.00000,0.00000,0,,0,0,0,0.00000,,0,0,0,0
2022-01-17,1065.92723,812.01444,253.91279,0.00000,390,3,0,0,0.00000,0.00000,0.00000,0.00000,0,,0,0,0,0.00000,,0,0,0,0
2022-01-18,948.39294,694.03326,254.35969,6400.00000,359,1,32,0,0.00000,6400.00000,0.00000,0.00000,0,,0,0,0,0.00000,,0,0,0,0
2022-01-19,797.75093,549.68506,248.06587,8000.00000,318,1,40,1,0.00000,8000.00000,200.00000,0.00000,0,,0,0,0,0.00000,,0,0,0,0
2022-01-20,657.64828,409.58241,248.06587,8800.00000,273,0,44,1,0.00000,8800.00000,200.00000,0.00000,0,,0,0,0,0.00000,,0,0,0,0
2022-01-21,580.11140,332.04553,248.06587,4600.00000,250,1,23,1,0.00000,4600.00000,200.00000,0.00000,0,,0,0,0,0.00000,,0,0,0,0
2022-01-22,580.33485,331.82208,248.51277,0.00000,250,1,0,1,0.00000,0.00000,200.00000,0.00000,0,,0,0,0,0.00000,,0,0,0,0
2022-01-23,582.34589,333.83312,248.51277,0.00000,252,2,0,0,0.00000,0.00000,0.00000,0.00000,0,,0,0,0,0.00000,,0,0,0,0
2022-01-24,573.40792,333.83312,239.57480,0.00000,251,0,0,0,0.00000,0.00000,0.00000,0.00000,0,,0,0,0,0.00000,,0,0,0,0
2022-01-25,570.94998,331.37518,239.57480,0.00000,251,1,0,1,0.00000,0.00000,200.00000,0.00000,0,,0,0,0,0.00000,,0,0,0,0
2022-01-26,571.39688,331.37518,240.02169,0.00000,252,1,0,0,0.00000,0.00000,0.00000,0.00000,0,,0,0,0,0.00000,,0,0,0,0
2022-01-27,578.06311,336.06762,241.99550,0.00000,255,3,0,0,0.00000,0.00000,0.00000,0.00000,0,,0,0,0,0.00000,,0,0,0,0
2022-01-28,581.19140,338.52556,242.66584,0.00000,257,3,0,1,0.00000,0.00000,200.00000,0.00000,0,,0,0,0,0.00000,,0,0,0,0
2022-01-29,578.51001,335.84417,242.66584,0.00000,256,0,0,1,0.00000,0.00000,200.00000,0.00000,0,,0,0,0,0.00000,,0,0,0,0
2022-01-30,578.51001,335.84417,242.66584,0.00000,256,0,0,0,0.00000,0.00000,0.00000,0.00000,0,,0,0,0,0.00000,,0,0,0,0
2022-01-31,576.53621,335.84417,240.69204,0.00000,255,0,0,0,0.00000,0.00000,0.00000,0.00000,0,,0,0,0,0.00000,,0,0,0,0
2022-02-01,578.51001,335.84417,242.66584,0.00000,256,1,0,0,0.00000,0.00000,0.00000,0.00000,0,,0,0,0,0.00000,,0,0,0,0
2022-02-02,587.44798,335.84417,251.60381,0.00000,257,1,0,0,0.00000,0.00000,0.00000,0.00000,0,,0,0,0,0.00000,,0,0,0,0
2022-02-03,587.22453,335.62072,251.60381,0.00000,256,0,0,1,0.00000,0.00000,200.00000,0.00000,0,,0,0,0,0.00000,,0,0,0,0
2022-02-04,606.18047,352.60286,253.57761,0.00000,260,4,0,0,0.00000,0.00000,0.00000,0.00000,0,,0,0,0,0.00000,,0,0,0,0
2022-02-05,615.11844,352.60286,262.51558,0.00000,261,1,0,0,0.00000,0.00000,0.00000,0.00000,0,,0,0,0,0.00000,,0,0,0,0
2022-02-06,623.83296,361.31738,262.51558,0.00000,263,2,0,0,0.00000,0.00000,0.00000,0.00000,0,,0,0,0,0.00000,,0,0,0,0
2022-02-07,627.18470,364.22222,262.96248,0.00000,266,3,0,0,0.00000,0.00000,0.00000,0.00000,0,,0,0,0,0.00000,,0,0,0,0
2022-02-08,626.73780,364.22222,262.51558,0.00000,265,0,0,0,0.00000,0.00000,0.00000,0.00000,0,,0,0,0,0.00000,,0,0,0,0
2022-02-09,628.97229,366.45671,262.51558,0.00000,265,1,0,1,0.00000,0.00000,200.00000,0.00000,0,,0,0,0,0.00000,,0,0,0,0
2022-02-10,623.60951,361.09393,262.51558,0.00000,263,0,0,2,0.00000,0.00000,400.00000,0.00000,0,,0,0,0,0.00000,,0,0,0,0
2022-02-11,628.30194,366.45671,261.84523,0.00000,264,2,0,0,0.00000,0.00000,0.00000,0.00000,0,,0,0,0,0.00000,,0,0,0,0
2022-02-12,626.06745,364.22222,261.84523,0.00000,265,2,0,1,0.00000,0.00000,200.00000,0.00000,0,,0,0,0,0.00000,,0,0,0,0
2022-02-13,626.06745,364.22222,261.84523,0.00000,265,0,0,0,0.00000,0.00000,0.00000,0.00000,0,,0,0,0,0.00000,,0,0,0,0
2022-02-14,618.28397,358.41254,259.87143,0.00000,264,1,0,1,0.00000,0.00000,200.00000,0.00000,0,,0,0,0,0.00000,,0,0,0,0
2022-02-15,618.47018,356.62494,261.84523,0.00000,265,2,0,1,0.00000,0.00000,200.00000,0.00000,0,,0,0,0,0.00000,,0,0,0,0
2022-02-16,618.47018,356.62494,261.84523,0.00000,265,0,0,0,0.00000,0.00000,0.00000,0.00000,0,,0,0,0,0.00000,,0,0,0,0
2022-02-17,618.47018,356.62494,261.84523,0.00000,265,0,0,0,0.00000,0.00000,0.00000,0.00000,0,,0,0,0,0.00000,,0,0,0,0
2022-02-18,630.08954,359.30634,270.78320,0.00000,267,2,0,0,0.00000,0.00000,0.00000,0.00000,0,,0,0,0,0.00000,,0,0,0,0
2022-02-19,636.12267,365.33946,270.78320,0.00000,267,2,0,2,0.00000,0.00000,400.00000,0.00000,0,,0,0,0,0.00000,,0,0,0,0
2022-02-20,642.37925,371.37259,271.00665,0.00000,269,3,0,1,0.00000,0.00000,200.00000,0.00000,0,,0,0,0,0.00000,,0,0,0,0
2022-02-21,659.80828,388.80163,271.00665,0.00000,273,4,0,0,0.00000,0.00000,0.00000,0.00000,0,,0,0,0,0.00000,,0,0,0,0
2022-02-22,657.83448,388.80163,269.03285,0.00000,272,0,0,0,0.00000,0.00000,0.00000,0.00000,0,,0,0,0,0.00000,,0,0,0,0
2022-02-23,660.51587,391.48302,269.03285,0.00000,273,1,0,0,0.00000,0.00000,0.00000,0.00000,0,,0,0,0,0.00000,,0,0,0,0
2022-02-24,660.51587,391.48302,269.03285,0.00000,273,0,0,0,0.00000,0.00000,0.00000,0.00000,0,,0,0,0,0.00000,,0,0,0,0
2022-02-25,664.12830,397.06925,267.05905,0.00000,275,3,0,0,0.00000,0.00000,0.00000,0.00000,0,,0,0,0,0.00000,,0,0,0,0
2022-02-26,664.12830,397.06925,267.05905,0.00000,275,0,0,0,0.00000,0.00000,0.00000,0.00000,0,,0,0,0,0.00000,,0,0,0,0
2022-02-27,666.10210,397.06925,269.03285,0.00000,276,1,0,0,0.00000,0.00000,0.00000,0.00000,0,,0,0,0,0.00000,,0,0,0,0
2022-02-28,677.05112,408.01826,269.03285,0.00000,278,3,0,1,0.00000,0.00000,200.00000,0.00000,0,,0,0,0,0.00000,,0,0,0,0
2022-03-01,676.60422,408.01826,268.58595,0.00000,277,0,0,0,0.00000,0.00000,0.00000,0.00000,0,,0,0,0,0.00000,,0,0,0,0
2022-03-02,681.25941,410.69965,270.55975,0.00000,279,2,0,0,0.00000,0.00000,0.00000,0.00000,0,,0,0,0,0.00000,,0,0,0,0
2022-03-03,679.28561,410.69965,268.58595,0.00000,278,0,0,0,0.00000,0.00000,0.00000,0.00000,0,,0,0,0,0.00000,,0,0,0,0
2022-03-04,679.28561,410.69965,268.58595,0.00000,278,0,0,0,0.00000,0.00000,0.00000,0.00000,0,,0,0,0,0.00000,,0,0,0,0
2022-03-05,681.07320,412.48725,268.58595,0.00000,278,1,0,1,0.00000,0.00000,200.00000,0.00000,0,,0,0,0,0.00000,,0,0,0,0
2022-03-06,678.83871,410.25276,268.58595,0.00000,278,1,0,1,0.00000,0.00000,200.00000,0.00000,0,,0,0,0,0.00000,,0,0,0,0
2022-03-07,678.83871,410.25276,268.58595,0.00000,278,0,0,0,0.00000,0.00000,0.00000,0.00000,0,,0,0,0,0.00000,,0,0,0,0
2022-03-08,679.50906,410.25276,269.25630,0.00000,279,1,0,0,0.00000,0.00000,0.00000,0.00000,0,,0,0,0,0.00000,,0,0,0,0
2022-03-09,682.19045,412.93415,269.25630,0.00000,280,1,0,0,0.00000,0.00000,0.00000,0.00000,0,,0,0,0,0.00000,,0,0,0,0
2022-03-10,678.39181,410.25276,268.13905,0.00000,277,0,0,1,0.00000,0.00000,200.00000,0.00000,0,,0,0,0,0.00000,,0,0,0,0
2022-03-11,675.71042,407.57137,268.13905,0.00000,276,0,0,1,0.00000,0.00000,200.00000,0.00000,0,,0,0,0,0.00000,,0,0,0,0
2022-03-12,673.55041,409.35896,264.19145,0.00000,276,2,0,0,0.00000,0.00000,0.00000,0.00000,0,,0,0,0,0.00000,,0,0,0,0
2022-03-13,673.10351,408.91206,264.19145,0.00000,275,0,0,1,0.00000,0.00000,200.00000,0.00000,0,,0,0,0,0.00000,,0,0,0,0
2022-03-14,670.64557,406.23067,264.41490,0.00000,275,1,0,1,0.00000,0.00000,200.00000,0.00000,0,,0,0,0,0.00000,,0,0,0,0
2022-03-15,675.78490,410.69965,265.08525,0.00000,277,2,0,0,0.00000,0.00000,0.00000,0.00000,0,,0,0,0,0.00000,,0,0,0,0
2022-03-16,680.25389,415.16864,265.08525,0.00000,278,1,0,0,0.00000,0.00000,0.00000,0.00000,0,,0,0,0,0.00000,,0,0,0,0
2022-03-17,680.03044,414.94519,265.08525,0.00000,277,0,0,1,0.00000,0.00000,200.00000,0.00000,0,,0,0,0,0.00000,,0,0,0,0
2022-03-18,682.71183,417.62658,265.08525,0.00000,278,2,0,0,0.00000,0.00000,0.00000,0.00000,0,,0,0,0,0.00000,,0,0,0,0
2022-03-19,682.71183,417.62658,265.08525,0.00000,278,0,0,0,0.00000,0.00000,0.00000,0.00000,0,,0,0,0,0.00000,,0,0,0,0
2022-03-20,689.63875,424.55351,265.08525,0.00000,281,3,0,0,0.00000,0.00000,0.00000,0.00000,0,,0,0,0,0.00000,,0,0,0,0
2022-03-21,691.91049,428.79904,263.11145,0.00000,282,2,0,0,0.00000,0.00000,0.00000,0.00000,0,,0,0,0,0.00000,,0,0,0,0
2022-03-22,691.91049,428.79904,263.11145,0.00000,282,0,0,0,0.00000,0.00000,0.00000,0.00000,0,,0,0,0,0.00000,,0,0,0,0
2022-03-23,691.91049,428.79904,263.11145,0.00000,282,1,0,1,0.00000,0.00000,200.00000,0.00000,0,,0,0,0,0.00000,,0,0,0,0
2022-03-24,695.03878,431.48043,263.55835,0.00000,284,3,0,0,0.00000,0.00000,0.00000,0.00000,0,,0,0,0,0.00000,,0,0,0,0
2022-03-25,694.55464,437.29011,257.26453,0.00000,284,2,0,1,0.00000,0.00000,200.00000,0.00000,0,,0,0,0,0.00000,,0,0,0,0
2022-03-26,688.52151,431.25698,257.26453,0.00000,283,0,0,1,0.00000,0.00000,200.00000,0.00000,0,,0,0,0,0.00000,,0,0,0,0
2022-03-27,688.07461,430.81008,257.26453,0.00000,282,0,0,1,0.00000,0.00000,200.00000,0.00000,0,,0,0,0,0.00000,,0,0,0,0
2022-03-28,690.75600,433.49147,257.26453,0.00000,283,1,0,0,0.00000,0.00000,0.00000,0.00000,0,,0,0,0,0.00000,,0,0,0,0
2022-03-29,676.45525,427.45835,248.99691,0.00000,281,0,0,1,0.00000,0.00000,200.00000,0.00000,0,,0,0,0,0.00000,,0,0,0,0
2022-03-30,676.45525,427.45835,248.99691,0.00000,281,0,0,0,0.00000,0.00000,0.00000,0.00000,0,,0,0,0,0.00000,,0,0,0,0
2022-03-31,679.36009,430.36319,248.99691,0.00000,283,2,0,0,0.00000,0.00000,0.00000,0.00000,0,,0,0,0,0.00000,,0,0,0,0
2022-04-01,682.04148,433.04458,248.99691,0.00000,284,1,0,0,0.00000,0.00000,0.00000,0.00000,0,,0,0,0,0.00000,,0,0,0,0
2022-04-02,682.48838,433.04458,249.44380,0.00000,285,1,0,0,0.00000,0.00000,0.00000,0.00000,0,,0,0,0,0.00000,,0,0,0,0
2022-04-03,685.16977,435.72597,249.44380,0.00000,286,1,0,0,0.00000,0.00000,0.00000,0.00000,0,,0,0,0,0.00000,,0,0,0,0
2022-04-04,684.72287,435.27907,249.44380,0.00000,285,0,0,1,0.00000,0.00000,200.00000,0.00000,0,,0,0,0,0.00000,,0,0,0,0
2022-04-05,684.72287,435.27907,249.44380,0.00000,285,0,0,0,0.00000,0.00000,0.00000,0.00000,0,,0,0,0,0.00000,,0,0,0,0
2022-04-06,680.25389,430.81008,249.44380,0.00000,284,0,0,1,0.00000,0.00000,200.00000,0.00000,0,,0,0,0,0.00000,,0,0,0,0
2022-04-07,685.61667,436.17287,249.44380,0.00000,286,2,0,0,0.00000,0.00000,0.00000,0.00000,0,,0,0,0,0.00000,,0,0,0,0
2022-04-08,683.41942,435.94942,247.47000,0.00000,284,0,0,1,0.00000,0.00000,200.00000,0.00000,0,,0,0,0,0.00000,,0,0,0,0
2022-04-09,683.41942,435.94942,247.47000,0.00000,284,0,0,0,0.00000,0.00000,0.00000,0.00000,0,,0,0,0,0.00000,,0,0,0,0
2022-04-10,682.97252,435.94942,247.02310,0.00000,283,0,0,0,0.00000,0.00000,0.00000,0.00000,0,,0,0,0,0.00000,,0,0,0,0
2022-04-11,674.48145,427.45835,247.02310,0.00000,281,0,0,2,0.00000,0.00000,400.00000,0.00000,0,,0,0,0,0.00000,,0,0,0,0
2022-04-12,683.41942,427.45835,255.96107,0.00000,282,1,0,0,0.00000,0.00000,0.00000,0.00000,0,,0,0,0,0.00000,,0,0,0,0
2022-04-13,683.41942,427.45835,255.96107,0.00000,282,0,0,0,0.00000,0.00000,0.00000,0.00000,0,,0,0,0,0.00000,,0,0,0,0
2022-04-14,683.41942,427.45835,255.96107,0.00000,282,0,0,0,0.00000,0.00000,0.00000,0.00000,0,,0,0,0,0.00000,,0,0,0,0
2022-04-15,683.41942,427.45835,255.96107,0.00000,282,0,0,0,0.00000,0.00000,0.00000,0.00000,0,,0,0,0,0.00000,,0,0,0,0
2022-04-16,675.15180,419.19072,255.96107,0.00000,281,0,0,1,0.00000,0.00000,200.00000,0.00000,0,,0,0,0,0.00000,,0,0,0,0
2022-04-17,677.83319,421.87212,255.96107,0.00000,282,1,0,0,0.00000,0.00000,0.00000,0.00000,0,,0,0,0,0.00000,,0,0,0,0
2022-04-18,677.83319,421.87212,255.96107,0.00000,282,0,0,0,0.00000,0.00000,0.00000,0.00000,0,,0,0,0,0.00000,,0,0,0,0
2022-04-19,683.64287,427.68179,255.96107,0.00000,283,2,0,1,0.00000,0.00000,200.00000,0.00000,0,,0,0,0,0.00000,,0,0,0,0
2022-04-20,683.41942,427.45835,255.96107,0.00000,282,0,0,1,0.00000,0.00000,200.00000,0.00000,0,,0,0,0,0.00000,,0,0,0,0
2022-04-21,681.85527,425.89420,255.96107,0.00000,281,0,0,1,0.00000,0.00000,200.00000,0.00000,0,,0,0,0,0.00000,,0,0,0,0
2022-04-22,682.07872,426.11765,255.96107,0.00000,282,1,0,0,0.00000,0.00000,0.00000,0.00000,0,,0,0,0,0.00000,,0,0,0,0
2022-04-23,682.07872,426.11765,255.96107,0.00000,282,0,0,0,0.00000,0.00000,0.00000,0.00000,0,,0,0,0,0.00000,,0,0,0,0
2022-04-24,681.85527,425.89420,255.96107,0.00000,281,0,0,1,0.00000,0.00000,200.00000,0.00000,0,,0,0,0,0.00000,,0,0,0,0
2022-04-25,680.51458,424.55351,255.96107,0.00000,281,1,0,1,0.00000,0.00000,200.00000,0.00000,0,,0,0,0,0.00000,,0,0,0,0
2022-04-26,685.87736,429.91629,255.96107,0.00000,283,2,0,0,0.00000,0.00000,0.00000,0.00000,0,,0,0,0,0.00000,,0,0,0,0
2022-04-27,686.10081,430.13974,255.96107,0.00000,284,1,0,0,0.00000,0.00000,0.00000,0.00000,0,,0,0,0,0.00000,,0,0,0,0
2022-04-28,678.05664,430.36319,247.69345,0.00000,284,1,0,0,0.00000,0.00000,0.00000,0.00000,0,,0,0,0,0.00000,,0,0,0,0
2022-04-29,677.83319,430.36319,247.47000,0.00000,283,0,0,0,0.00000,0.00000,0.00000,0.00000,0,,0,0,0,0.00000,,0,0,0,0
2022-04-30,676.71594,429.91629,246.79965,0.00000,281,0,0,1,0.00000,0.00000,200.00000,0.00000,0,,0,0,0,0.00000,,0,0,0,0
2022-05-01,676.71594,429.91629,246.79965,0.00000,281,0,0,0,0.00000,0.00000,0.00000,0.00000,0,,0,0,0,0.00000,,0,0,0,0
2022-05-02,671.35316,424.55351,246.79965,400.00000,279,1,0,3,0.00000,0.00000,600.00000,400.00000,0,,10,180,270,0.00000,,0,0,0,0
2022-05-03,668.67177,421.87212,246.79965,400.00000,278,0,0,1,0.00000,0.00000,200.00000,400.00000,0,,1,20,30,0.00000,,0,0,0,0
2022-05-04,673.36420,426.56455,246.79965,1000.00000,280,2,0,0,20.00000,0.00000,0.00000,0.00000,9,,0,0,0,1000.00000,,20,3,120,360
2022-05-05,673.58765,426.78800,246.79965,1000.00000,281,1,0,0,30.00000,0.00000,0.00000,0.00000,1,,0,0,0,1000.00000,,30,3,120,360
2022-05-06,673.58765,426.78800,246.79965,1000.00000,281,0,0,0,37.00000,0.00000,0.00000,0.00000,0,,0,0,0,1000.00000,,37,3,120,360
2022-05-07,673.81110,427.01145,246.79965,500.00000,282,1,0,0,19.00000,0.00000,0.00000,0.00000,0,,0,0,0,500.00000,,19,1,30,120
2022-05-08,673.81110,427.01145,246.79965,0.00000,282,0,0,0,0.00000,0.00000,0.00000,0.00000,0,,0,0,0,0.00000,,0,0,0,0
2022-05-09,682.30217,435.50252,246.79965,0.00000,283,2,0,1,0.00000,0.00000,200.00000,0.00000,0,,0,0,0,0.00000,,0,0,0,0
2022-05-10,684.98356,438.18391,246.79965,0.00000,284,1,0,0,0.00000,0.00000,0.00000,0.00000,0,,0,0,0,0.00000,,0,0,0,0
2022-05-11,684.98356,438.18391,246.79965,0.00000,284,0,0,0,0.00000,0.00000,0.00000,0.00000,0,,0,0,0,0.00000,,0,0,0,0
2022-05-12,685.20701,437.96046,247.24655,0.00000,284,1,0,1,0.00000,0.00000,200.00000,0.00000,0,,0,0,0,0.00000,,0,0,0,0
2022-05-13,685.20701,438.40736,246.79965,0.00000,284,1,0,0,0.00000,0.00000,0.00000,0.00000,0,,0,0,0,0.00000,,0,0,0,0
2022-05-14,684.76011,437.96046,246.79965,0.00000,283,0,0,1,0.00000,0.00000,200.00000,0.00000,0,,0,0,0,0.00000,,0,0,0,0
2022-05-15,684.08977,437.96046,246.12931,0.00000,282,0,0,0,0.00000,0.00000,0.00000,0.00000,0,,0,0,0,0.00000,,0,0,0,0
2022-05-16,686.99461,440.86530,246.12931,0.00000,284,2,0,0,0.00000,0.00000,0.00000,0.00000,0,,0,0,0,0.00000,,0,0,0,0
2022-05-17,699.06086,452.93156,246.12931,0.00000,286,2,0,0,0.00000,0.00000,0.00000,0.00000,0,,0,0,0,0.00000,,0,0,0,0
2022-05-18,699.06086,452.93156,246.12931,0.00000,286,1,0,0,0.00000,0.00000,0.00000,0.00000,0,,0,0,0,0.00000,,0,0,0,0
2022-05-19,656.82896,411.14655,245.68241,3200.00000,270,1,16,0,0.00000,3200.00000,0.00000,0.00000,0,,0,0,0,0.00000,,0,0,0,0
2022-05-20,597.83837,352.15596,245.68241,4400.00000,249,1,22,0,0.00000,4400.00000,0.00000,0.00000,0,,0,0,0,0.00000,,0,0,0,0
2022-05-21,499.26002,251.60381,247.65621,6400.00000,220,3,32,0,0.00000,6400.00000,0.00000,0.00000,0,,0,0,0,0.00000,,0,0,0,0
2022-05-22,450.54810,211.15951,239.38859,3000.00000,203,0,15,1,0.00000,3000.00000,200.00000,0.00000,0,,0,0,0,0.00000,,0,0,0,0
2022-05-23,453.22949,213.84090,239.38859,0.00000,204,1,0,0,0.00000,0.00000,0.00000,0.00000,0,,0,0,0,0.00000,,0,0,0,0
2022-05-24,461.08745,223.67266,237.41479,0.00000,205,2,0,0,0.00000,0.00000,0.00000,0.00000,0,,0,0,0,0.00000,,0,0,0,0
2022-05-25,461.75780,223.67266,238.08514,0.00000,206,1,0,0,0.00000,0.00000,0.00000,0.00000,0,,0,0,0,0.00000,,0,0,0,0
2022-05-26,464.43919,226.35405,238.08514,0.00000,207,1,0,0,0.00000,0.00000,0.00000,0.00000,0,,0,0,0,0.00000,,0,0,0,0
2022-05-27,467.12058,229.03544,238.08514,0.00000,208,1,0,0,0.00000,0.00000,0.00000,0.00000,0,,0,0,0,0.00000,,0,0,0,0
2022-05-28,467.82817,231.71683,236.11133,0.00000,208,1,0,0,0.00000,0.00000,0.00000,0.00000,0,,0,0,0,0.00000,,0,0,0,0
2022-05-29,468.27507,231.71683,236.55823,0.00000,209,1,0,0,0.00000,0.00000,0.00000,0.00000,0,,0,0,0,0.00000,,0,0,0,0
2022-05-30,469.42955,234.39823,235.03133,0.00000,210,2,0,0,0.00000,0.00000,0.00000,0.00000,0,,0,0,0,0.00000,,0,0,0,0
2022-05-31,469.42955,234.39823,235.03133,0.00000,210,0,0,0,0.00000,0.00000,0.00000,0.00000,0,,0,0,0,0.00000,,0,0,0,0
2022-06-01,480.37857,245.34724,235.03133,0.00000,212,2,0,0,0.00000,0.00000,0.00000,0.00000,0,,0,0,0,0.00000,,0,0,0,0
2022-06-02,483.28341,248.25208,235.03133,0.00000,214,2,0,0,0.00000,0.00000,0.00000,0.00000,0,,0,0,0,0.00000,,0,0,0,0
2022-06-03,483.28341,248.25208,235.03133,0.00000,214,0,0,0,0.00000,0.00000,0.00000,0.00000,0,,0,0,0,0.00000,,0,0,0,0
2022-06-04,477.69718,250.93347,226.76371,0.00000,214,1,0,0,0.00000,0.00000,0.00000,0.00000,0,,0,0,0,0.00000,,0,0,0,0
2022-06-05,483.28341,256.51970,226.76371,0.00000,217,4,0,0,0.00000,0.00000,0.00000,0.00000,0,,0,0,0,0.00000,,0,0,0,0
2022-06-06,489.72619,260.98868,228.73751,0.00000,219,2,0,0,0.00000,0.00000,0.00000,0.00000,0,,0,0,0,0.00000,,0,0,0,0
2022-06-07,489.94964,261.21213,228.73751,0.00000,220,1,0,0,0.00000,0.00000,0.00000,0.00000,0,,0,0,0,0.00000,,0,0,0,0
2022-06-08,492.40758,263.89352,228.51406,0.00000,220,1,0,0,0.00000,0.00000,0.00000,0.00000,0,,0,0,0,0.00000,,0,0,0,0
2022-06-09,491.73723,263.89352,227.84371,0.00000,219,0,0,0,0.00000,0.00000,0.00000,0.00000,0,,0,0,0,0.00000,,0,0,0,0
2022-06-10,492.18413,263.89352,228.29061,0.00000,220,1,0,0,0.00000,0.00000,0.00000,0.00000,0,,0,0,0,0.00000,,0,0,0,0
2022-06-11,494.15793,263.89352,230.26441,0.00000,221,1,0,0,0.00000,0.00000,0.00000,0.00000,0,,0,0,0,0.00000,,0,0,0,0
2022-06-12,494.15793,263.89352,230.26441,0.00000,221,0,0,0,0.00000,0.00000,0.00000,0.00000,0,,0,0,0,0.00000,,0,0,0,0
2022-06-13,494.15793,263.89352,230.26441,0.00000,221,1,0,0,0.00000,0.00000,0.00000,0.00000,0,,0,0,0,0.00000,,0,0,0,0
2022-06-14,496.13174,263.89352,232.23821,0.00000,222,1,0,0,0.00000,0.00000,0.00000,0.00000,0,,0,0,0,0.00000,,0,0,0,0
2022-06-15,501.04762,268.36251,232.68511,0.00000,224,2,0,0,0.00000,0.00000,0.00000,0.00000,0,,0,0,0,0.00000,,0,0,0,0
2022-06-16,501.04762,268.36251,232.68511,0.00000,224,0,0,0,0.00000,0.00000,0.00000,0.00000,0,,0,0,0,0.00000,,0,0,0,0
2022-06-17,498.36623,265.68112,232.68511,0.00000,223,0,0,1,0.00000,0.00000,200.00000,0.00000,0,,0,0,0,0.00000,,0,0,0,0
2022-06-18,498.36623,265.68112,232.68511,0.00000,223,0,0,0,0.00000,0.00000,0.00000,0.00000,0,,0,0,0,0.00000,,0,0,0,0
2022-06-19,505.10695,265.68112,239.42583,0.00000,223,2,0,0,0.00000,0.00000,0.00000,0.00000,0,,0,0,0,0.00000,,0,0,0,0
2022-06-20,505.33039,265.90456,239.42583,0.00000,224,1,0,0,0.00000,0.00000,0.00000,0.00000,0,,0,0,0,0.00000,,0,0,0,0
2022-06-21,505.33039,265.90456,239.42583,0.00000,224,0,0,0,0.00000,0.00000,0.00000,0.00000,0,,0,0,0,0.00000,,0,0,0,0
2022-06-22,505.33039,265.90456,239.42583,0.00000,224,0,0,0,0.00000,0.00000,0.00000,0.00000,0,,0,0,0,0.00000,,0,0,0,0
2022-06-23,513.59802,273.72529,239.87273,0.00000,228,4,0,0,0.00000,0.00000,0.00000,0.00000,0,,0,0,0,0.00000,,0,0,0,0
2022-06-24,515.57182,273.72529,241.84653,0.00000,229,1,0,0,0.00000,0.00000,0.00000,0.00000,0,,0,0,0,0.00000,,0,0,0,0
2022-06-25,514.00767,272.16114,241.84653,0.00000,228,1,0,1,0.00000,0.00000,200.00000,0.00000,0,,0,0,0,0.00000,,0,0,0,0
2022-06-26,516.68906,274.84253,241.84653,0.00000,229,1,0,0,0.00000,0.00000,0.00000,0.00000,0,,0,0,0,0.00000,,0,0,0,0
2022-06-27,516.68906,274.84253,241.84653,0.00000,229,0,0,0,0.00000,0.00000,0.00000,0.00000,0,,0,0,0,0.00000,,0,0,0,0
2022-06-28,525.40358,283.55705,241.84653,0.00000,231,2,0,0,0.00000,0.00000,0.00000,0.00000,0,,0,0,0,0.00000,,0,0,0,0
2022-06-29,525.40358,283.55705,241.84653,0.00000,231,0,0,0,0.00000,0.00000,0.00000,0.00000,0,,0,0,0,0.00000,,0,0,0,0
2022-06-30,525.40358,283.55705,241.84653,0.00000,231,1,0,0,0.00000,0.00000,0.00000,0.00000,0,,0,0,0,0.00000,,0,0,0,0
2022-07-01,525.62703,283.55705,242.06998,0.00000,231,1,0,0,0.00000,0.00000,0.00000,0.00000,0,,0,0,0,0.00000,,0,0,0,0
2022-07-02,522.94564,280.87566,242.06998,0.00000,230,0,0,1,0.00000,0.00000,200.00000,0.00000,0,,0,0,0,0.00000,,0,0,0,0
2022-07-03,522.94564,280.87566,242.06998,0.00000,230,0,0,0,0.00000,0.00000,0.00000,0.00000,0,,0,0,0,0.00000,,0,0,0,0
2022-07-04,522.27529,280.87566,241.39963,0.00000,229,0,0,0,0.00000,0.00000,0.00000,0.00000,0,,0,0,0,0.00000,,0,0,0,0
2022-07-05,530.76636,281.09911,249.66725,0.00000,231,2,0,0,0.00000,0.00000,0.00000,0.00000,0,,0,0,0,0.00000,,0,0,0,0
2022-07-06,530.98981,281.32256,249.66725,0.00000,231,1,0,1,0.00000,0.00000,200.00000,0.00000,0,,0,0,0,0.00000,,0,0,0,0
2022-07-07,530.76636,281.09911,249.66725,0.00000,230,0,0,1,0.00000,0.00000,200.00000,0.00000,0,,0,0,0,0.00000,,0,0,0,0
2022-07-08,530.31946,280.65221,249.66725,0.00000,229,0,0,1,0.00000,0.00000,200.00000,0.00000,0,,0,0,0,0.00000,,0,0,0,0
2022-07-09,536.79949,287.57914,249.22035,0.00000,231,3,0,0,0.00000,0.00000,0.00000,0.00000,0,,0,0,0,0.00000,,0,0,0,0
2022-07-10,539.03398,290.26053,248.77346,0.00000,231,1,0,0,0.00000,0.00000,0.00000,0.00000,0,,0,0,0,0.00000,,0,0,0,0
2022-07-11,541.71537,292.94192,248.77346,0.00000,232,1,0,0,0.00000,0.00000,0.00000,0.00000,0,,0,0,0,0.00000,,0,0,0,0
2022-07-12,541.93882,292.94192,248.99690,0.00000,233,1,0,0,0.00000,0.00000,0.00000,0.00000,0,,0,0,0,0.00000,,0,0,0,0
2022-07-13,548.86575,299.19850,249.66725,0.00000,236,3,0,0,0.00000,0.00000,0.00000,0.00000,0,,0,0,0,0.00000,,0,0,0,0
2022-07-14,540.82158,299.42195,241.39963,0.00000,236,1,0,0,0.00000,0.00000,0.00000,0.00000,0,,0,0,0,0.00000,,0,0,0,0
2022-07-15,549.98300,299.64540,250.33760,0.00000,238,2,0,0,0.00000,0.00000,0.00000,0.00000,0,,0,0,0,0.00000,,0,0,0,0
2022-07-16,547.52505,297.18745,250.33760,0.00000,238,1,0,1,0.00000,0.00000,200.00000,0.00000,0,,0,0,0,0.00000,,0,0,0,0
2022-07-17,548.23264,299.86884,248.36380,0.00000,238,1,0,0,0.00000,0.00000,0.00000,0.00000,0,,0,0,0,0.00000,,0,0,0,0
2022-07-18,559.40510,302.55024,256.85487,0.00000,241,3,0,0,0.00000,0.00000,0.00000,0.00000,0,,0,0,0,0.00000,,0,0,0,0
2022-07-19,557.43130,302.55024,254.88107,0.00000,240,0,0,0,0.00000,0.00000,0.00000,0.00000,0,,0,0,0,0.00000,,0,0,0,0
2022-07-20,560.96925,304.11438,256.85487,0.00000,242,2,0,0,0.00000,0.00000,0.00000,0.00000,0,,0,0,0,0.00000,,0,0,0,0
2022-07-21,560.96925,304.11438,256.85487,0.00000,242,0,0,0,0.00000,0.00000,0.00000,0.00000,0,,0,0,0,0.00000,,0,0,0,0
2022-07-22,569.23687,312.38200,256.85487,0.00000,243,2,0,0,0.00000,0.00000,0.00000,0.00000,0,,0,0,0,0.00000,,0,0,0,0
2022-07-23,569.23687,312.38200,256.85487,0.00000,243,0,0,0,0.00000,0.00000,0.00000,0.00000,0,,0,0,0,0.00000,,0,0,0,0
2022-07-24,569.46032,312.60545,256.85487,0.00000,244,1,0,0,0.00000,0.00000,0.00000,0.00000,0,,0,0,0,0.00000,,0,0,0,0
2022-07-25,572.14171,315.28684,256.85487,0.00000,245,1,0,0,0.00000,0.00000,0.00000,0.00000,0,,0,0,0,0.00000,,0,0,0,0
2022-07-26,572.14171,315.28684,256.85487,0.00000,245,0,0,0,0.00000,0.00000,0.00000,0.00000,0,,0,0,0,0.00000,,0,0,0,0
2022-07-27,572.14171,315.28684,256.85487,0.00000,245,0,0,0,0.00000,0.00000,0.00000,0.00000,0,,0,0,0,0.00000,,0,0,0,0
2022-07-28,569.90722,313.05235,256.85487,0.00000,246,2,0,1,0.00000,0.00000,200.00000,0.00000,0,,0,0,0,0.00000,,0,0,0,0
2022-07-29,575.94035,319.08548,256.85487,0.00000,247,2,0,1,0.00000,0.00000,200.00000,0.00000,0,,0,0,0,0.00000,,0,0,0,0
2022-07-30,575.53069,320.64962,254.88107,0.00000,247,1,0,0,0.00000,0.00000,0.00000,0.00000,0,,0,0,0,0.00000,,0,0,0,0
2022-07-31,573.96654,319.08548,254.88107,0.00000,246,0,0,1,0.00000,0.00000,200.00000,0.00000,0,,0,0,0,0.00000,,0,0,0,0
2022-08-01,573.96654,319.08548,254.88107,0.00000,246,0,0,0,0.00000,0.00000,0.00000,0.00000,0,,0,0,0,0.00000,,0,0,0,0
2022-08-02,577.31828,321.99032,255.32797,0.00000,249,4,0,1,0.00000,0.00000,200.00000,0.00000,0,,0,0,0,0.00000,,0,0,0,0
2022-08-03,577.31828,321.99032,255.32797,0.00000,249,0,0,0,0.00000,0.00000,0.00000,0.00000,0,,0,0,0,0.00000,,0,0,0,0
2022-08-04,574.63689,319.30893,255.32797,0.00000,248,0,0,1,0.00000,0.00000,200.00000,0.00000,0,,0,0,0,0.00000,,0,0,0,0
2022-08-05,582.04796,328.24690,253.80106,0.00000,250,3,0,0,0.00000,0.00000,0.00000,0.00000,0,,0,0,0,0.00000,,0,0,0,0
2022-08-06,585.66039,333.83313,251.82726,0.00000,249,1,0,1,0.00000,0.00000,200.00000,0.00000,0,,0,0,0,0.00000,,0,0,0,0
2022-08-07,587.89488,336.51452,251.38036,0.00000,249,1,0,0,0.00000,0.00000,0.00000,0.00000,0,,0,0,0,0.00000,,0,0,0,0
2022-08-08,590.12937,339.19591,250.93346,0.00000,249,1,0,0,0.00000,0.00000,0.00000,0.00000,0,,0,0,0,0.00000,,0,0,0,0
2022-08-09,590.35282,339.41936,250.93346,0.00000,250,1,0,0,0.00000,0.00000,0.00000,0.00000,0,,0,0,0,0.00000,,0,0,0,0
2022-08-10,603.75977,352.82631,250.93346,0.00000,252,3,0,1,0.00000,0.00000,200.00000,0.00000,0,,0,0,0,0.00000,,0,0,0,0
2022-08-11,606.88806,355.28425,251.60381,0.00000,253,2,0,1,0.00000,0.00000,200.00000,0.00000,0,,0,0,0,0.00000,,0,0,0,0
2022-08-12,609.56945,357.96564,251.60381,0.00000,254,1,0,0,0.00000,0.00000,0.00000,0.00000,0,,0,0,0,0.00000,,0,0,0,0
2022-08-13,607.37220,358.41254,248.95966,0.00000,253,1,0,0,0.00000,0.00000,0.00000,0.00000,0,,0,0,0,0.00000,,0,0,0,0
2022-08-14,613.18188,364.22222,248.95966,0.00000,256,3,0,0,0.00000,0.00000,0.00000,0.00000,0,,0,0,0,0.00000,,0,0,0,0
2022-08-15,616.75707,367.12706,249.63001,0.00000,259,3,0,0,0.00000,0.00000,0.00000,0.00000,0,,0,0,0,0.00000,,0,0,0,0
2022-08-16,609.15980,367.12706,242.03274,0.00000,258,1,0,0,0.00000,0.00000,0.00000,0.00000,0,,0,0,0,0.00000,,0,0,0,0
2022-08-17,616.49638,372.48984,244.00654,0.00000,261,3,0,0,0.00000,0.00000,0.00000,0.00000,0,,0,0,0,0.00000,,0,0,0,0
2022-08-18,618.47018,372.48984,245.98034,0.00000,262,1,0,0,0.00000,0.00000,0.00000,0.00000,0,,0,0,0,0.00000,,0,0,0,0
2022-08-19,618.47018,372.48984,245.98034,0.00000,262,0,0,0,0.00000,0.00000,0.00000,0.00000,0,,0,0,0,0.00000,,0,0,0,0
2022-08-20,628.74884,375.17123,253.57761,0.00000,263,2,0,0,0.00000,0.00000,0.00000,0.00000,0,,0,0,0,0.00000,,0,0,0,0
2022-08-21,636.79302,383.88575,252.90727,0.00000,265,3,0,0,0.00000,0.00000,0.00000,0.00000,0,,0,0,0,0.00000,,0,0,0,0
2022-08-22,636.79302,383.88575,252.90727,0.00000,265,0,0,0,0.00000,0.00000,0.00000,0.00000,0,,0,0,0,0.00000,,0,0,0,0
2022-08-23,642.15580,389.24853,252.90727,0.00000,267,2,0,0,0.00000,0.00000,0.00000,0.00000,0,,0,0,0,0.00000,,0,0,0,0
2022-08-24,645.06064,392.15337,252.90727,0.00000,269,3,0,1,0.00000,0.00000,200.00000,0.00000,0,,0,0,0,0.00000,,0,0,0,0
2022-08-25,642.37925,389.47198,252.90727,0.00000,268,0,0,1,0.00000,0.00000,200.00000,0.00000,0,,0,0,0,0.00000,,0,0,0,0
2022-08-26,648.82203,393.94096,254.88107,0.00000,270,2,0,0,0.00000,0.00000,0.00000,0.00000,0,,0,0,0,0.00000,,0,0,0,0
2022-08-27,649.04548,394.16441,254.88107,0.00000,271,1,0,0,0.00000,0.00000,0.00000,0.00000,0,,0,0,0,0.00000,,0,0,0,0
2022-08-28,653.29102,398.40995,254.88107,0.00000,273,2,0,0,0.00000,0.00000,0.00000,0.00000,0,,0,0,0,0.00000,,0,0,0,0
2022-08-29,653.29102,398.40995,254.88107,0.00000,273,0,0,0,0.00000,0.00000,0.00000,0.00000,0,,0,0,0,0.00000,,0,0,0,0
2022-08-30,657.53655,402.65548,254.88107,0.00000,275,2,0,0,0.00000,0.00000,0.00000,0.00000,0,,0,0,0,0.00000,,0,0,0,0
2022-08-31,657.31310,402.65548,254.65762,400.00000,274,1,0,1,0.00000,0.00000,200.00000,400.00000,0,,10,180,270,0.00000,,0,0,0,0
2022-09-01,658.02069,405.33687,252.68382,400.00000,274,1,0,0,0.00000,0.00000,0.00000,400.00000,0,,1,20,30,0.00000,,0,0,0,0
2022-09-02,656.90344,404.44308,252.46037,1000.00000,272,1,0,2,25.00000,0.00000,400.00000,0.00000,9,,0,0,0,1000.00000,,25,3,120,360
2022-09-03,655.78620,404.21963,251.56657,1000.00000,269,0,0,1,19.00000,0.00000,200.00000,0.00000,1,,0,0,0,1000.00000,,19,3,120,360
2022-09-04,655.78620,404.21963,251.56657,1000.00000,269,0,0,0,29.00000,0.00000,0.00000,0.00000,0,,0,0,0,1000.00000,,29,3,120,360
2022-09-05,663.83037,412.26380,251.56657,500.00000,272,3,0,0,10.00000,0.00000,0.00000,0.00000,0,,0,0,0,500.00000,,10,1,30,120
2022-09-06,666.51176,414.94519,251.56657,0.00000,273,1,0,0,0.00000,0.00000,0.00000,0.00000,0,,0,0,0,0.00000,,0,0,0,0
2022-09-07,666.51176,414.94519,251.56657,0.00000,273,0,0,0,0.00000,0.00000,0.00000,0.00000,0,,0,0,0,0.00000,,0,0,0,0
2022-09-08,671.42764,419.86107,251.56657,0.00000,274,2,0,1,0.00000,0.00000,200.00000,0.00000,0,,0,0,0,0.00000,,0,0,0,0
2022-09-09,668.07591,416.50933,251.56657,0.00000,271,0,0,3,0.00000,0.00000,600.00000,0.00000,0,,0,0,0,0.00000,,0,0,0,0
2022-09-10,670.98075,419.41417,251.56657,0.00000,273,2,0,0,0.00000,0.00000,0.00000,0.00000,0,,0,0,0,0.00000,,0,0,0,0
2022-09-11,670.98075,419.41417,251.56657,0.00000,273,0,0,0,0.00000,0.00000,0.00000,0.00000,0,,0,0,0,0.00000,,0,0,0,0
2022-09-12,670.98075,419.41417,251.56657,0.00000,273,0,0,0,0.00000,0.00000,0.00000,0.00000,0,,0,0,0,0.00000,,0,0,0,0
2022-09-13,670.98075,419.41417,251.56657,0.00000,273,0,0,0,0.00000,0.00000,0.00000,0.00000,0,,0,0,0,0.00000,,0,0,0,0
2022-09-14,662.93657,419.63762,243.29895,0.00000,273,1,0,0,0.00000,0.00000,0.00000,0.00000,0,,0,0,0,0.00000,,0,0,0,0
2022-09-15,662.22898,425.89420,236.33478,0.00000,275,3,0,0,0.00000,0.00000,0.00000,0.00000,0,,0,0,0,0.00000,,0,0,0,0
2022-09-16,658.20690,431.25698,226.94992,0.00000,275,2,0,0,0.00000,0.00000,0.00000,0.00000,0,,0,0,0,0.00000,,0,0,0,0
2022-09-17,604.80254,377.85262,226.94992,4400.00000,253,0,22,0,0.00000,4400.00000,0.00000,0.00000,0,,0,0,0,0.00000,,0,0,0,0
2022-09-18,563.91133,336.51452,227.39681,3000.00000,238,1,15,1,0.00000,3000.00000,200.00000,0.00000,0,,0,0,0,0.00000,,0,0,0,0
2022-09-19,487.26825,259.87144,227.39681,4000.00000,218,0,20,0,0.00000,4000.00000,0.00000,0.00000,0,,0,0,0,0.00000,,0,0,0,0
2022-09-20,463.32194,242.21895,221.10299,1400.00000,213,3,7,0,0.00000,1400.00000,0.00000,0.00000,0,,0,0,0,0.00000,,0,0,0,0
2022-09-21,465.55643,244.45344,221.10299,0.00000,216,3,0,0,0.00000,0.00000,0.00000,0.00000,0,,0,0,0,0.00000,,0,0,0,0
2022-09-22,465.55643,244.45344,221.10299,0.00000,216,0,0,0,0.00000,0.00000,0.00000,0.00000,0,,0,0,0,0.00000,,0,0,0,0
2022-09-23,465.55643,244.45344,221.10299,0.00000,216,0,0,0,0.00000,0.00000,0.00000,0.00000,0,,0,0,0,0.00000,,0,0,0,0
2022-09-24,465.55643,244.45344,221.10299,0.00000,216,0,0,0,0.00000,0.00000,0.00000,0.00000,0,,0,0,0,0.00000,,0,0,0,0
2022-09-25,466.00333,244.45344,221.54989,0.00000,217,1,0,0,0.00000,0.00000,0.00000,0.00000,0,,0,0,0,0.00000,,0,0,0,0
2022-09-26,466.22678,244.67689,221.54989,0.00000,218,1,0,0,0.00000,0.00000,0.00000,0.00000,0,,0,0,0,0.00000,,0,0,0,0
2022-09-27,466.22678,244.67689,221.54989,0.00000,218,0,0,0,0.00000,0.00000,0.00000,0.00000,0,,0,0,0,0.00000,,0,0,0,0
2022-09-28,465.77988,244.22999,221.54989,0.00000,217,0,0,1,0.00000,0.00000,200.00000,0.00000,0,,0,0,0,0.00000,,0,0,0,0
2022-09-29,465.77988,244.22999,221.54989,0.00000,217,0,0,0,0.00000,0.00000,0.00000,0.00000,0,,0,0,0,0.00000,,0,0,0,0
2022-09-30,466.00333,244.45344,221.54989,0.00000,218,1,0,0,0.00000,0.00000,0.00000,0.00000,0,,0,0,0,0.00000,,0,0,0,0
2022-10-01,481.60754,258.08384,223.52369,0.00000,222,4,0,0,0.00000,0.00000,0.00000,0.00000,0,,0,0,0,0.00000,,0,0,0,0
2022-10-02,479.41029,257.86039,221.54989,0.00000,220,0,0,1,0.00000,0.00000,200.00000,0.00000,0,,0,0,0,0.00000,,0,0,0,0
2022-10-03,482.31513,260.76523,221.54989,0.00000,222,2,0,0,0.00000,0.00000,0.00000,0.00000,0,,0,0,0,0.00000,,0,0,0,0
2022-10-04,484.28893,260.76523,223.52369,0.00000,223,2,0,1,0.00000,0.00000,200.00000,0.00000,0,,0,0,0,0.00000,,0,0,0,0
2022-10-05,486.03928,260.76523,225.27405,0.00000,223,1,0,0,0.00000,0.00000,0.00000,0.00000,0,,0,0,0,0.00000,,0,0,0,0
2022-10-06,486.03928,260.76523,225.27405,0.00000,223,0,0,0,0.00000,0.00000,0.00000,0.00000,0,,0,0,0,0.00000,,0,0,0,0
2022-10-07,489.20481,266.57491,222.62990,0.00000,221,1,0,1,0.00000,0.00000,200.00000,0.00000,0,,0,0,0,0.00000,,0,0,0,0
2022-10-08,492.10965,269.25630,222.85335,0.00000,223,2,0,0,0.00000,0.00000,0.00000,0.00000,0,,0,0,0,0.00000,,0,0,0,0
2022-10-09,492.10965,269.25630,222.85335,0.00000,223,0,0,0,0.00000,0.00000,0.00000,0.00000,0,,0,0,0,0.00000,,0,0,0,0
2022-10-10,497.47243,274.61908,222.85335,0.00000,225,2,0,0,0.00000,0.00000,0.00000,0.00000,0,,0,0,0,0.00000,,0,0,0,0
2022-10-11,505.74005,283.33360,222.40645,0.00000,226,2,0,0,0.00000,0.00000,0.00000,0.00000,0,,0,0,0,0.00000,,0,0,0,0
2022-10-12,507.71385,283.33360,224.38025,0.00000,227,2,0,1,0.00000,0.00000,200.00000,0.00000,0,,0,0,0,0.00000,,0,0,0,0
2022-10-13,507.71385,283.33360,224.38025,0.00000,227,0,0,0,0.00000,0.00000,0.00000,0.00000,0,,0,0,0,0.00000,,0,0,0,0
2022-10-14,507.71385,283.33360,224.38025,0.00000,227,0,0,0,0.00000,0.00000,0.00000,0.00000,0,,0,0,0,0.00000,,0,0,0,0
2022-10-15,509.72490,286.01499,223.70990,0.00000,226,1,0,0,0.00000,0.00000,0.00000,0.00000,0,,0,0,0,0.00000,,0,0,0,0
2022-10-16,509.94835,286.23844,223.70990,0.00000,227,1,0,0,0.00000,0.00000,0.00000,0.00000,0,,0,0,0,0.00000,,0,0,0,0
2022-10-17,513.07663,289.14328,223.93335,0.00000,230,3,0,0,0.00000,0.00000,0.00000,0.00000,0,,0,0,0,0.00000,,0,0,0,0
2022-10-18,515.75802,291.82467,223.93335,0.00000,231,1,0,0,0.00000,0.00000,0.00000,0.00000,0,,0,0,0,0.00000,,0,0,0,0
2022-10-19,520.15253,292.27157,227.88095,0.00000,234,3,0,0,0.00000,0.00000,0.00000,0.00000,0,,0,0,0,0.00000,,0,0,0,0
2022-10-20,520.15253,292.27157,227.88095,0.00000,234,0,0,0,0.00000,0.00000,0.00000,0.00000,0,,0,0,0,0.00000,,0,0,0,0
2022-10-21,524.62151,296.74056,227.88095,0.00000,235,1,0,0,0.00000,0.00000,0.00000,0.00000,0,,0,0,0,0.00000,,0,0,0,0
2022-10-22,525.29186,296.74056,228.55130,0.00000,236,1,0,0,0.00000,0.00000,0.00000,0.00000,0,,0,0,0,0.00000,,0,0,0,0
2022-10-23,525.73876,297.18745,228.55130,0.00000,238,2,0,0,0.00000,0.00000,0.00000,0.00000,0,,0,0,0,0.00000,,0,0,0,0
2022-10-24,529.76084,301.65644,228.10440,0.00000,238,1,0,0,0.00000,0.00000,0.00000,0.00000,0,,0,0,0,0.00000,,0,0,0,0
2022-10-25,529.76084,301.65644,228.10440,0.00000,238,0,0,0,0.00000,0.00000,0.00000,0.00000,0,,0,0,0,0.00000,,0,0,0,0
2022-10-26,532.44223,304.33783,228.10440,0.00000,239,1,0,0,0.00000,0.00000,0.00000,0.00000,0,,0,0,0,0.00000,,0,0,0,0
2022-10-27,534.86293,304.11438,230.74855,0.00000,240,2,0,1,0.00000,0.00000,200.00000,0.00000,0,,0,0,0,0.00000,,0,0,0,0
2022-10-28,537.54432,306.79577,230.74855,0.00000,241,1,0,0,0.00000,0.00000,0.00000,0.00000,0,,0,0,0,0.00000,,0,0,0,0
2022-10-29,537.32087,306.57232,230.74855,0.00000,240,0,0,1,0.00000,0.00000,200.00000,0.00000,0,,0,0,0,0.00000,,0,0,0,0
2022-10-30,537.32087,306.57232,230.74855,0.00000,240,0,0,0,0.00000,0.00000,0.00000,0.00000,0,,0,0,0,0.00000,,0,0,0,0
2022-10-31,537.32087,306.57232,230.74855,0.00000,240,0,0,0,0.00000,0.00000,0.00000,0.00000,0,,0,0,0,0.00000,,0,0,0,0
2022-11-01,537.54432,306.79577,230.74855,0.00000,241,1,0,0,0.00000,0.00000,0.00000,0.00000,0,,0,0,0,0.00000,,0,0,0,0
2022-11-02,537.54432,306.79577,230.74855,0.00000,241,0,0,0,0.00000,0.00000,0.00000,0.00000,0,,0,0,0,0.00000,,0,0,0,0
2022-11-03,544.88091,312.15855,232.72235,0.00000,244,3,0,0,0.00000,0.00000,0.00000,0.00000,0,,0,0,0,0.00000,,0,0,0,0
2022-11-04,542.64641,309.92406,232.72235,0.00000,244,1,0,1,0.00000,0.00000,200.00000,0.00000,0,,0,0,0,0.00000,,0,0,0,0
2022-11-05,545.55125,312.82890,232.72235,0.00000,246,2,0,0,0.00000,0.00000,0.00000,0.00000,0,,0,0,0,0.00000,,0,0,0,0
2022-11-06,544.88091,312.82890,232.05201,0.00000,245,0,0,0,0.00000,0.00000,0.00000,0.00000,0,,0,0,0,0.00000,,0,0,0,0
2022-11-07,553.81887,312.82890,240.98997,0.00000,246,1,0,0,0.00000,0.00000,0.00000,0.00000,0,,0,0,0,0.00000,,0,0,0,0
2022-11-08,553.37198,312.82890,240.54308,0.00000,245,0,0,0,0.00000,0.00000,0.00000,0.00000,0,,0,0,0,0.00000,,0,0,0,0
2022-11-09,553.37198,312.82890,240.54308,0.00000,245,0,0,0,0.00000,0.00000,0.00000,0.00000,0,,0,0,0,0.00000,,0,0,0,0
2022-11-10,551.80783,311.26475,240.54308,0.00000,244,0,0,1,0.00000,0.00000,200.00000,0.00000,0,,0,0,0,0.00000,,0,0,0,0
2022-11-11,553.78163,311.26475,242.51688,0.00000,245,1,0,0,0.00000,0.00000,0.00000,0.00000,0,,0,0,0,0.00000,,0,0,0,0
2022-11-12,553.33473,310.81786,242.51688,0.00000,244,0,0,1,0.00000,0.00000,200.00000,0.00000,0,,0,0,0,0.00000,,0,0,0,0
2022-11-13,554.00508,310.81786,243.18723,0.00000,244,1,0,0,0.00000,0.00000,0.00000,0.00000,0,,0,0,0,0.00000,,0,0,0,0
2022-11-14,570.54032,327.35310,243.18723,0.00000,249,5,0,0,0.00000,0.00000,0.00000,0.00000,0,,0,0,0,0.00000,,0,0,0,0
2022-11-15,570.54032,327.35310,243.18723,0.00000,249,0,0,0,0.00000,0.00000,0.00000,0.00000,0,,0,0,0,0.00000,,0,0,0,0
2022-11-16,561.60236,327.35310,234.24926,0.00000,248,0,0,0,0.00000,0.00000,0.00000,0.00000,0,,0,0,0,0.00000,,0,0,0,0
2022-11-17,566.51824,331.82208,234.69616,0.00000,250,2,0,0,0.00000,0.00000,0.00000,0.00000,0,,0,0,0,0.00000,,0,0,0,0
2022-11-18,568.52928,334.50347,234.02581,0.00000,250,1,0,0,0.00000,0.00000,0.00000,0.00000,0,,0,0,0,0.00000,,0,0,0,0
2022-11-19,581.93623,338.97246,242.96378,0.00000,252,2,0,0,0.00000,0.00000,0.00000,0.00000,0,,0,0,0,0.00000,,0,0,0,0
2022-11-20,582.38313,338.97246,243.41067,0.00000,253,1,0,0,0.00000,0.00000,0.00000,0.00000,0,,0,0,0,0.00000,,0,0,0,0
2022-11-21,582.60658,339.19591,243.41067,0.00000,254,1,0,0,0.00000,0.00000,0.00000,0.00000,0,,0,0,0,0.00000,,0,0,0,0
2022-11-22,590.87420,347.46353,243.41067,0.00000,255,1,0,0,0.00000,0.00000,0.00000,0.00000,0,,0,0,0,0.00000,,0,0,0,0
2022-11-23,590.01765,349.02767,240.98997,0.00000,254,1,0,0,0.00000,0.00000,0.00000,0.00000,0,,0,0,0,0.00000,,0,0,0,0
2022-11-24,590.01765,349.02767,240.98997,0.00000,254,0,0,0,0.00000,0.00000,0.00000,0.00000,0,,0,0,0,0.00000,,0,0,0,0
2022-11-25,587.33626,346.34628,240.98997,0.00000,253,0,0,1,0.00000,0.00000,200.00000,0.00000,0,,0,0,0,0.00000,,0,0,0,0
2022-11-26,587.33626,346.34628,240.98997,0.00000,253,0,0,0,0.00000,0.00000,0.00000,0.00000,0,,0,0,0,0.00000,,0,0,0,0
2022-11-27,586.66591,346.34628,240.31963,0.00000,252,0,0,0,0.00000,0.00000,0.00000,0.00000,0,,0,0,0,0.00000,,0,0,0,0
2022-11-28,588.86316,346.34628,242.51688,0.00000,254,2,0,0,0.00000,0.00000,0.00000,0.00000,0,,0,0,0,0.00000,,0,0,0,0
2022-11-29,589.08661,346.56973,242.51688,0.00000,255,1,0,0,0.00000,0.00000,0.00000,0.00000,0,,0,0,0,0.00000,,0,0,0,0
2022-11-30,589.08661,346.56973,242.51688,0.00000,255,0,0,0,0.00000,0.00000,0.00000,0.00000,0,,0,0,0,0.00000,,0,0,0,0
2022-12-01,588.86316,346.34628,242.51688,0.00000,254,0,0,1,0.00000,0.00000,200.00000,0.00000,0,,0,0,0,0.00000,,0,0,0,0
2022-12-02,588.86316,346.34628,242.51688,0.00000,254,0,0,0,0.00000,0.00000,0.00000,0.00000,0,,0,0,0,0.00000,,0,0,0,0
2022-12-03,591.54455,349.02767,242.51688,0.00000,255,1,0,0,0.00000,0.00000,0.00000,0.00000,0,,0,0,0,0.00000,,0,0,0,0
2022-12-04,591.54455,349.02767,242.51688,0.00000,255,0,0,0,0.00000,0.00000,0.00000,0.00000,0,,0,0,0,0.00000,,0,0,0,0
2022-12-05,592.21490,349.69802,242.51688,0.00000,257,2,0,0,0.00000,0.00000,0.00000,0.00000,0,,0,0,0,0.00000,,0,0,0,0
2022-12-06,594.63560,350.14492,244.49068,0.00000,259,2,0,0,0.00000,0.00000,0.00000,0.00000,0,,0,0,0,0.00000,,0,0,0,0
2022-12-07,597.31699,352.82631,244.49068,0.00000,260,1,0,0,0.00000,0.00000,0.00000,0.00000,0,,0,0,0,0.00000,,0,0,0,0
2022-12-08,598.88113,354.39045,244.49068,0.00000,261,2,0,1,0.00000,0.00000,200.00000,0.00000,0,,0,0,0,0.00000,,0,0,0,0
2022-12-09,601.33907,357.29529,244.04378,0.00000,262,2,0,0,0.00000,0.00000,0.00000,0.00000,0,,0,0,0,0.00000,,0,0,0,0
2022-12-10,607.37220,363.32842,244.04378,0.00000,263,1,0,0,0.00000,0.00000,0.00000,0.00000,0,,0,0,0,0.00000,,0,0,0,0
2022-12-11,607.37220,363.32842,244.04378,0.00000,263,0,0,0,0.00000,0.00000,0.00000,0.00000,0,,0,0,0,0.00000,,0,0,0,0
2022-12-12,607.37220,363.32842,244.04378,0.00000,263,0,0,0,0.00000,0.00000,0.00000,0.00000,0,,0,0,0,0.00000,,0,0,0,0
2022-12-13,607.37220,363.32842,244.04378,0.00000,263,0,0,0,0.00000,0.00000,0.00000,0.00000,0,,0,0,0,0.00000,,0,0,0,0
2022-12-14,607.37220,363.32842,244.04378,0.00000,263,0,0,0,0.00000,0.00000,0.00000,0.00000,0,,0,0,0,0.00000,,0,0,0,0
2022-12-15,619.66191,368.02086,251.64105,0.00000,265,3,0,0,0.00000,0.00000,0.00000,0.00000,0,,0,0,0,0.00000,,0,0,0,0
2022-12-16,621.22605,369.58500,251.64105,0.00000,266,1,0,0,0.00000,0.00000,0.00000,0.00000,0,,0,0,0,0.00000,,0,0,0,0
2022-12-17,626.58883,374.94778,251.64105,0.00000,268,2,0,0,0.00000,0.00000,0.00000,0.00000,0,,0,0,0,0.00000,,0,0,0,0
2022-12-18,628.56264,374.94778,253.61486,0.00000,269,1,0,0,0.00000,0.00000,0.00000,0.00000,0,,0,0,0,0.00000,,0,0,0,0
2022-12-19,628.56264,374.94778,253.61486,0.00000,269,0,0,0,0.00000,0.00000,0.00000,0.00000,0,,0,0,0,0.00000,,0,0,0,0
2022-12-20,626.81228,374.94778,251.86450,0.00000,269,1,0,0,0.00000,0.00000,0.00000,0.00000,0,,0,0,0,0.00000,,0,0,0,0
2022-12-21,626.81228,374.94778,251.86450,0.00000,269,0,0,0,0.00000,0.00000,0.00000,0.00000,0,,0,0,0,0.00000,,0,0,0,0
2022-12-22,629.04678,377.18227,251.86450,0.00000,269,1,0,1,0.00000,0.00000,200.00000,0.00000,0,,0,0,0,0.00000,,0,0,0,0
2022-12-23,633.70197,379.86366,253.83830,0.00000,271,2,0,0,0.00000,0.00000,0.00000,0.00000,0,,0,0,0,0.00000,,0,0,0,0
2022-12-24,634.14887,380.31056,253.83830,0.00000,272,2,0,0,0.00000,0.00000,0.00000,0.00000,0,,0,0,0,0.00000,,0,0,0,0
2022-12-25,640.59165,384.77955,255.81211,0.00000,274,3,0,1,0.00000,0.00000,200.00000,0.00000,0,,0,0,0,0.00000,,0,0,0,0
2022-12-26,643.04959,387.23749,255.81211,0.00000,274,1,0,1,0.00000,0.00000,200.00000,0.00000,0,,0,0,0,0.00000,,0,0,0,0
2022-12-27,653.29102,395.50511,257.78591,0.00000,276,2,0,0,0.00000,0.00000,0.00000,0.00000,0,,0,0,0,0.00000,,0,0,0,0
2022-12-28,657.76000,399.97409,257.78591,0.00000,277,1,0,0,0.00000,0.00000,0.00000,0.00000,0,,0,0,0,0.00000,,0,0,0,0
2022-12-29,657.76000,399.97409,257.78591,0.00000,277,0,0,0,0.00000,0.00000,0.00000,0.00000,0,,0,0,0,0.00000,,0,0,0,0
2022-12-30,657.76000,399.97409,257.78591,0.00000,277,0,0,0,0.00000,0.00000,0.00000,0.00000,0,,0,0,0,0.00000,,0,0,0,0
2022-12-31,660.85105,401.09134,259.75971,0.00000,278,2,0,1,0.00000,0.00000,200.00000,0.00000,0,,0,0,0,0.00000,,0,0,0,0
