Date,Daily Emissions (Kg Methane),Daily Mitigable Emissions (Kg Methane),Daily Non-Mitigable Emissions (Kg Methane),Daily Cost ($),Active Leaks,New Leaks,Leaks Repaired,Leaks Naturally Repaired,Leaks Tagged,Daily Repair Cost ($),Daily Natural Repair Cost ($),truck Deployment Cost ($),truck Sites flagged for Follow-Up,truck Leaks tagged for repair,truck Sites Visited,truck Travel Time (Minutes),truck Survey Time (Minutes),OGI_FU_persitehigh Deployment Cost ($),OGI_FU_persitehigh Sites flagged for Follow-Up,OGI_FU_persitehigh Leaks tagged for repair,OGI_FU_persitehigh Sites Visited,OGI_FU_persitehigh Travel Time (Minutes),OGI_FU_persitehigh Survey Time (Minutes)
2022-01-01,1034.30917,854.02289,180.28627,400.00000,390,391,0,1,0.00000,0.00000,200.00000,400.00000,0,,10,180,270,0.00000,,0,0,0,0
2022-01-02,1034.30917,854.02289,180.28627,400.00000,390,1,0,1,0.00000,0.00000,200.00000,400.00000,0,,1,20,30,0.00000,,0,0,0,0
2022-01-03,1034.75607,854.46979,180.28627,5512.00000,392,2,0,0,68.00000,0.00000,0.00000,0.00000,9,,0,0,0,5512.00000,,68,3,120,360
2022-01-04,1043.02369,862.73741,180.28627,5512.00000,393,1,0,0,86.00000,0.00000,0.00000,0.00000,1,,0,0,0,5512.00000,,86,3,120,360
2022-01-05,1051.29131,862.73741,188.55389,5512.00000,394,1,0,0,84.00000,0.00000,0.00000,0.00000,0,,0,0,0,5512.00000,,84,3,120,360
2022-01-06,1051.29131,862.96086,188.33044,2756.00000,394,1,0,0,23.00000,0.00000,0.00000,0.00000,0,,0,0,0,2756.00000,,23,1,30,120
2022-01-07,1051.29131,862.96086,188.33044,0.00000,394,0,0,0,0.00000,0.00000,0.00000,0.00000,0,,0,0,0,0.00000,,0,0,0,0
2022-01-08,1050.84441,862.96086,187.88355,0.00000,393,0,0,0,0.00000,0.00000,0.00000,0.00000,0,,0,0,0,0.00000,,0,0,0,0
2022-01-09,1058.66513,871.22848,187.43665,0.00000,393,1,0,0,0.00000,0.00000,0.00000,0.00000,0,,0,0,0,0.00000,,0,0,0,0
2022-01-10,1058.66513,871.22848,187.43665,0.00000,393,0,0,0,0.00000,0.00000,0.00000,0.00000,0,,0,0,0,0.00000,,0,0,0,0
2022-01-11,1062.68722,875.25057,187.43665,0.00000,394,2,0,1,0.00000,0.00000,200.00000,0.00000,0,,0,0,0,0.00000,,0,0,0,0
2022-01-12,1063.35756,875.25057,188.10699,0.00000,395,1,0,0,0.00000,0.00000,0.00000,0.00000,0,,0,0,0,0.00000,,0,0,0,0
2022-01-13,1068.72035,880.61335,188.10699,0.00000,397,2,0,0,0.00000,0.00000,0.00000,0.00000,0,,0,0,0,0.00000,,0,0,0,0
2022-01-14,1068.72035,880.61335,188.10699,0.00000,397,0,0,0,0.00000,0.00000,0.00000,0.00000,0,,0,0,0,0.00000,,0,0,0,0
2022-01-15,1068.72035,880.61335,188.10699,0.00000,397,0,0,0,0.00000,0.00000,0.00000,0.00000,0,,0,0,0,0.00000,,0,0,0,0
2022-01-16,1071.40174,883.29474,188.10699,0.00000,398,1,0,0,0.00000,0.00000,0.00000,0.00000,0,,0,0,0,0.00000,,0,0,0,0
2022-01-17,1082.35075,894.24375,188.10699,0.00000,400,2,0,0,0.00000,0.00000,0.00000,0.00000,0,,0,0,0,0.00000,,0,0,0,0
2022-01-18,879.45886,691.35187,188.10699,12000.00000,340,0,60,0,0.00000,12000.00000,0.00000,0.00000,0,,0,0,0,0.00000,,0,0,0,0
2022-01-19,628.52540,449.35637,179.16903,14800.00000,265,0,74,0,0.00000,14800.00000,0.00000,0.00000,0,,0,0,0,0.00000,,0,0,0,0
2022-01-20,322.39997,143.23095,179.16903,15600.00000,188,1,78,0,0.00000,15600.00000,0.00000,0.00000,0,,0,0,0,0.00000,,0,0,0,0
2022-01-21,235.03133,56.08575,178.94558,4400.00000,165,0,22,0,0.00000,4400.00000,0.00000,0.00000,0,,0,0,0,0.00000,,0,0,0,0
2022-01-22,244.63965,64.57682,180.06282,0.00000,169,4,0,0,0.00000,0.00000,0.00000,0.00000,0,,0,0,0,0.00000,,0,0,0,0
2022-01-23,244.63965,64.57682,180.06282,0.00000,169,0,0,0,0.00000,0.00000,0.00000,0.00000,0,,0,0,0,0.00000,,0,0,0,0
2022-01-24,244.41620,64.57682,179.83937,0.00000,168,0,0,0,0.00000,0.00000,0.00000,0.00000,0,,0,0,0,0.00000,,0,0,0,0
2022-01-25,254.91831,66.14097,188.77734,0.00000,170,2,0,0,0.00000,0.00000,0.00000,0.00000,0,,0,0,0,0.00000,,0,0,0,0
2022-01-26,254.91831,66.14097,188.77734,0.00000,170,0,0,0,0.00000,0.00000,0.00000,0.00000,0,,0,0,0,0.00000,,0,0,0,0
2022-01-27,254.91831,66.14097,188.77734,0.00000,170,0,0,0,0.00000,0.00000,0.00000,0.00000,0,,0,0,0,0.00000,,0,0,0,0
2022-01-28,254.91831,66.14097,188.77734,0.00000,170,1,0,1,0.00000,0.00000,200.00000,0.00000,0,,0,0,0,0.00000,,0,0,0,0
2022-01-29,263.18593,74.40859,188.77734,0.00000,171,1,0,0,0.00000,0.00000,0.00000,0.00000,0,,0,0,0,0.00000,,0,0,0,0
2022-01-30,266.46319,74.40859,192.05460,0.00000,172,2,0,0,0.00000,0.00000,0.00000,0.00000,0,,0,0,0,0.00000,,0,0,0,0
2022-01-31,268.92113,76.86653,192.05460,0.00000,172,1,0,1,0.00000,0.00000,200.00000,0.00000,0,,0,0,0,0.00000,,0,0,0,0
2022-02-01,270.48527,78.43067,192.05460,0.00000,173,1,0,0,0.00000,0.00000,0.00000,0.00000,0,,0,0,0,0.00000,,0,0,0,0
2022-02-02,270.48527,78.43067,192.05460,0.00000,173,0,0,0,0.00000,0.00000,0.00000,0.00000,0,,0,0,0,0.00000,,0,0,0,0
2022-02-03,272.23562,78.43067,193.80495,0.00000,173,1,0,0,0.00000,0.00000,0.00000,0.00000,0,,0,0,0,0.00000,,0,0,0,0
2022-02-04,272.23562,78.43067,193.80495,0.00000,173,0,0,0,0.00000,0.00000,0.00000,0.00000,0,,0,0,0,0.00000,,0,0,0,0
2022-02-05,272.23562,78.43067,193.80495,0.00000,173,0,0,0,0.00000,0.00000,0.00000,0.00000,0,,0,0,0,0.00000,,0,0,0,0
2022-02-06,281.62049,87.36864,194.25185,0.00000,176,3,0,0,0.00000,0.00000,0.00000,0.00000,0,,0,0,0,0.00000,,0,0,0,0
2022-02-07,278.00806,90.05003,187.95803,0.00000,177,2,0,0,0.00000,0.00000,0.00000,0.00000,0,,0,0,0,0.00000,,0,0,0,0
2022-02-08,280.91290,92.95487,187.95803,0.00000,179,2,0,0,0.00000,0.00000,0.00000,0.00000,0,,0,0,0,0.00000,,0,0,0,0
2022-02-09,275.32667,95.63626,179.69041,0.00000,179,1,0,0,0.00000,0.00000,0.00000,0.00000,0,,0,0,0,0.00000,,0,0,0,0
2022-02-10,284.74878,107.03217,177.71661,0.00000,181,3,0,0,0.00000,0.00000,0.00000,0.00000,0,,0,0,0,0.00000,,0,0,0,0
2022-02-11,276.25771,106.58528,169.67243,0.00000,180,1,0,1,0.00000,0.00000,200.00000,0.00000,0,,0,0,0,0.00000,,0,0,0,0
2022-02-12,287.20672,117.08739,170.11933,0.00000,182,3,0,1,0.00000,0.00000,200.00000,0.00000,0,,0,0,0,0.00000,,0,0,0,0
2022-02-13,295.92124,116.86394,179.05730,0.00000,182,1,0,1,0.00000,0.00000,200.00000,0.00000,0,,0,0,0,0.00000,,0,0,0,0
2022-02-14,295.02744,116.64049,178.38695,0.00000,180,0,0,1,0.00000,0.00000,200.00000,0.00000,0,,0,0,0,0.00000,,0,0,0,0
2022-02-15,297.70883,119.32188,178.38695,0.00000,181,1,0,0,0.00000,0.00000,0.00000,0.00000,0,,0,0,0,0.00000,,0,0,0,0
2022-02-16,297.48539,119.09843,178.38695,0.00000,180,0,0,1,0.00000,0.00000,200.00000,0.00000,0,,0,0,0,0.00000,,0,0,0,0
2022-02-17,297.48539,119.09843,178.38695,0.00000,180,0,0,0,0.00000,0.00000,0.00000,0.00000,0,,0,0,0,0.00000,,0,0,0,0
2022-02-18,302.84817,124.46121,178.38695,0.00000,182,2,0,0,0.00000,0.00000,0.00000,0.00000,0,,0,0,0,0.00000,,0,0,0,0
2022-02-19,305.52956,127.14260,178.38695,0.00000,183,1,0,0,0.00000,0.00000,0.00000,0.00000,0,,0,0,0,0.00000,,0,0,0,0
2022-02-20,306.64680,128.70675,177.94006,0.00000,183,1,0,0,0.00000,0.00000,0.00000,0.00000,0,,0,0,0,0.00000,,0,0,0,0
2022-02-21,306.64680,128.70675,177.94006,0.00000,183,0,0,0,0.00000,0.00000,0.00000,0.00000,0,,0,0,0,0.00000,,0,0,0,0
2022-02-22,306.64680,128.70675,177.94006,0.00000,183,0,0,0,0.00000,0.00000,0.00000,0.00000,0,,0,0,0,0.00000,,0,0,0,0
2022-02-23,306.64680,128.70675,177.94006,0.00000,183,0,0,0,0.00000,0.00000,0.00000,0.00000,0,,0,0,0,0.00000,,0,0,0,0
2022-02-24,306.42335,128.48330,177.94006,0.00000,182,0,0,1,0.00000,0.00000,200.00000,0.00000,0,,0,0,0,0.00000,,0,0,0,0
2022-02-25,306.42335,128.48330,177.94006,0.00000,182,0,0,0,0.00000,0.00000,0.00000,0.00000,0,,0,0,0,0.00000,,0,0,0,0
2022-02-26,306.42335,128.48330,177.94006,0.00000,182,0,0,0,0.00000,0.00000,0.00000,0.00000,0,,0,0,0,0.00000,,0,0,0,0
2022-02-27,309.10474,131.16469,177.94006,0.00000,183,1,0,0,0.00000,0.00000,0.00000,0.00000,0,,0,0,0,0.00000,,0,0,0,0
2022-02-28,308.65785,130.71779,177.94006,0.00000,181,0,0,2,0.00000,0.00000,400.00000,0.00000,0,,0,0,0,0.00000,,0,0,0,0
2022-03-01,308.65785,130.71779,177.94006,0.00000,181,0,0,0,0.00000,0.00000,0.00000,0.00000,0,,0,0,0,0.00000,,0,0,0,0
2022-03-02,300.39022,130.71779,169.67243,0.00000,180,0,0,0,0.00000,0.00000,0.00000,0.00000,0,,0,0,0,0.00000,,0,0,0,0
2022-03-03,300.83712,130.71779,170.11933,0.00000,181,1,0,0,0.00000,0.00000,0.00000,0.00000,0,,0,0,0,0.00000,,0,0,0,0
2022-03-04,300.83712,130.71779,170.11933,0.00000,181,0,0,0,0.00000,0.00000,0.00000,0.00000,0,,0,0,0,0.00000,,0,0,0,0
2022-03-05,294.31985,130.49434,163.82551,0.00000,180,1,0,1,0.00000,0.00000,200.00000,0.00000,0,,0,0,0,0.00000,,0,0,0,0
2022-03-06,294.54330,130.27089,164.27241,0.00000,180,1,0,1,0.00000,0.00000,200.00000,0.00000,0,,0,0,0,0.00000,,0,0,0,0
2022-03-07,296.10745,131.83504,164.27241,0.00000,181,1,0,0,0.00000,0.00000,0.00000,0.00000,0,,0,0,0,0.00000,,0,0,0,0
2022-03-08,300.57643,136.30402,164.27241,0.00000,182,1,0,0,0.00000,0.00000,0.00000,0.00000,0,,0,0,0,0.00000,,0,0,0,0
2022-03-09,301.47023,137.86817,163.60206,0.00000,182,1,0,0,0.00000,0.00000,0.00000,0.00000,0,,0,0,0,0.00000,,0,0,0,0
2022-03-10,303.22058,137.64472,165.57587,0.00000,182,1,0,1,0.00000,0.00000,200.00000,0.00000,0,,0,0,0,0.00000,,0,0,0,0
2022-03-11,304.78473,139.20886,165.57587,0.00000,183,1,0,0,0.00000,0.00000,0.00000,0.00000,0,,0,0,0,0.00000,,0,0,0,0
2022-03-12,312.15855,146.13579,166.02276,0.00000,188,5,0,0,0.00000,0.00000,0.00000,0.00000,0,,0,0,0,0.00000,,0,0,0,0
2022-03-13,314.61649,148.81718,165.79931,0.00000,188,1,0,0,0.00000,0.00000,0.00000,0.00000,0,,0,0,0,0.00000,,0,0,0,0
2022-03-14,314.61649,148.81718,165.79931,0.00000,188,0,0,0,0.00000,0.00000,0.00000,0.00000,0,,0,0,0,0.00000,,0,0,0,0
2022-03-15,314.61649,148.81718,165.79931,0.00000,188,0,0,0,0.00000,0.00000,0.00000,0.00000,0,,0,0,0,0.00000,,0,0,0,0
2022-03-16,315.28684,148.81718,166.46966,0.00000,189,1,0,0,0.00000,0.00000,0.00000,0.00000,0,,0,0,0,0.00000,,0,0,0,0
2022-03-17,317.74478,151.27512,166.46966,0.00000,189,1,0,1,0.00000,0.00000,200.00000,0.00000,0,,0,0,0,0.00000,,0,0,0,0
2022-03-18,317.96823,151.49857,166.46966,0.00000,190,1,0,0,0.00000,0.00000,0.00000,0.00000,0,,0,0,0,0.00000,,0,0,0,0
2022-03-19,332.93933,166.91656,166.02276,0.00000,191,3,0,1,0.00000,0.00000,200.00000,0.00000,0,,0,0,0,0.00000,,0,0,0,0
2022-03-20,332.93933,166.91656,166.02276,0.00000,191,0,0,0,0.00000,0.00000,0.00000,0.00000,0,,0,0,0,0.00000,,0,0,0,0
2022-03-21,337.18486,171.16210,166.02276,0.00000,193,2,0,0,0.00000,0.00000,0.00000,0.00000,0,,0,0,0,0.00000,,0,0,0,0
2022-03-22,339.86625,173.84349,166.02276,0.00000,194,1,0,0,0.00000,0.00000,0.00000,0.00000,0,,0,0,0,0.00000,,0,0,0,0
2022-03-23,339.64280,173.62004,166.02276,0.00000,193,0,0,1,0.00000,0.00000,200.00000,0.00000,0,,0,0,0,0.00000,,0,0,0,0
2022-03-24,345.22903,179.20627,166.02276,0.00000,196,3,0,0,0.00000,0.00000,0.00000,0.00000,0,,0,0,0,0.00000,,0,0,0,0
2022-03-25,346.79318,180.77041,166.02276,0.00000,197,1,0,0,0.00000,0.00000,0.00000,0.00000,0,,0,0,0,0.00000,,0,0,0,0
2022-03-26,363.32842,189.03803,174.29038,0.00000,199,2,0,0,0.00000,0.00000,0.00000,0.00000,0,,0,0,0,0.00000,,0,0,0,0
2022-03-27,363.55187,189.26148,174.29038,0.00000,200,1,0,0,0.00000,0.00000,0.00000,0.00000,0,,0,0,0,0.00000,,0,0,0,0
2022-03-28,376.95882,202.89189,174.06694,0.00000,202,3,0,0,0.00000,0.00000,0.00000,0.00000,0,,0,0,0,0.00000,,0,0,0,0
2022-03-29,378.70917,202.66844,176.04074,0.00000,202,1,0,1,0.00000,0.00000,200.00000,0.00000,0,,0,0,0,0.00000,,0,0,0,0
2022-03-30,378.93262,202.89189,176.04074,0.00000,203,1,0,0,0.00000,0.00000,0.00000,0.00000,0,,0,0,0,0.00000,,0,0,0,0
2022-03-31,378.70917,202.66844,176.04074,0.00000,202,0,0,1,0.00000,0.00000,200.00000,0.00000,0,,0,0,0,0.00000,,0,0,0,0
2022-04-01,387.64714,202.66844,184.97871,0.00000,203,1,0,0,0.00000,0.00000,0.00000,0.00000,0,,0,0,0,0.00000,,0,0,0,0
2022-04-02,396.13821,211.15951,184.97871,0.00000,204,2,0,1,0.00000,0.00000,200.00000,0.00000,0,,0,0,0,0.00000,,0,0,0,0
2022-04-03,396.58511,211.15951,185.42560,0.00000,205,2,0,0,0.00000,0.00000,0.00000,0.00000,0,,0,0,0,0.00000,,0,0,0,0
2022-04-04,396.80856,211.38296,185.42560,0.00000,206,1,0,0,0.00000,0.00000,0.00000,0.00000,0,,0,0,0,0.00000,,0,0,0,0
2022-04-05,397.25546,211.38296,185.87250,0.00000,207,1,0,0,0.00000,0.00000,0.00000,0.00000,0,,0,0,0,0.00000,,0,0,0,0
2022-04-06,397.03201,211.15951,185.87250,0.00000,206,0,0,1,0.00000,0.00000,200.00000,0.00000,0,,0,0,0,0.00000,,0,0,0,0
2022-04-07,397.73960,213.84090,183.89870,0.00000,206,1,0,0,0.00000,0.00000,0.00000,0.00000,0,,0,0,0,0.00000,,0,0,0,0
2022-04-08,404.18238,218.30988,185.87250,0.00000,208,2,0,0,0.00000,0.00000,0.00000,0.00000,0,,0,0,0,0.00000,,0,0,0,0
2022-04-09,402.20858,218.30988,183.89870,0.00000,207,0,0,0,0.00000,0.00000,0.00000,0.00000,0,,0,0,0,0.00000,,0,0,0,0
2022-04-10,402.65548,218.30988,184.34560,0.00000,208,1,0,0,0.00000,0.00000,0.00000,0.00000,0,,0,0,0,0.00000,,0,0,0,0
2022-04-11,405.33687,220.99127,184.34560,0.00000,209,1,0,0,0.00000,0.00000,0.00000,0.00000,0,,0,0,0,0.00000,,0,0,0,0
2022-04-12,407.79481,223.44921,184.34560,0.00000,209,1,0,1,0.00000,0.00000,200.00000,0.00000,0,,0,0,0,0.00000,,0,0,0,0
2022-04-13,407.57136,223.22576,184.34560,0.00000,208,0,0,1,0.00000,0.00000,200.00000,0.00000,0,,0,0,0,0.00000,,0,0,0,0
2022-04-14,414.72174,230.37614,184.34560,0.00000,210,2,0,0,0.00000,0.00000,0.00000,0.00000,0,,0,0,0,0.00000,,0,0,0,0
2022-04-15,417.40313,233.05753,184.34560,0.00000,211,1,0,0,0.00000,0.00000,0.00000,0.00000,0,,0,0,0,0.00000,,0,0,0,0
2022-04-16,424.06936,237.74996,186.31940,0.00000,214,3,0,0,0.00000,0.00000,0.00000,0.00000,0,,0,0,0,0.00000,,0,0,0,0
2022-04-17,423.39902,237.74996,185.64905,0.00000,213,0,0,0,0.00000,0.00000,0.00000,0.00000,0,,0,0,0,0.00000,,0,0,0,0
2022-04-18,423.39902,237.74996,185.64905,0.00000,213,0,0,0,0.00000,0.00000,0.00000,0.00000,0,,0,0,0,0.00000,,0,0,0,0
2022-04-19,421.42521,237.74996,183.67525,0.00000,212,0,0,0,0.00000,0.00000,0.00000,0.00000,0,,0,0,0,0.00000,,0,0,0,0
2022-04-20,421.87211,237.74996,184.12215,0.00000,213,1,0,0,0.00000,0.00000,0.00000,0.00000,0,,0,0,0,0.00000,,0,0,0,0
2022-04-21,421.87211,237.74996,184.12215,0.00000,213,0,0,0,0.00000,0.00000,0.00000,0.00000,0,,0,0,0,0.00000,,0,0,0,0
2022-04-22,421.87211,237.74996,184.12215,0.00000,213,0,0,0,0.00000,0.00000,0.00000,0.00000,0,,0,0,0,0.00000,,0,0,0,0
2022-04-23,421.42521,237.74996,183.67525,0.00000,212,0,0,0,0.00000,0.00000,0.00000,0.00000,0,,0,0,0,0.00000,,0,0,0,0
2022-04-24,421.42521,237.74996,183.67525,0.00000,212,0,0,0,0.00000,0.00000,0.00000,0.00000,0,,0,0,0,0.00000,,0,0,0,0
2022-04-25,421.42521,237.74996,183.67525,0.00000,212,0,0,0,0.00000,0.00000,0.00000,0.00000,0,,0,0,0,0.00000,,0,0,0,0
2022-04-26,421.42521,237.74996,183.67525,0.00000,212,0,0,0,0.00000,0.00000,0.00000,0.00000,0,,0,0,0,0.00000,,0,0,0,0
2022-04-27,425.63351,240.43135,185.20215,0.00000,213,2,0,0,0.00000,0.00000,0.00000,0.00000,0,,0,0,0,0.00000,,0,0,0,0
2022-04-28,441.68461,254.50865,187.17596,0.00000,218,5,0,0,0.00000,0.00000,0.00000,0.00000,0,,0,0,0,0.00000,,0,0,0,0
2022-04-29,447.49429,260.31833,187.17596,0.00000,221,3,0,0,0.00000,0.00000,0.00000,0.00000,0,,0,0,0,0.00000,,0,0,0,0
2022-04-30,449.46809,260.31833,189.14976,0.00000,222,1,0,0,0.00000,0.00000,0.00000,0.00000,0,,0,0,0,0.00000,,0,0,0,0
2022-05-01,449.46809,260.31833,189.14976,0.00000,222,0,0,0,0.00000,0.00000,0.00000,0.00000,0,,0,0,0,0.00000,,0,0,0,0
2022-05-02,449.46809,260.31833,189.14976,0.00000,222,0,0,0,0.00000,0.00000,0.00000,0.00000,0,,0,0,0,0.00000,,0,0,0,0
2022-05-03,449.46809,260.31833,189.14976,0.00000,222,0,0,0,0.00000,0.00000,0.00000,0.00000,0,,0,0,0,0.00000,,0,0,0,0
2022-05-04,451.70258,262.77628,188.92631,0.00000,221,1,0,1,0.00000,0.00000,200.00000,0.00000,0,,0,0,0,0.00000,,0,0,0,0
2022-05-05,454.38397,265.45767,188.92631,0.00000,222,1,0,0,0.00000,0.00000,0.00000,0.00000,0,,0,0,0,0.00000,,0,0,0,0
2022-05-06,458.85296,269.92665,188.92631,0.00000,223,1,0,0,0.00000,0.00000,0.00000,0.00000,0,,0,0,0,0.00000,,0,0,0,0
2022-05-07,458.85296,269.92665,188.92631,0.00000,223,0,0,0,0.00000,0.00000,0.00000,0.00000,0,,0,0,0,0.00000,,0,0,0,0
2022-05-08,460.41710,271.49079,188.92631,0.00000,224,1,0,0,0.00000,0.00000,0.00000,0.00000,0,,0,0,0,0.00000,,0,0,0,0
2022-05-09,459.97020,271.71424,188.25596,0.00000,224,1,0,0,0.00000,0.00000,0.00000,0.00000,0,,0,0,0,0.00000,,0,0,0,0
2022-05-10,462.65159,274.39563,188.25596,0.00000,225,1,0,0,0.00000,0.00000,0.00000,0.00000,0,,0,0,0,0.00000,,0,0,0,0
2022-05-11,461.98125,274.39563,187.58561,0.00000,224,0,0,0,0.00000,0.00000,0.00000,0.00000,0,,0,0,0,0.00000,,0,0,0,0
2022-05-12,461.53435,273.94874,187.58561,0.00000,222,0,0,2,0.00000,0.00000,400.00000,0.00000,0,,0,0,0,0.00000,,0,0,0,0
2022-05-13,467.12058,279.53497,187.58561,0.00000,224,3,0,1,0.00000,0.00000,200.00000,0.00000,0,,0,0,0,0.00000,,0,0,0,0
2022-05-14,483.65582,287.80259,195.85323,0.00000,225,2,0,0,0.00000,0.00000,0.00000,0.00000,0,,0,0,0,0.00000,,0,0,0,0
2022-05-15,487.90136,292.04812,195.85323,0.00000,225,1,0,1,0.00000,0.00000,200.00000,0.00000,0,,0,0,0,0.00000,,0,0,0,0
2022-05-16,489.91240,294.72951,195.18289,0.00000,225,1,0,0,0.00000,0.00000,0.00000,0.00000,0,,0,0,0,0.00000,,0,0,0,0
2022-05-17,489.68895,294.50606,195.18289,0.00000,224,0,0,1,0.00000,0.00000,200.00000,0.00000,0,,0,0,0,0.00000,,0,0,0,0
2022-05-18,489.91240,294.05917,195.85323,0.00000,223,1,0,2,0.00000,0.00000,400.00000,0.00000,0,,0,0,0,0.00000,,0,0,0,0
2022-05-19,495.72208,299.42195,196.30013,0.00000,226,3,0,0,0.00000,0.00000,0.00000,0.00000,0,,0,0,0,0.00000,,0,0,0,0
2022-05-20,498.85037,302.10334,196.74703,0.00000,228,2,0,0,0.00000,0.00000,0.00000,0.00000,0,,0,0,0,0.00000,,0,0,0,0
2022-05-21,498.85037,302.10334,196.74703,0.00000,228,0,0,0,0.00000,0.00000,0.00000,0.00000,0,,0,0,0,0.00000,,0,0,0,0
2022-05-22,501.53176,304.78473,196.74703,0.00000,229,1,0,0,0.00000,0.00000,0.00000,0.00000,0,,0,0,0,0.00000,,0,0,0,0
2022-05-23,510.46973,313.72270,196.74703,0.00000,232,3,0,0,0.00000,0.00000,0.00000,0.00000,0,,0,0,0,0.00000,,0,0,0,0
2022-05-24,514.30560,319.53238,194.77323,0.00000,234,3,0,0,0.00000,0.00000,0.00000,0.00000,0,,0,0,0,0.00000,,0,0,0,0
2022-05-25,518.77459,324.00136,194.77323,0.00000,235,1,0,0,0.00000,0.00000,0.00000,0.00000,0,,0,0,0,0.00000,,0,0,0,0
2022-05-26,529.72360,334.95037,194.77323,0.00000,236,3,0,0,0.00000,0.00000,0.00000,0.00000,0,,0,0,0,0.00000,,0,0,0,0
2022-05-27,531.69740,334.95037,196.74703,0.00000,237,1,0,0,0.00000,0.00000,0.00000,0.00000,0,,0,0,0,0.00000,,0,0,0,0
2022-05-28,537.73053,340.98350,196.74703,0.00000,238,1,0,0,0.00000,0.00000,0.00000,0.00000,0,,0,0,0,0.00000,,0,0,0,0
2022-05-29,537.73053,340.98350,196.74703,0.00000,238,0,0,0,0.00000,0.00000,0.00000,0.00000,0,,0,0,0,0.00000,,0,0,0,0
2022-05-30,537.95398,341.20695,196.74703,0.00000,239,1,0,0,0.00000,0.00000,0.00000,0.00000,0,,0,0,0,0.00000,,0,0,0,0
2022-05-31,537.95398,341.20695,196.74703,0.00000,239,0,0,0,0.00000,0.00000,0.00000,0.00000,0,,0,0,0,0.00000,,0,0,0,0
2022-06-01,546.44505,349.69802,196.74703,0.00000,241,2,0,0,0.00000,0.00000,0.00000,0.00000,0,,0,0,0,0.00000,,0,0,0,0
2022-06-02,546.44505,349.69802,196.74703,0.00000,241,0,0,0,0.00000,0.00000,0.00000,0.00000,0,,0,0,0,0.00000,,0,0,0,0
2022-06-03,548.41885,349.69802,198.72083,0.00000,242,1,0,0,0.00000,0.00000,0.00000,0.00000,0,,0,0,0,0.00000,,0,0,0,0
2022-06-04,547.97195,349.69802,198.27393,0.00000,241,0,0,0,0.00000,0.00000,0.00000,0.00000,0,,0,0,0,0.00000,,0,0,0,0
2022-06-05,550.65334,352.37941,198.27393,0.00000,242,1,0,0,0.00000,0.00000,0.00000,0.00000,0,,0,0,0,0.00000,,0,0,0,0
2022-06-06,552.62714,352.37941,200.24773,0.00000,243,1,0,0,0.00000,0.00000,0.00000,0.00000,0,,0,0,0,0.00000,,0,0,0,0
2022-06-07,552.62714,352.37941,200.24773,0.00000,243,0,0,0,0.00000,0.00000,0.00000,0.00000,0,,0,0,0,0.00000,,0,0,0,0
2022-06-08,556.20233,354.83735,201.36498,0.00000,246,4,0,1,0.00000,0.00000,200.00000,0.00000,0,,0,0,0,0.00000,,0,0,0,0
2022-06-09,561.56511,360.20013,201.36498,0.00000,248,2,0,0,0.00000,0.00000,0.00000,0.00000,0,,0,0,0,0.00000,,0,0,0,0
2022-06-10,572.06723,370.70225,201.36498,0.00000,250,2,0,0,0.00000,0.00000,0.00000,0.00000,0,,0,0,0,0.00000,,0,0,0,0
2022-06-11,572.06723,370.70225,201.36498,0.00000,250,0,0,0,0.00000,0.00000,0.00000,0.00000,0,,0,0,0,0.00000,,0,0,0,0
2022-06-12,572.06723,370.70225,201.36498,0.00000,250,0,0,0,0.00000,0.00000,0.00000,0.00000,0,,0,0,0,0.00000,,0,0,0,0
2022-06-13,562.45891,370.25535,192.20356,0.00000,247,0,0,1,0.00000,0.00000,200.00000,0.00000,0,,0,0,0,0.00000,,0,0,0,0
2022-06-14,562.01201,370.47880,191.53322,0.00000,247,2,0,0,0.00000,0.00000,0.00000,0.00000,0,,0,0,0,0.00000,,0,0,0,0
2022-06-15,579.21760,378.74642,200.47118,0.00000,249,2,0,0,0.00000,0.00000,0.00000,0.00000,0,,0,0,0,0.00000,,0,0,0,0
2022-06-16,586.10729,383.66230,202.44499,0.00000,251,3,0,1,0.00000,0.00000,200.00000,0.00000,0,,0,0,0,0.00000,,0,0,0,0
2022-06-17,586.10729,383.66230,202.44499,0.00000,251,0,0,0,0.00000,0.00000,0.00000,0.00000,0,,0,0,0,0.00000,,0,0,0,0
2022-06-18,586.10729,383.66230,202.44499,0.00000,251,0,0,0,0.00000,0.00000,0.00000,0.00000,0,,0,0,0,0.00000,,0,0,0,0
2022-06-19,584.13348,383.66230,200.47118,0.00000,250,0,0,0,0.00000,0.00000,0.00000,0.00000,0,,0,0,0,0.00000,,0,0,0,0
2022-06-20,586.59142,386.12024,200.47118,0.00000,250,1,0,1,0.00000,0.00000,200.00000,0.00000,0,,0,0,0,0.00000,,0,0,0,0
2022-06-21,586.59142,386.12024,200.47118,0.00000,250,0,0,0,0.00000,0.00000,0.00000,0.00000,0,,0,0,0,0.00000,,0,0,0,0
2022-06-22,586.36798,385.89679,200.47118,0.00000,249,0,0,1,0.00000,0.00000,200.00000,0.00000,0,,0,0,0,0.00000,,0,0,0,0
2022-06-23,589.27282,388.80163,200.47118,0.00000,251,2,0,0,0.00000,0.00000,0.00000,0.00000,0,,0,0,0,0.00000,,0,0,0,0
2022-06-24,588.60247,388.80163,199.80084,0.00000,250,0,0,0,0.00000,0.00000,0.00000,0.00000,0,,0,0,0,0.00000,,0,0,0,0
2022-06-25,591.32110,393.49407,197.82703,0.00000,251,2,0,0,0.00000,0.00000,0.00000,0.00000,0,,0,0,0,0.00000,,0,0,0,0
2022-06-26,606.10599,393.71751,212.38848,0.00000,253,3,0,0,0.00000,0.00000,0.00000,0.00000,0,,0,0,0,0.00000,,0,0,0,0
2022-06-27,610.98463,396.62235,214.36228,0.00000,256,3,0,0,0.00000,0.00000,0.00000,0.00000,0,,0,0,0,0.00000,,0,0,0,0
2022-06-28,612.95843,396.62235,216.33608,0.00000,257,2,0,1,0.00000,0.00000,200.00000,0.00000,0,,0,0,0,0.00000,,0,0,0,0
2022-06-29,612.95843,396.62235,216.33608,0.00000,257,0,0,0,0.00000,0.00000,0.00000,0.00000,0,,0,0,0,0.00000,,0,0,0,0
2022-06-30,612.28808,396.62235,215.66573,0.00000,256,0,0,0,0.00000,0.00000,0.00000,0.00000,0,,0,0,0,0.00000,,0,0,0,0
2022-07-01,614.96948,399.30374,215.66573,0.00000,257,1,0,0,0.00000,0.00000,0.00000,0.00000,0,,0,0,0,0.00000,,0,0,0,0
2022-07-02,614.96948,399.30374,215.66573,0.00000,257,0,0,0,0.00000,0.00000,0.00000,0.00000,0,,0,0,0,0.00000,,0,0,0,0
2022-07-03,617.65087,401.98514,215.66573,0.00000,258,1,0,0,0.00000,0.00000,0.00000,0.00000,0,,0,0,0,0.00000,,0,0,0,0
2022-07-04,617.65087,401.98514,215.66573,0.00000,258,0,0,0,0.00000,0.00000,0.00000,0.00000,0,,0,0,0,0.00000,,0,0,0,0
2022-07-05,617.65087,401.98514,215.66573,0.00000,258,1,0,1,0.00000,0.00000,200.00000,0.00000,0,,0,0,0,0.00000,,0,0,0,0
2022-07-06,626.14194,410.25276,215.88918,0.00000,260,2,0,0,0.00000,0.00000,0.00000,0.00000,0,,0,0,0,0.00000,,0,0,0,0
2022-07-07,618.09776,410.25276,207.84501,0.00000,260,1,0,0,0.00000,0.00000,0.00000,0.00000,0,,0,0,0,0.00000,,0,0,0,0
2022-07-08,618.09776,410.25276,207.84501,0.00000,260,0,0,0,0.00000,0.00000,0.00000,0.00000,0,,0,0,0,0.00000,,0,0,0,0
2022-07-09,618.09776,410.25276,207.84501,0.00000,260,0,0,0,0.00000,0.00000,0.00000,0.00000,0,,0,0,0,0.00000,,0,0,0,0
2022-07-10,618.09776,410.25276,207.84501,0.00000,260,0,0,0,0.00000,0.00000,0.00000,0.00000,0,,0,0,0,0.00000,,0,0,0,0
2022-07-11,617.87432,410.25276,207.62156,0.00000,259,0,0,0,0.00000,0.00000,0.00000,0.00000,0,,0,0,0,0.00000,,0,0,0,0
2022-07-12,621.00260,413.38105,207.62156,0.00000,261,2,0,0,0.00000,0.00000,0.00000,0.00000,0,,0,0,0,0.00000,,0,0,0,0
2022-07-13,615.41637,416.06244,199.35394,0.00000,261,1,0,0,0.00000,0.00000,0.00000,0.00000,0,,0,0,0,0.00000,,0,0,0,0
2022-07-14,618.09776,418.74383,199.35394,0.00000,262,1,0,0,0.00000,0.00000,0.00000,0.00000,0,,0,0,0,0.00000,,0,0,0,0
2022-07-15,618.09776,418.29693,199.80084,0.00000,262,1,0,1,0.00000,0.00000,200.00000,0.00000,0,,0,0,0,0.00000,,0,0,0,0
2022-07-16,617.20397,418.29693,198.90704,0.00000,260,0,0,0,0.00000,0.00000,0.00000,0.00000,0,,0,0,0,0.00000,,0,0,0,0
2022-07-17,622.38054,425.44730,196.93324,0.00000,261,2,0,0,0.00000,0.00000,0.00000,0.00000,0,,0,0,0,0.00000,,0,0,0,0
2022-07-18,625.06193,428.12869,196.93324,0.00000,262,1,0,0,0.00000,0.00000,0.00000,0.00000,0,,0,0,0,0.00000,,0,0,0,0
2022-07-19,629.08402,432.59768,196.48634,0.00000,262,1,0,0,0.00000,0.00000,0.00000,0.00000,0,,0,0,0,0.00000,,0,0,0,0
2022-07-20,629.08402,432.59768,196.48634,0.00000,262,0,0,0,0.00000,0.00000,0.00000,0.00000,0,,0,0,0,0.00000,,0,0,0,0
2022-07-21,629.08402,432.59768,196.48634,0.00000,262,0,0,0,0.00000,0.00000,0.00000,0.00000,0,,0,0,0,0.00000,,0,0,0,0
2022-07-22,631.76541,435.27907,196.48634,0.00000,263,1,0,0,0.00000,0.00000,0.00000,0.00000,0,,0,0,0,0.00000,,0,0,0,0
2022-07-23,630.87161,435.27907,195.59254,0.00000,261,0,0,0,0.00000,0.00000,0.00000,0.00000,0,,0,0,0,0.00000,,0,0,0,0
2022-07-24,631.09506,435.50252,195.59254,0.00000,262,1,0,0,0.00000,0.00000,0.00000,0.00000,0,,0,0,0,0.00000,,0,0,0,0
2022-07-25,622.38054,435.72597,186.65457,0.00000,262,1,0,0,0.00000,0.00000,0.00000,0.00000,0,,0,0,0,0.00000,,0,0,0,0
2022-07-26,624.35434,435.72597,188.62838,0.00000,263,1,0,0,0.00000,0.00000,0.00000,0.00000,0,,0,0,0,0.00000,,0,0,0,0
2022-07-27,624.35434,435.72597,188.62838,0.00000,263,0,0,0,0.00000,0.00000,0.00000,0.00000,0,,0,0,0,0.00000,,0,0,0,0
2022-07-28,626.81228,437.96046,188.85182,0.00000,264,2,0,1,0.00000,0.00000,200.00000,0.00000,0,,0,0,0,0.00000,,0,0,0,0
2022-07-29,637.98474,449.13292,188.85182,0.00000,266,3,0,1,0.00000,0.00000,200.00000,0.00000,0,,0,0,0,0.00000,,0,0,0,0
2022-07-30,646.02892,449.35637,196.67255,0.00000,267,2,0,0,0.00000,0.00000,0.00000,0.00000,0,,0,0,0,0.00000,,0,0,0,0
2022-07-31,644.27856,449.57982,194.69875,0.00000,267,1,0,0,0.00000,0.00000,0.00000,0.00000,0,,0,0,0,0.00000,,0,0,0,0
2022-08-01,644.72546,449.57982,195.14564,0.00000,268,1,0,0,0.00000,0.00000,0.00000,0.00000,0,,0,0,0,0.00000,,0,0,0,0
2022-08-02,646.73651,452.26121,194.47530,0.00000,268,1,0,0,0.00000,0.00000,0.00000,0.00000,0,,0,0,0,0.00000,,0,0,0,0
2022-08-03,646.51306,452.03776,194.47530,0.00000,267,0,0,1,0.00000,0.00000,200.00000,0.00000,0,,0,0,0,0.00000,,0,0,0,0
2022-08-04,649.19445,454.71915,194.47530,0.00000,268,1,0,0,0.00000,0.00000,0.00000,0.00000,0,,0,0,0,0.00000,,0,0,0,0
2022-08-05,652.09929,457.62399,194.47530,0.00000,270,2,0,0,0.00000,0.00000,0.00000,0.00000,0,,0,0,0,0.00000,,0,0,0,0
2022-08-06,652.32274,457.84744,194.47530,0.00000,271,1,0,0,0.00000,0.00000,0.00000,0.00000,0,,0,0,0,0.00000,,0,0,0,0
2022-08-07,652.32274,457.84744,194.47530,0.00000,271,0,0,0,0.00000,0.00000,0.00000,0.00000,0,,0,0,0,0.00000,,0,0,0,0
2022-08-08,655.22758,460.75228,194.47530,0.00000,273,3,0,1,0.00000,0.00000,200.00000,0.00000,0,,0,0,0,0.00000,,0,0,0,0
2022-08-09,657.68552,463.43367,194.25185,0.00000,273,1,0,0,0.00000,0.00000,0.00000,0.00000,0,,0,0,0,0.00000,,0,0,0,0
2022-08-10,659.24966,464.99781,194.25185,0.00000,274,1,0,0,0.00000,0.00000,0.00000,0.00000,0,,0,0,0,0.00000,,0,0,0,0
2022-08-11,651.20549,465.22126,185.98423,0.00000,274,1,0,0,0.00000,0.00000,0.00000,0.00000,0,,0,0,0,0.00000,,0,0,0,0
2022-08-12,653.88688,467.90265,185.98423,0.00000,275,1,0,0,0.00000,0.00000,0.00000,0.00000,0,,0,0,0,0.00000,,0,0,0,0
2022-08-13,661.26070,475.27648,185.98423,0.00000,278,3,0,0,0.00000,0.00000,0.00000,0.00000,0,,0,0,0,0.00000,,0,0,0,0
2022-08-14,664.61244,478.62822,185.98423,0.00000,281,3,0,0,0.00000,0.00000,0.00000,0.00000,0,,0,0,0,0.00000,,0,0,0,0
2022-08-15,665.05934,479.07511,185.98423,0.00000,282,1,0,0,0.00000,0.00000,0.00000,0.00000,0,,0,0,0,0.00000,,0,0,0,0
2022-08-16,665.28279,479.29856,185.98423,0.00000,283,1,0,0,0.00000,0.00000,0.00000,0.00000,0,,0,0,0,0.00000,,0,0,0,0
2022-08-17,665.05934,479.29856,185.76078,0.00000,282,0,0,0,0.00000,0.00000,0.00000,0.00000,0,,0,0,0,0.00000,,0,0,0,0
2022-08-18,663.08554,479.29856,183.78698,0.00000,281,0,0,0,0.00000,0.00000,0.00000,0.00000,0,,0,0,0,0.00000,,0,0,0,0
2022-08-19,665.76693,481.97995,183.78698,0.00000,282,1,0,0,0.00000,0.00000,0.00000,0.00000,0,,0,0,0,0.00000,,0,0,0,0
2022-08-20,664.87313,481.08616,183.78698,0.00000,280,1,0,2,0.00000,0.00000,400.00000,0.00000,0,,0,0,0,0.00000,,0,0,0,0
2022-08-21,667.55452,483.76755,183.78698,0.00000,281,1,0,0,0.00000,0.00000,0.00000,0.00000,0,,0,0,0,0.00000,,0,0,0,0
2022-08-22,670.23591,486.44894,183.78698,0.00000,282,1,0,0,0.00000,0.00000,0.00000,0.00000,0,,0,0,0,0.00000,,0,0,0,0
2022-08-23,673.17800,491.81172,181.36628,0.00000,282,2,0,0,0.00000,0.00000,0.00000,0.00000,0,,0,0,0,0.00000,,0,0,0,0
2022-08-24,673.17800,491.81172,181.36628,0.00000,282,0,0,0,0.00000,0.00000,0.00000,0.00000,0,,0,0,0,0.00000,,0,0,0,0
2022-08-25,682.11596,491.81172,190.30424,0.00000,283,1,0,0,0.00000,0.00000,0.00000,0.00000,0,,0,0,0,0.00000,,0,0,0,0
2022-08-26,689.45255,497.17450,192.27805,0.00000,286,3,0,0,0.00000,0.00000,0.00000,0.00000,0,,0,0,0,0.00000,,0,0,0,0
2022-08-27,689.89945,497.62140,192.27805,0.00000,287,1,0,0,0.00000,0.00000,0.00000,0.00000,0,,0,0,0,0.00000,,0,0,0,0
2022-08-28,694.36843,502.09038,192.27805,0.00000,288,1,0,0,0.00000,0.00000,0.00000,0.00000,0,,0,0,0,0.00000,,0,0,0,0
2022-08-29,694.36843,502.09038,192.27805,0.00000,288,0,0,0,0.00000,0.00000,0.00000,0.00000,0,,0,0,0,0.00000,,0,0,0,0
2022-08-30,694.36843,502.09038,192.27805,0.00000,288,0,0,0,0.00000,0.00000,0.00000,0.00000,0,,0,0,0,0.00000,,0,0,0,0
2022-08-31,694.36843,502.09038,192.27805,0.00000,288,0,0,0,0.00000,0.00000,0.00000,0.00000,0,,0,0,0,0.00000,,0,0,0,0
2022-09-01,694.36843,502.09038,192.27805,0.00000,288,0,0,0,0.00000,0.00000,0.00000,0.00000,0,,0,0,0,0.00000,,0,0,0,0
2022-09-02,694.36843,502.09038,192.27805,0.00000,288,0,0,0,0.00000,0.00000,0.00000,0.00000,0,,0,0,0,0.00000,,0,0,0,0
2022-09-03,694.36843,502.09038,192.27805,0.00000,288,0,0,0,0.00000,0.00000,0.00000,0.00000,0,,0,0,0,0.00000,,0,0,0,0
2022-09-04,702.41260,510.35800,192.05460,0.00000,288,1,0,0,0.00000,0.00000,0.00000,0.00000,0,,0,0,0,0.00000,,0,0,0,0
2022-09-05,703.08295,510.35800,192.72494,0.00000,289,1,0,0,0.00000,0.00000,0.00000,0.00000,0,,0,0,0,0.00000,,0,0,0,0
2022-09-06,705.76434,513.03939,192.72494,0.00000,290,1,0,0,0.00000,0.00000,0.00000,0.00000,0,,0,0,0,0.00000,,0,0,0,0
2022-09-07,708.66918,515.94423,192.72494,0.00000,292,2,0,0,0.00000,0.00000,0.00000,0.00000,0,,0,0,0,0.00000,,0,0,0,0
2022-09-08,708.66918,515.94423,192.72494,0.00000,292,0,0,0,0.00000,0.00000,0.00000,0.00000,0,,0,0,0,0.00000,,0,0,0,0
2022-09-09,713.13816,520.41322,192.72494,0.00000,293,1,0,0,0.00000,0.00000,0.00000,0.00000,0,,0,0,0,0.00000,,0,0,0,0
2022-09-10,707.10503,522.87116,184.23387,0.00000,293,2,0,1,0.00000,0.00000,200.00000,0.00000,0,,0,0,0,0.00000,,0,0,0,0
2022-09-11,707.10503,522.87116,184.23387,0.00000,293,0,0,0,0.00000,0.00000,0.00000,0.00000,0,,0,0,0,0.00000,,0,0,0,0
2022-09-12,707.10503,522.87116,184.23387,0.00000,293,0,0,0,0.00000,0.00000,0.00000,0.00000,0,,0,0,0,0.00000,,0,0,0,0
2022-09-13,707.10503,522.87116,184.23387,0.00000,293,0,0,0,0.00000,0.00000,0.00000,0.00000,0,,0,0,0,0.00000,,0,0,0,0
2022-09-14,707.32848,523.09461,184.23387,0.00000,294,1,0,0,0.00000,0.00000,0.00000,0.00000,0,,0,0,0,0.00000,,0,0,0,0
2022-09-15,707.32848,523.09461,184.23387,0.00000,294,0,0,0,0.00000,0.00000,0.00000,0.00000,0,,0,0,0,0.00000,,0,0,0,0
2022-09-16,714.25541,530.24498,184.01043,0.00000,295,2,0,0,0.00000,0.00000,0.00000,0.00000,0,,0,0,0,0.00000,,0,0,0,0
2022-09-17,714.25541,530.24498,184.01043,0.00000,295,0,0,0,0.00000,0.00000,0.00000,0.00000,0,,0,0,0,0.00000,,0,0,0,0
2022-09-18,714.70231,530.24498,184.45732,0.00000,296,1,0,0,0.00000,0.00000,0.00000,0.00000,0,,0,0,0,0.00000,,0,0,0,0
2022-09-19,714.47886,530.02154,184.45732,0.00000,295,0,0,1,0.00000,0.00000,200.00000,0.00000,0,,0,0,0,0.00000,,0,0,0,0
2022-09-20,716.45266,530.02154,186.43113,0.00000,296,1,0,0,0.00000,0.00000,0.00000,0.00000,0,,0,0,0,0.00000,,0,0,0,0
2022-09-21,727.84857,541.41744,186.43113,0.00000,299,3,0,0,0.00000,0.00000,0.00000,0.00000,0,,0,0,0,0.00000,,0,0,0,0
2022-09-22,732.50376,544.09884,188.40493,0.00000,301,2,0,0,0.00000,0.00000,0.00000,0.00000,0,,0,0,0,0.00000,,0,0,0,0
2022-09-23,734.96170,546.55678,188.40493,0.00000,301,1,0,1,0.00000,0.00000,200.00000,0.00000,0,,0,0,0,0.00000,,0,0,0,0
2022-09-24,739.65414,551.24921,188.40493,0.00000,302,2,0,1,0.00000,0.00000,200.00000,0.00000,0,,0,0,0,0.00000,,0,0,0,0
2022-09-25,740.99483,552.58991,188.40493,0.00000,302,1,0,1,0.00000,0.00000,200.00000,0.00000,0,,0,0,0,0.00000,,0,0,0,0
2022-09-26,749.26245,552.58991,196.67255,0.00000,303,1,0,0,0.00000,0.00000,0.00000,0.00000,0,,0,0,0,0.00000,,0,0,0,0
2022-09-27,749.48590,552.81335,196.67255,0.00000,304,1,0,0,0.00000,0.00000,0.00000,0.00000,0,,0,0,0,0.00000,,0,0,0,0
2022-09-28,749.03900,552.36646,196.67255,0.00000,303,0,0,1,0.00000,0.00000,200.00000,0.00000,0,,0,0,0,0.00000,,0,0,0,0
2022-09-29,749.26245,552.58991,196.67255,0.00000,304,1,0,0,0.00000,0.00000,0.00000,0.00000,0,,0,0,0,0.00000,,0,0,0,0
2022-09-30,749.26245,552.58991,196.67255,0.00000,304,0,0,0,0.00000,0.00000,0.00000,0.00000,0,,0,0,0,0.00000,,0,0,0,0
2022-10-01,757.53007,552.58991,204.94017,0.00000,305,1,0,0,0.00000,0.00000,0.00000,0.00000,0,,0,0,0,0.00000,,0,0,0,0
2022-10-02,760.88181,555.94164,204.94017,0.00000,308,3,0,0,0.00000,0.00000,0.00000,0.00000,0,,0,0,0,0.00000,,0,0,0,0
2022-10-03,760.65836,555.71819,204.94017,0.00000,307,0,0,1,0.00000,0.00000,200.00000,0.00000,0,,0,0,0,0.00000,,0,0,0,0
2022-10-04,763.33975,558.39959,204.94017,0.00000,308,1,0,0,0.00000,0.00000,0.00000,0.00000,0,,0,0,0,0.00000,,0,0,0,0
2022-10-05,762.89285,558.39959,204.49327,0.00000,307,0,0,0,0.00000,0.00000,0.00000,0.00000,0,,0,0,0,0.00000,,0,0,0,0
2022-10-06,762.89285,558.39959,204.49327,0.00000,307,0,0,0,0.00000,0.00000,0.00000,0.00000,0,,0,0,0,0.00000,,0,0,0,0
2022-10-07,780.54534,567.11410,213.43124,0.00000,311,4,0,0,0.00000,0.00000,0.00000,0.00000,0,,0,0,0,0.00000,,0,0,0,0
2022-10-08,797.08058,583.64935,213.43124,0.00000,313,3,0,1,0.00000,0.00000,200.00000,0.00000,0,,0,0,0,0.00000,,0,0,0,0
2022-10-09,801.32612,587.89488,213.43124,0.00000,315,2,0,0,0.00000,0.00000,0.00000,0.00000,0,,0,0,0,0.00000,,0,0,0,0
2022-10-10,801.32612,587.89488,213.43124,0.00000,315,0,0,0,0.00000,0.00000,0.00000,0.00000,0,,0,0,0,0.00000,,0,0,0,0
2022-10-11,801.32612,587.89488,213.43124,0.00000,315,0,0,0,0.00000,0.00000,0.00000,0.00000,0,,0,0,0,0.00000,,0,0,0,0
2022-10-12,792.38815,587.89488,204.49327,0.00000,314,0,0,0,0.00000,0.00000,0.00000,0.00000,0,,0,0,0,0.00000,,0,0,0,0
2022-10-13,794.62264,590.57627,204.04637,0.00000,314,1,0,0,0.00000,0.00000,0.00000,0.00000,0,,0,0,0,0.00000,,0,0,0,0
2022-10-14,797.30403,593.25766,204.04637,0.00000,315,1,0,0,0.00000,0.00000,0.00000,0.00000,0,,0,0,0,0.00000,,0,0,0,0
2022-10-15,797.75093,593.48111,204.26982,0.00000,317,2,0,0,0.00000,0.00000,0.00000,0.00000,0,,0,0,0,0.00000,,0,0,0,0
2022-10-16,797.97438,593.25766,204.71672,0.00000,317,1,0,1,0.00000,0.00000,200.00000,0.00000,0,,0,0,0,0.00000,,0,0,0,0
2022-10-17,799.94818,593.25766,206.69052,0.00000,318,1,0,0,0.00000,0.00000,0.00000,0.00000,0,,0,0,0,0.00000,,0,0,0,0
2022-10-18,799.94818,593.25766,206.69052,0.00000,318,0,0,0,0.00000,0.00000,0.00000,0.00000,0,,0,0,0,0.00000,,0,0,0,0
2022-10-19,804.41717,597.72665,206.69052,0.00000,319,1,0,0,0.00000,0.00000,0.00000,0.00000,0,,0,0,0,0.00000,,0,0,0,0
2022-10-20,804.19372,597.50320,206.69052,0.00000,318,0,0,1,0.00000,0.00000,200.00000,0.00000,0,,0,0,0,0.00000,,0,0,0,0
2022-10-21,804.19372,597.50320,206.69052,0.00000,318,0,0,0,0.00000,0.00000,0.00000,0.00000,0,,0,0,0,0.00000,,0,0,0,0
2022-10-22,804.41717,597.72665,206.69052,0.00000,319,1,0,0,0.00000,0.00000,0.00000,0.00000,0,,0,0,0,0.00000,,0,0,0,0
2022-10-23,804.41717,597.72665,206.69052,0.00000,319,0,0,0,0.00000,0.00000,0.00000,0.00000,0,,0,0,0,0.00000,,0,0,0,0
2022-10-24,805.98131,599.29079,206.69052,0.00000,320,1,0,0,0.00000,0.00000,0.00000,0.00000,0,,0,0,0,0.00000,,0,0,0,0
2022-10-25,806.24200,601.52528,204.71672,0.00000,319,1,0,1,0.00000,0.00000,200.00000,0.00000,0,,0,0,0,0.00000,,0,0,0,0
2022-10-26,806.24200,601.52528,204.71672,0.00000,319,0,0,0,0.00000,0.00000,0.00000,0.00000,0,,0,0,0,0.00000,,0,0,0,0
2022-10-27,806.24200,601.52528,204.71672,0.00000,319,0,0,0,0.00000,0.00000,0.00000,0.00000,0,,0,0,0,0.00000,,0,0,0,0
2022-10-28,803.82130,601.07838,202.74292,0.00000,317,0,0,1,0.00000,0.00000,200.00000,0.00000,0,,0,0,0,0.00000,,0,0,0,0
2022-10-29,803.82130,601.07838,202.74292,0.00000,317,1,0,0,0.00000,0.00000,0.00000,0.00000,0,,0,0,0,0.00000,,0,0,0,0
2022-10-30,808.06684,605.54737,202.51947,0.00000,317,1,0,0,0.00000,0.00000,0.00000,0.00000,0,,0,0,0,0.00000,,0,0,0,0
2022-10-31,810.74823,608.22876,202.51947,0.00000,318,1,0,0,0.00000,0.00000,0.00000,0.00000,0,,0,0,0,0.00000,,0,0,0,0
2022-11-01,810.30133,608.22876,202.07257,0.00000,317,1,0,1,0.00000,0.00000,200.00000,0.00000,0,,0,0,0,0.00000,,0,0,0,0
2022-11-02,808.32753,608.22876,200.09877,0.00000,316,0,0,0,0.00000,0.00000,0.00000,0.00000,0,,0,0,0,0.00000,,0,0,0,0
2022-11-03,822.14414,611.13360,211.01054,0.00000,320,4,0,0,0.00000,0.00000,0.00000,0.00000,0,,0,0,0,0.00000,,0,0,0,0
2022-11-04,823.70828,612.69774,211.01054,0.00000,321,1,0,0,0.00000,0.00000,0.00000,0.00000,0,,0,0,0,0.00000,,0,0,0,0
2022-11-05,825.94277,615.37913,210.56364,0.00000,321,1,0,0,0.00000,0.00000,0.00000,0.00000,0,,0,0,0,0.00000,,0,0,0,0
2022-11-06,820.35654,618.06053,202.29602,0.00000,321,1,0,0,0.00000,0.00000,0.00000,0.00000,0,,0,0,0,0.00000,,0,0,0,0
2022-11-07,823.26138,620.96536,202.29602,0.00000,322,2,0,1,0.00000,0.00000,200.00000,0.00000,0,,0,0,0,0.00000,,0,0,0,0
2022-11-08,825.23519,620.96536,204.26982,0.00000,323,1,0,0,0.00000,0.00000,0.00000,0.00000,0,,0,0,0,0.00000,,0,0,0,0
2022-11-09,826.12898,621.41226,204.71672,0.00000,326,3,0,0,0.00000,0.00000,0.00000,0.00000,0,,0,0,0,0.00000,,0,0,0,0
2022-11-10,832.57177,625.88125,206.69052,0.00000,328,2,0,0,0.00000,0.00000,0.00000,0.00000,0,,0,0,0,0.00000,,0,0,0,0
2022-11-11,832.57177,625.88125,206.69052,0.00000,328,0,0,0,0.00000,0.00000,0.00000,0.00000,0,,0,0,0,0.00000,,0,0,0,0
2022-11-12,834.54557,625.88125,208.66432,0.00000,329,1,0,0,0.00000,0.00000,0.00000,0.00000,0,,0,0,0,0.00000,,0,0,0,0
2022-11-13,837.22696,628.56264,208.66432,0.00000,330,1,0,0,0.00000,0.00000,0.00000,0.00000,0,,0,0,0,0.00000,,0,0,0,0
2022-11-14,845.94148,637.27716,208.66432,0.00000,332,2,0,0,0.00000,0.00000,0.00000,0.00000,0,,0,0,0,0.00000,,0,0,0,0
2022-11-15,845.94148,637.27716,208.66432,0.00000,332,0,0,0,0.00000,0.00000,0.00000,0.00000,0,,0,0,0,0.00000,,0,0,0,0
2022-11-16,851.52771,642.86339,208.66432,0.00000,335,3,0,0,0.00000,0.00000,0.00000,0.00000,0,,0,0,0,0.00000,,0,0,0,0
2022-11-17,850.85736,642.86339,207.99397,0.00000,334,0,0,0,0.00000,0.00000,0.00000,0.00000,0,,0,0,0,0.00000,,0,0,0,0
2022-11-18,851.08081,643.08684,207.99397,0.00000,335,1,0,0,0.00000,0.00000,0.00000,0.00000,0,,0,0,0,0.00000,,0,0,0,0
2022-11-19,853.76220,645.76823,207.99397,0.00000,336,1,0,0,0.00000,0.00000,0.00000,0.00000,0,,0,0,0,0.00000,,0,0,0,0
2022-11-20,853.98565,645.99168,207.99397,0.00000,337,1,0,0,0.00000,0.00000,0.00000,0.00000,0,,0,0,0,0.00000,,0,0,0,0
2022-11-21,854.20910,646.21513,207.99397,0.00000,338,1,0,0,0.00000,0.00000,0.00000,0.00000,0,,0,0,0,0.00000,,0,0,0,0
2022-11-22,855.32635,647.77927,207.54708,0.00000,338,1,0,0,0.00000,0.00000,0.00000,0.00000,0,,0,0,0,0.00000,,0,0,0,0
2022-11-23,861.35948,653.81240,207.54708,0.00000,339,1,0,0,0.00000,0.00000,0.00000,0.00000,0,,0,0,0,0.00000,,0,0,0,0
2022-11-24,862.92362,655.37654,207.54708,0.00000,340,1,0,0,0.00000,0.00000,0.00000,0.00000,0,,0,0,0,0.00000,,0,0,0,0
2022-11-25,864.93466,657.83449,207.10018,0.00000,339,1,0,1,0.00000,0.00000,200.00000,0.00000,0,,0,0,0,0.00000,,0,0,0,0
2022-11-26,869.18020,662.08002,207.10018,0.00000,341,2,0,0,0.00000,0.00000,0.00000,0.00000,0,,0,0,0,0.00000,,0,0,0,0
2022-11-27,874.98988,667.88970,207.10018,0.00000,344,3,0,0,0.00000,0.00000,0.00000,0.00000,0,,0,0,0,0.00000,,0,0,0,0
2022-11-28,873.01608,667.88970,205.12638,0.00000,343,0,0,0,0.00000,0.00000,0.00000,0.00000,0,,0,0,0,0.00000,,0,0,0,0
2022-11-29,885.75268,672.13523,213.61745,0.00000,345,3,0,0,0.00000,0.00000,0.00000,0.00000,0,,0,0,0,0.00000,,0,0,0,0
2022-11-30,888.43407,674.81663,213.61745,0.00000,346,1,0,0,0.00000,0.00000,0.00000,0.00000,0,,0,0,0,0.00000,,0,0,0,0
2022-12-01,888.88097,674.81663,214.06434,0.00000,347,1,0,0,0.00000,0.00000,0.00000,0.00000,0,,0,0,0,0.00000,,0,0,0,0
2022-12-02,888.65752,674.59318,214.06434,0.00000,346,0,0,1,0.00000,0.00000,200.00000,0.00000,0,,0,0,0,0.00000,,0,0,0,0
2022-12-03,893.12650,679.06216,214.06434,0.00000,347,1,0,0,0.00000,0.00000,0.00000,0.00000,0,,0,0,0,0.00000,,0,0,0,0
2022-12-04,892.90306,678.83871,214.06434,0.00000,346,0,0,1,0.00000,0.00000,200.00000,0.00000,0,,0,0,0,0.00000,,0,0,0,0
2022-12-05,895.58445,681.52010,214.06434,0.00000,347,1,0,0,0.00000,0.00000,0.00000,0.00000,0,,0,0,0,0.00000,,0,0,0,0
2022-12-06,895.13755,681.07320,214.06434,0.00000,345,0,0,2,0.00000,0.00000,400.00000,0.00000,0,,0,0,0,0.00000,,0,0,0,0
2022-12-07,897.81894,683.75459,214.06434,0.00000,346,1,0,0,0.00000,0.00000,0.00000,0.00000,0,,0,0,0,0.00000,,0,0,0,0
2022-12-08,900.50033,686.43598,214.06434,0.00000,347,1,0,0,0.00000,0.00000,0.00000,0.00000,0,,0,0,0,0.00000,,0,0,0,0
2022-12-09,900.50033,686.43598,214.06434,0.00000,347,0,0,0,0.00000,0.00000,0.00000,0.00000,0,,0,0,0,0.00000,,0,0,0,0
2022-12-10,900.50033,686.43598,214.06434,0.00000,347,0,0,0,0.00000,0.00000,0.00000,0.00000,0,,0,0,0,0.00000,,0,0,0,0
2022-12-11,900.94723,686.88288,214.06434,0.00000,348,1,0,0,0.00000,0.00000,0.00000,0.00000,0,,0,0,0,0.00000,,0,0,0,0
2022-12-12,900.72378,686.65943,214.06434,0.00000,347,0,0,1,0.00000,0.00000,200.00000,0.00000,0,,0,0,0,0.00000,,0,0,0,0
2022-12-13,900.72378,686.65943,214.06434,0.00000,347,0,0,0,0.00000,0.00000,0.00000,0.00000,0,,0,0,0,0.00000,,0,0,0,0
2022-12-14,900.27688,686.21254,214.06434,0.00000,346,0,0,1,0.00000,0.00000,200.00000,0.00000,0,,0,0,0,0.00000,,0,0,0,0
2022-12-15,900.27688,686.21254,214.06434,0.00000,346,0,0,0,0.00000,0.00000,0.00000,0.00000,0,,0,0,0,0.00000,,0,0,0,0
2022-12-16,899.60653,686.21254,213.39400,0.00000,345,0,0,0,0.00000,0.00000,0.00000,0.00000,0,,0,0,0,0.00000,,0,0,0,0
2022-12-17,899.38308,686.21254,213.17055,0.00000,344,0,0,0,0.00000,0.00000,0.00000,0.00000,0,,0,0,0,0.00000,,0,0,0,0
2022-12-18,901.84102,688.67048,213.17055,0.00000,344,1,0,1,0.00000,0.00000,200.00000,0.00000,0,,0,0,0,0.00000,,0,0,0,0
2022-12-19,904.07552,690.90497,213.17055,0.00000,344,1,0,1,0.00000,0.00000,200.00000,0.00000,0,,0,0,0,0.00000,,0,0,0,0
2022-12-20,906.75691,693.58636,213.17055,0.00000,345,1,0,0,0.00000,0.00000,0.00000,0.00000,0,,0,0,0,0.00000,,0,0,0,0
2022-12-21,913.68383,700.73673,212.94710,0.00000,347,3,0,0,0.00000,0.00000,0.00000,0.00000,0,,0,0,0,0.00000,,0,0,0,0
2022-12-22,913.68383,700.73673,212.94710,0.00000,347,0,0,0,0.00000,0.00000,0.00000,0.00000,0,,0,0,0,0.00000,,0,0,0,0
2022-12-23,916.36522,703.41812,212.94710,0.00000,348,1,0,0,0.00000,0.00000,0.00000,0.00000,0,,0,0,0,0.00000,,0,0,0,0
2022-12-24,919.04661,706.09952,212.94710,0.00000,349,1,0,0,0.00000,0.00000,0.00000,0.00000,0,,0,0,0,0.00000,,0,0,0,0
2022-12-25,919.04661,706.09952,212.94710,0.00000,349,0,0,0,0.00000,0.00000,0.00000,0.00000,0,,0,0,0,0.00000,,0,0,0,0
2022-12-26,921.72800,708.78091,212.94710,0.00000,350,1,0,0,0.00000,0.00000,0.00000,0.00000,0,,0,0,0,0.00000,,0,0,0,0
2022-12-27,921.50456,708.55746,212.94710,0.00000,349,0,0,1,0.00000,0.00000,200.00000,0.00000,0,,0,0,0,0.00000,,0,0,0,0
2022-12-28,921.05766,708.11056,212.94710,0.00000,348,0,0,1,0.00000,0.00000,200.00000,0.00000,0,,0,0,0,0.00000,,0,0,0,0
2022-12-29,921.05766,708.11056,212.94710,0.00000,348,0,0,0,0.00000,0.00000,0.00000,0.00000,0,,0,0,0,0.00000,,0,0,0,0
2022-12-30,929.32528,708.11056,221.21472,0.00000,349,1,0,0,0.00000,0.00000,0.00000,0.00000,0,,0,0,0,0.00000,,0,0,0,0
2022-12-31,929.32528,708.11056,221.21472,0.00000,349,0,0,0,0.00000,0.00000,0.00000,0.00000,0,,0,0,0,0.00000,,0,0,0,0
