Date,Daily Emissions (Kg Methane),Daily Mitigable Emissions (Kg Methane),Daily Non-Mitigable Emissions (Kg Methane),Daily Cost ($),Active Leaks,New Leaks,Leaks Repaired,Leaks Naturally Repaired,Leaks Tagged,Daily Repair Cost ($),Daily Natural Repair Cost ($),OGI_mdl_high Deployment Cost ($),OGI_mdl_high Sites flagged for Follow-Up,OGI_mdl_high Leaks tagged for repair,OGI_mdl_high Sites Visited,OGI_mdl_high Travel Time (Minutes),OGI_mdl_high Survey Time (Minutes)
2022-01-01,44457.36804,9741.84804,34715.52000,2876.00000,383,386,0,2,35,0.00000,400.00000,2876.00000,,35,3,180,300
2022-01-02,44751.12804,9741.84804,35009.28000,2876.00000,384,1,0,0,53,0.00000,0.00000,2876.00000,,53,3,180,360
2022-01-03,44216.75219,9794.99219,34421.76000,2876.00000,383,1,0,0,41,0.00000,0.00000,2876.00000,,41,3,180,300
2022-01-04,44211.86877,9790.10877,34421.76000,2876.00000,382,0,0,1,60,0.00000,200.00000,2876.00000,,60,3,180,360
2022-01-05,44214.35360,9792.59360,34421.76000,0.00000,383,1,0,0,0,0.00000,0.00000,0.00000,,0,0,0,0
2022-01-06,45084.88765,9799.12765,35285.76000,0.00000,387,4,0,0,0,0.00000,0.00000,0.00000,,0,0,0,0
2022-01-07,45084.88765,9799.12765,35285.76000,0.00000,387,0,0,0,0,0.00000,0.00000,0.00000,,0,0,0,0
2022-01-08,45084.42034,9798.66034,35285.76000,0.00000,386,1,0,2,0,0.00000,400.00000,0.00000,,0,0,0,0
2022-01-09,44221.86431,9800.10431,34421.76000,0.00000,386,1,0,0,0,0.00000,0.00000,0.00000,,0,0,0,0
2022-01-10,44221.86431,9800.10431,34421.76000,0.00000,386,0,0,0,0,0.00000,0.00000,0.00000,,0,0,0,0
2022-01-11,44225.62206,9803.86206,34421.76000,0.00000,387,1,0,0,0,0.00000,0.00000,0.00000,,0,0,0,0
2022-01-12,42584.02206,9803.86206,32780.16000,0.00000,386,1,0,0,0,0.00000,0.00000,0.00000,,0,0,0,0
2022-01-13,41718.04711,9801.88711,31916.16000,0.00000,383,0,0,2,0,0.00000,400.00000,0.00000,,0,0,0,0
2022-01-14,41721.52200,9805.36200,31916.16000,0.00000,384,1,0,0,0,0.00000,0.00000,0.00000,,0,0,0,0
2022-01-15,41721.23536,9805.07536,31916.16000,0.00000,382,0,0,2,0,0.00000,400.00000,0.00000,,0,0,0,0
2022-01-16,40605.06183,8395.14183,32209.92000,5600.00000,355,1,28,0,0,5600.00000,0.00000,0.00000,,0,0,0,0
2022-01-17,38204.78998,5994.86998,32209.92000,9000.00000,310,0,45,0,0,9000.00000,0.00000,0.00000,,0,0,0,0
2022-01-18,36878.67453,4962.51453,31916.16000,7000.00000,276,3,35,0,0,7000.00000,0.00000,0.00000,,0,0,0,0
2022-01-19,32554.01744,931.61744,31622.40000,9600.00000,226,0,48,1,0,9600.00000,200.00000,0.00000,,0,0,0,0
2022-01-20,32797.96790,1175.56790,31622.40000,0.00000,229,3,0,0,0,0.00000,0.00000,0.00000,,0,0,0,0
2022-01-21,32797.96790,1175.56790,31622.40000,0.00000,229,0,0,0,0,0.00000,0.00000,0.00000,,0,0,0,0
2022-01-22,32818.44473,1196.04473,31622.40000,0.00000,231,2,0,0,0,0.00000,0.00000,0.00000,,0,0,0,0
2022-01-23,32901.62803,1279.22803,31622.40000,0.00000,231,2,0,2,0,0.00000,400.00000,0.00000,,0,0,0,0
2022-01-24,32806.12678,1183.72678,31622.40000,0.00000,229,0,0,2,0,0.00000,400.00000,0.00000,,0,0,0,0
2022-01-25,31992.98650,1234.58650,30758.40000,0.00000,229,1,0,0,0,0.00000,0.00000,0.00000,,0,0,0,0
2022-01-26,31809.62232,1224.02232,30585.60000,0.00000,226,0,0,1,0,0.00000,200.00000,0.00000,,0,0,0,0
2022-01-27,31809.76661,1224.16661,30585.60000,0.00000,227,1,0,0,0,0.00000,0.00000,0.00000,,0,0,0,0
2022-01-28,31809.76661,1224.16661,30585.60000,0.00000,227,0,0,0,0,0.00000,0.00000,0.00000,,0,0,0,0
2022-01-29,31809.76661,1224.16661,30585.60000,0.00000,227,0,0,0,0,0.00000,0.00000,0.00000,,0,0,0,0
2022-01-30,31809.76661,1224.16661,30585.60000,0.00000,227,0,0,0,0,0.00000,0.00000,0.00000,,0,0,0,0
2022-01-31,31915.51281,1226.23281,30689.28000,0.00000,227,2,0,2,0,0.00000,400.00000,0.00000,,0,0,0,0
2022-02-01,31927.83099,1238.55099,30689.28000,0.00000,228,2,0,0,0,0.00000,0.00000,0.00000,,0,0,0,0
2022-02-02,33097.20175,1250.16175,31847.04000,0.00000,230,3,0,1,0,0.00000,200.00000,0.00000,,0,0,0,0
2022-02-03,33097.20175,1250.16175,31847.04000,0.00000,230,0,0,0,0,0.00000,0.00000,0.00000,,0,0,0,0
2022-02-04,33097.50965,1250.46965,31847.04000,0.00000,231,1,0,0,0,0.00000,0.00000,0.00000,,0,0,0,0
2022-02-05,33961.50965,1250.46965,32711.04000,0.00000,232,1,0,0,0,0.00000,0.00000,0.00000,,0,0,0,0
2022-02-06,34531.74965,1250.46965,33281.28000,0.00000,232,2,0,0,0,0.00000,0.00000,0.00000,,0,0,0,0
2022-02-07,34428.06965,1250.46965,33177.60000,0.00000,231,0,0,0,0,0.00000,0.00000,0.00000,,0,0,0,0
2022-02-08,34428.06965,1250.46965,33177.60000,0.00000,231,0,0,0,0,0.00000,0.00000,0.00000,,0,0,0,0
2022-02-09,35293.72809,1252.12809,34041.60000,0.00000,233,2,0,0,0,0.00000,0.00000,0.00000,,0,0,0,0
2022-02-10,35008.49634,1260.65634,33747.84000,0.00000,232,1,0,1,0,0.00000,200.00000,0.00000,,0,0,0,0
2022-02-11,35008.78407,1260.94407,33747.84000,0.00000,233,1,0,0,0,0.00000,0.00000,0.00000,,0,0,0,0
2022-02-12,35015.81882,1267.97882,33747.84000,0.00000,234,1,0,0,0,0.00000,0.00000,0.00000,,0,0,0,0
2022-02-13,35155.65404,1407.81404,33747.84000,0.00000,236,2,0,0,0,0.00000,0.00000,0.00000,,0,0,0,0
2022-02-14,35226.92230,1375.40230,33851.52000,0.00000,236,1,0,1,0,0.00000,200.00000,0.00000,,0,0,0,0
2022-02-15,35140.52230,1375.40230,33765.12000,0.00000,235,0,0,0,0,0.00000,0.00000,0.00000,,0,0,0,0
2022-02-16,35054.51649,1375.79649,33678.72000,0.00000,235,1,0,0,0,0.00000,0.00000,0.00000,,0,0,0,0
2022-02-17,34970.55940,1378.23940,33592.32000,0.00000,235,1,0,0,0,0.00000,0.00000,0.00000,,0,0,0,0
2022-02-18,35077.21085,1381.21085,33696.00000,0.00000,237,2,0,0,0,0.00000,0.00000,0.00000,,0,0,0,0
2022-02-19,35079.35627,1383.35627,33696.00000,0.00000,238,1,0,0,0,0.00000,0.00000,0.00000,,0,0,0,0
2022-02-20,35373.11627,1383.35627,33989.76000,0.00000,239,1,0,0,0,0.00000,0.00000,0.00000,,0,0,0,0
2022-02-21,36323.50406,1383.34406,34940.16000,0.00000,240,2,0,1,0,0.00000,200.00000,0.00000,,0,0,0,0
2022-02-22,36323.50406,1383.34406,34940.16000,0.00000,240,0,0,0,0,0.00000,0.00000,0.00000,,0,0,0,0
2022-02-23,36323.50406,1383.34406,34940.16000,0.00000,240,0,0,0,0,0.00000,0.00000,0.00000,,0,0,0,0
2022-02-24,36323.50406,1383.34406,34940.16000,0.00000,240,0,0,0,0,0.00000,0.00000,0.00000,,0,0,0,0
2022-02-25,36409.87162,1383.31162,35026.56000,0.00000,240,1,0,1,0,0.00000,200.00000,0.00000,,0,0,0,0
2022-02-26,36409.87162,1383.31162,35026.56000,0.00000,240,0,0,0,0,0.00000,0.00000,0.00000,,0,0,0,0
2022-02-27,36430.35694,1403.79694,35026.56000,0.00000,241,1,0,0,0,0.00000,0.00000,0.00000,,0,0,0,0
2022-02-28,36430.35694,1403.79694,35026.56000,0.00000,241,0,0,0,0,0.00000,0.00000,0.00000,,0,0,0,0
2022-03-01,36430.35694,1403.79694,35026.56000,0.00000,241,0,0,0,0,0.00000,0.00000,0.00000,,0,0,0,0
2022-03-02,36136.46692,1403.66692,34732.80000,0.00000,239,0,0,1,0,0.00000,200.00000,0.00000,,0,0,0,0
2022-03-03,36136.46692,1403.66692,34732.80000,0.00000,239,0,0,0,0,0.00000,0.00000,0.00000,,0,0,0,0
2022-03-04,36253.07300,1520.27300,34732.80000,0.00000,241,2,0,0,0,0.00000,0.00000,0.00000,,0,0,0,0
2022-03-05,36253.07300,1520.27300,34732.80000,0.00000,241,0,0,0,0,0.00000,0.00000,0.00000,,0,0,0,0
2022-03-06,36253.07300,1520.27300,34732.80000,0.00000,241,0,0,0,0,0.00000,0.00000,0.00000,,0,0,0,0
2022-03-07,37236.65107,1518.89107,35717.76000,0.00000,242,4,0,2,0,0.00000,400.00000,0.00000,,0,0,0,0
2022-03-08,37162.84917,1531.48917,35631.36000,0.00000,242,1,0,0,0,0.00000,0.00000,0.00000,,0,0,0,0
2022-03-09,37154.66871,1523.30871,35631.36000,0.00000,240,0,0,2,0,0.00000,400.00000,0.00000,,0,0,0,0
2022-03-10,36860.90871,1523.30871,35337.60000,0.00000,239,0,0,0,0,0.00000,0.00000,0.00000,,0,0,0,0
2022-03-11,36860.90871,1523.30871,35337.60000,0.00000,239,0,0,0,0,0.00000,0.00000,0.00000,,0,0,0,0
2022-03-12,36860.90871,1523.30871,35337.60000,0.00000,239,0,0,0,0,0.00000,0.00000,0.00000,,0,0,0,0
2022-03-13,37084.91892,1557.23892,35527.68000,0.00000,241,3,0,1,0,0.00000,200.00000,0.00000,,0,0,0,0
2022-03-14,37083.97943,1556.29943,35527.68000,0.00000,240,1,0,2,0,0.00000,400.00000,0.00000,,0,0,0,0
2022-03-15,36876.61943,1556.29943,35320.32000,0.00000,240,1,0,0,0,0.00000,0.00000,0.00000,,0,0,0,0
2022-03-16,37558.92860,2238.60860,35320.32000,0.00000,242,2,0,0,0,0.00000,0.00000,0.00000,,0,0,0,0
2022-03-17,37589.97892,2269.65892,35320.32000,0.00000,244,2,0,0,0,0.00000,0.00000,0.00000,,0,0,0,0
2022-03-18,37633.98345,2313.66345,35320.32000,0.00000,246,2,0,0,0,0.00000,0.00000,0.00000,,0,0,0,0
2022-03-19,38497.98345,2313.66345,36184.32000,0.00000,247,1,0,0,0,0.00000,0.00000,0.00000,,0,0,0,0
2022-03-20,38503.65216,2319.33216,36184.32000,0.00000,248,2,0,1,0,0.00000,200.00000,0.00000,,0,0,0,0
2022-03-21,38503.65216,2319.33216,36184.32000,0.00000,248,0,0,0,0,0.00000,0.00000,0.00000,,0,0,0,0
2022-03-22,38503.65216,2319.33216,36184.32000,0.00000,248,0,0,0,0,0.00000,0.00000,0.00000,,0,0,0,0
2022-03-23,37754.18065,2330.18065,35424.00000,0.00000,249,2,0,0,0,0.00000,0.00000,0.00000,,0,0,0,0
2022-03-24,37754.63024,2330.63024,35424.00000,0.00000,250,1,0,0,0,0.00000,0.00000,0.00000,,0,0,0,0
2022-03-25,37754.71224,2330.71224,35424.00000,0.00000,251,1,0,0,0,0.00000,0.00000,0.00000,,0,0,0,0
2022-03-26,37752.87927,2328.87927,35424.00000,0.00000,250,0,0,1,0,0.00000,200.00000,0.00000,,0,0,0,0
2022-03-27,38617.40375,2329.40375,36288.00000,0.00000,252,2,0,0,0,0.00000,0.00000,0.00000,,0,0,0,0
2022-03-28,38619.50328,2331.50328,36288.00000,0.00000,254,2,0,0,0,0.00000,0.00000,0.00000,,0,0,0,0
2022-03-29,38237.27989,2260.31989,35976.96000,0.00000,252,1,0,1,0,0.00000,200.00000,0.00000,,0,0,0,0
2022-03-30,38237.27989,2260.31989,35976.96000,0.00000,252,0,0,0,0,0.00000,0.00000,0.00000,,0,0,0,0
2022-03-31,37943.51989,2260.31989,35683.20000,0.00000,251,0,0,0,0,0.00000,0.00000,0.00000,,0,0,0,0
2022-04-01,37942.33121,2259.13121,35683.20000,0.00000,251,1,0,1,0,0.00000,200.00000,0.00000,,0,0,0,0
2022-04-02,38236.09121,2259.13121,35976.96000,0.00000,252,1,0,0,0,0.00000,0.00000,0.00000,,0,0,0,0
2022-04-03,38236.70309,2259.74309,35976.96000,0.00000,253,1,0,0,0,0.00000,0.00000,0.00000,,0,0,0,0
2022-04-04,38409.61926,2346.25926,36063.36000,0.00000,256,3,0,0,0,0.00000,0.00000,0.00000,,0,0,0,0
2022-04-05,38515.12827,2348.08827,36167.04000,0.00000,259,3,0,0,0,0.00000,0.00000,0.00000,,0,0,0,0
2022-04-06,38909.76628,2448.96628,36460.80000,0.00000,261,3,0,0,0,0.00000,0.00000,0.00000,,0,0,0,0
2022-04-07,38050.27773,2453.47773,35596.80000,0.00000,261,2,0,1,0,0.00000,200.00000,0.00000,,0,0,0,0
2022-04-08,38050.27773,2453.47773,35596.80000,0.00000,261,0,0,0,0,0.00000,0.00000,0.00000,,0,0,0,0
2022-04-09,38968.16713,2490.08713,36478.08000,0.00000,264,4,0,1,0,0.00000,200.00000,0.00000,,0,0,0,0
2022-04-10,38968.16713,2490.08713,36478.08000,0.00000,264,0,0,0,0,0.00000,0.00000,0.00000,,0,0,0,0
2022-04-11,38968.46139,2490.38139,36478.08000,0.00000,266,2,0,0,0,0.00000,0.00000,0.00000,,0,0,0,0
2022-04-12,38968.46139,2490.38139,36478.08000,0.00000,266,0,0,0,0,0.00000,0.00000,0.00000,,0,0,0,0
2022-04-13,39350.15429,2491.91429,36858.24000,0.00000,269,4,0,0,0,0.00000,0.00000,0.00000,,0,0,0,0
2022-04-14,39350.15429,2491.91429,36858.24000,0.00000,269,0,0,0,0,0.00000,0.00000,0.00000,,0,0,0,0
2022-04-15,39453.83429,2491.91429,36961.92000,0.00000,270,1,0,0,0,0.00000,0.00000,0.00000,,0,0,0,0
2022-04-16,39643.91429,2491.91429,37152.00000,0.00000,270,1,0,0,0,0.00000,0.00000,0.00000,,0,0,0,0
2022-04-17,38779.91429,2491.91429,36288.00000,0.00000,269,0,0,0,0,0.00000,0.00000,0.00000,,0,0,0,0
2022-04-18,38778.68387,2490.68387,36288.00000,0.00000,267,0,0,2,0,0.00000,400.00000,0.00000,,0,0,0,0
2022-04-19,38778.38643,2490.38643,36288.00000,0.00000,267,1,0,1,0,0.00000,200.00000,0.00000,,0,0,0,0
2022-04-20,38763.87763,2493.15763,36270.72000,0.00000,266,2,0,2,0,0.00000,400.00000,0.00000,,0,0,0,0
2022-04-21,38763.87763,2493.15763,36270.72000,0.00000,266,0,0,0,0,0.00000,0.00000,0.00000,,0,0,0,0
2022-04-22,38763.87763,2493.15763,36270.72000,0.00000,266,0,0,0,0,0.00000,0.00000,0.00000,,0,0,0,0
2022-04-23,39635.33899,2500.61899,37134.72000,0.00000,268,2,0,0,0,0.00000,0.00000,0.00000,,0,0,0,0
2022-04-24,38771.33899,2500.61899,36270.72000,0.00000,267,0,0,0,0,0.00000,0.00000,0.00000,,0,0,0,0
2022-04-25,38771.33899,2500.61899,36270.72000,0.00000,267,0,0,0,0,0.00000,0.00000,0.00000,,0,0,0,0
2022-04-26,38775.23283,2504.51283,36270.72000,0.00000,269,2,0,0,0,0.00000,0.00000,0.00000,,0,0,0,0
2022-04-27,38772.75408,2502.03408,36270.72000,0.00000,268,0,0,1,0,0.00000,200.00000,0.00000,,0,0,0,0
2022-04-28,38772.75408,2502.03408,36270.72000,0.00000,268,0,0,0,0,0.00000,0.00000,0.00000,,0,0,0,0
2022-04-29,38478.26914,2501.30914,35976.96000,0.00000,266,0,0,1,0,0.00000,200.00000,0.00000,,0,0,0,0
2022-04-30,37603.07502,2490.11502,35112.96000,0.00000,263,0,0,2,0,0.00000,400.00000,0.00000,,0,0,0,0
2022-05-01,37719.37886,2589.13886,35130.24000,0.00000,265,3,0,0,0,0.00000,0.00000,0.00000,,0,0,0,0
2022-05-02,38221.74990,2590.38990,35631.36000,0.00000,267,3,0,0,0,0.00000,0.00000,0.00000,,0,0,0,0
2022-05-03,38229.78331,2598.42331,35631.36000,0.00000,269,3,0,1,0,0.00000,200.00000,0.00000,,0,0,0,0
2022-05-04,38246.31612,2614.95612,35631.36000,0.00000,270,1,0,0,0,0.00000,0.00000,0.00000,,0,0,0,0
2022-05-05,38246.31612,2614.95612,35631.36000,0.00000,270,0,0,0,0,0.00000,0.00000,0.00000,,0,0,0,0
2022-05-06,37485.99612,2614.95612,34871.04000,0.00000,270,1,0,0,0,0.00000,0.00000,0.00000,,0,0,0,0
2022-05-07,37389.75449,2518.71449,34871.04000,0.00000,269,0,0,1,0,0.00000,200.00000,0.00000,,0,0,0,0
2022-05-08,37398.96589,2527.92589,34871.04000,0.00000,270,1,0,0,0,0.00000,0.00000,0.00000,,0,0,0,0
2022-05-09,37413.00428,2541.96428,34871.04000,0.00000,271,1,0,0,0,0.00000,0.00000,0.00000,,0,0,0,0
2022-05-10,37538.58437,2581.14437,34957.44000,0.00000,271,3,0,3,0,0.00000,600.00000,0.00000,,0,0,0,0
2022-05-11,37543.39361,2585.95361,34957.44000,0.00000,273,2,0,0,0,0.00000,0.00000,0.00000,,0,0,0,0
2022-05-12,37276.42259,2612.74259,34663.68000,0.00000,275,3,0,0,0,0.00000,0.00000,0.00000,,0,0,0,0
2022-05-13,37276.42259,2612.74259,34663.68000,0.00000,275,0,0,0,0,0.00000,0.00000,0.00000,,0,0,0,0
2022-05-14,36412.42259,2612.74259,33799.68000,0.00000,274,0,0,0,0,0.00000,0.00000,0.00000,,0,0,0,0
2022-05-15,36572.52087,2772.84087,33799.68000,0.00000,276,2,0,0,0,0.00000,0.00000,0.00000,,0,0,0,0
2022-05-16,36573.48126,2773.80126,33799.68000,0.00000,277,1,0,0,0,0.00000,0.00000,0.00000,,0,0,0,0
2022-05-17,36578.49167,2778.81167,33799.68000,0.00000,278,1,0,0,0,0.00000,0.00000,0.00000,,0,0,0,0
2022-05-18,37442.49167,2778.81167,34663.68000,0.00000,279,1,0,0,0,0.00000,0.00000,0.00000,,0,0,0,0
2022-05-19,37479.14733,2815.46733,34663.68000,0.00000,280,1,0,0,0,0.00000,0.00000,0.00000,,0,0,0,0
2022-05-20,37479.30829,2815.62829,34663.68000,0.00000,281,1,0,0,0,0.00000,0.00000,0.00000,,0,0,0,0
2022-05-21,37882.10513,2924.66513,34957.44000,0.00000,284,3,0,0,0,0.00000,0.00000,0.00000,,0,0,0,0
2022-05-22,38642.42513,2924.66513,35717.76000,0.00000,284,1,0,0,0,0.00000,0.00000,0.00000,,0,0,0,0
2022-05-23,38642.42513,2924.66513,35717.76000,0.00000,284,0,0,0,0,0.00000,0.00000,0.00000,,0,0,0,0
2022-05-24,38642.42513,2924.66513,35717.76000,0.00000,284,0,0,0,0,0.00000,0.00000,0.00000,,0,0,0,0
2022-05-25,37789.67563,2935.91563,34853.76000,0.00000,283,1,0,1,0,0.00000,200.00000,0.00000,,0,0,0,0
2022-05-26,37961.90257,2935.34257,35026.56000,0.00000,284,2,0,1,0,0.00000,200.00000,0.00000,,0,0,0,0
2022-05-27,38073.58123,3047.02123,35026.56000,0.00000,286,2,0,0,0,0.00000,0.00000,0.00000,,0,0,0,0
2022-05-28,37712.33450,3083.21450,34629.12000,0.00000,285,1,0,0,0,0.00000,0.00000,0.00000,,0,0,0,0
2022-05-29,38576.33450,3083.21450,35493.12000,0.00000,286,1,0,0,0,0.00000,0.00000,0.00000,,0,0,0,0
2022-05-30,38576.33450,3083.21450,35493.12000,0.00000,286,0,0,0,0,0.00000,0.00000,0.00000,,0,0,0,0
2022-05-31,38300.32707,3100.96707,35199.36000,0.00000,285,1,0,1,0,0.00000,200.00000,0.00000,,0,0,0,0
2022-06-01,38300.32707,3100.96707,35199.36000,0.00000,285,0,0,0,0,0.00000,0.00000,0.00000,,0,0,0,0
2022-06-02,38300.32707,3100.96707,35199.36000,0.00000,285,0,0,0,0,0.00000,0.00000,0.00000,,0,0,0,0
2022-06-03,38300.55600,3101.19600,35199.36000,0.00000,286,1,0,0,0,0.00000,0.00000,0.00000,,0,0,0,0
2022-06-04,38358.32936,3158.96936,35199.36000,0.00000,287,1,0,0,0,0.00000,0.00000,0.00000,,0,0,0,0
2022-06-05,38357.49452,3158.13452,35199.36000,0.00000,286,0,0,1,0,0.00000,200.00000,0.00000,,0,0,0,0
2022-06-06,38461.17452,3158.13452,35303.04000,0.00000,287,1,0,0,0,0.00000,0.00000,0.00000,,0,0,0,0
2022-06-07,38461.56841,3158.52841,35303.04000,0.00000,288,1,0,0,0,0.00000,0.00000,0.00000,,0,0,0,0
2022-06-08,38479.50428,3176.46428,35303.04000,0.00000,290,2,0,0,0,0.00000,0.00000,0.00000,,0,0,0,0
2022-06-09,38484.16509,3181.12509,35303.04000,0.00000,291,1,0,0,0,0.00000,0.00000,0.00000,,0,0,0,0
2022-06-10,38484.16509,3181.12509,35303.04000,0.00000,291,0,0,0,0,0.00000,0.00000,0.00000,,0,0,0,0
2022-06-11,38580.60344,3277.56344,35303.04000,0.00000,291,1,0,1,0,0.00000,200.00000,0.00000,,0,0,0,0
2022-06-12,39530.54479,3277.10479,36253.44000,0.00000,292,2,0,1,0,0.00000,200.00000,0.00000,,0,0,0,0
2022-06-13,39525.42685,3271.98685,36253.44000,0.00000,290,0,0,2,0,0.00000,400.00000,0.00000,,0,0,0,0
2022-06-14,39629.60425,3272.48425,36357.12000,0.00000,291,3,0,2,0,0.00000,400.00000,0.00000,,0,0,0,0
2022-06-15,39641.10449,3283.98449,36357.12000,0.00000,292,1,0,0,0,0.00000,0.00000,0.00000,,0,0,0,0
2022-06-16,39650.51994,3293.39994,36357.12000,0.00000,293,1,0,0,0,0.00000,0.00000,0.00000,,0,0,0,0
2022-06-17,39692.24161,3335.12161,36357.12000,0.00000,292,1,0,2,0,0.00000,400.00000,0.00000,,0,0,0,0
2022-06-18,39689.28575,3332.16575,36357.12000,0.00000,292,1,0,1,0,0.00000,200.00000,0.00000,,0,0,0,0
2022-06-19,39585.60575,3332.16575,36253.44000,0.00000,291,0,0,0,0,0.00000,0.00000,0.00000,,0,0,0,0
2022-06-20,39704.33043,3347.21043,36357.12000,0.00000,293,2,0,0,0,0.00000,0.00000,0.00000,,0,0,0,0
2022-06-21,39617.93043,3347.21043,36270.72000,0.00000,292,0,0,0,0,0.00000,0.00000,0.00000,,0,0,0,0
2022-06-22,38650.25043,3347.21043,35303.04000,0.00000,290,0,0,0,0,0.00000,0.00000,0.00000,,0,0,0,0
2022-06-23,39514.25043,3347.21043,36167.04000,0.00000,291,1,0,0,0,0.00000,0.00000,0.00000,,0,0,0,0
2022-06-24,39514.21515,3347.17515,36167.04000,0.00000,290,0,0,1,0,0.00000,200.00000,0.00000,,0,0,0,0
2022-06-25,39514.21515,3347.17515,36167.04000,0.00000,290,0,0,0,0,0.00000,0.00000,0.00000,,0,0,0,0
2022-06-26,39514.38536,3347.34536,36167.04000,0.00000,291,1,0,0,0,0.00000,0.00000,0.00000,,0,0,0,0
2022-06-27,39511.38886,3344.34886,36167.04000,0.00000,291,1,0,1,0,0.00000,200.00000,0.00000,,0,0,0,0
2022-06-28,39517.82496,3350.78496,36167.04000,0.00000,292,1,0,0,0,0.00000,0.00000,0.00000,,0,0,0,0
2022-06-29,38653.82496,3350.78496,35303.04000,0.00000,291,0,0,0,0,0.00000,0.00000,0.00000,,0,0,0,0
2022-06-30,38708.48833,3405.44833,35303.04000,0.00000,291,2,0,1,0,0.00000,200.00000,0.00000,,0,0,0,0
2022-07-01,38739.57394,3436.53394,35303.04000,0.00000,293,2,0,0,0,0.00000,0.00000,0.00000,,0,0,0,0
2022-07-02,38739.57394,3436.53394,35303.04000,0.00000,293,0,0,0,0,0.00000,0.00000,0.00000,,0,0,0,0
2022-07-03,38739.57394,3436.53394,35303.04000,0.00000,293,0,0,0,0,0.00000,0.00000,0.00000,,0,0,0,0
2022-07-04,38741.88059,3438.84059,35303.04000,0.00000,294,1,0,0,0,0.00000,0.00000,0.00000,,0,0,0,0
2022-07-05,38931.60887,3438.48887,35493.12000,0.00000,293,1,0,1,0,0.00000,200.00000,0.00000,,0,0,0,0
2022-07-06,39225.10700,3438.22700,35786.88000,0.00000,293,1,0,1,0,0.00000,200.00000,0.00000,,0,0,0,0
2022-07-07,39237.67618,3450.79618,35786.88000,0.00000,295,2,0,0,0,0.00000,0.00000,0.00000,,0,0,0,0
2022-07-08,39271.00545,3484.12545,35786.88000,0.00000,297,2,0,0,0,0.00000,0.00000,0.00000,,0,0,0,0
2022-07-09,39272.10821,3485.22821,35786.88000,0.00000,298,1,0,0,0,0.00000,0.00000,0.00000,,0,0,0,0
2022-07-10,40053.68951,3489.20951,36564.48000,0.00000,299,2,0,0,0,0.00000,0.00000,0.00000,,0,0,0,0
2022-07-11,40055.64056,3491.16056,36564.48000,0.00000,301,2,0,0,0,0.00000,0.00000,0.00000,,0,0,0,0
2022-07-12,40055.17573,3490.69573,36564.48000,0.00000,300,0,0,1,0,0.00000,200.00000,0.00000,,0,0,0,0
2022-07-13,40060.31963,3495.83963,36564.48000,0.00000,303,3,0,0,0,0.00000,0.00000,0.00000,,0,0,0,0
2022-07-14,40060.31963,3495.83963,36564.48000,0.00000,303,1,0,0,0,0.00000,0.00000,0.00000,,0,0,0,0
2022-07-15,40354.07963,3495.83963,36858.24000,0.00000,304,1,0,0,0,0.00000,0.00000,0.00000,,0,0,0,0
2022-07-16,39489.19976,3494.95976,35994.24000,0.00000,302,0,0,1,0,0.00000,200.00000,0.00000,,0,0,0,0
2022-07-17,39489.91268,3495.67268,35994.24000,0.00000,303,1,0,0,0,0.00000,0.00000,0.00000,,0,0,0,0
2022-07-18,39403.28946,3495.44946,35907.84000,0.00000,302,1,0,1,0,0.00000,200.00000,0.00000,,0,0,0,0
2022-07-19,39405.49978,3497.65978,35907.84000,0.00000,303,1,0,0,0,0.00000,0.00000,0.00000,,0,0,0,0
2022-07-20,39318.38942,3496.94942,35821.44000,0.00000,302,1,0,1,0,0.00000,200.00000,0.00000,,0,0,0,0
2022-07-21,39330.67719,3509.23719,35821.44000,0.00000,304,2,0,0,0,0.00000,0.00000,0.00000,,0,0,0,0
2022-07-22,39217.14165,3482.10165,35735.04000,0.00000,301,0,0,2,0,0.00000,400.00000,0.00000,,0,0,0,0
2022-07-23,39212.39522,3477.35522,35735.04000,0.00000,299,0,0,2,0,0.00000,400.00000,0.00000,,0,0,0,0
2022-07-24,39281.93068,3460.49068,35821.44000,0.00000,300,2,0,1,0,0.00000,200.00000,0.00000,,0,0,0,0
2022-07-25,39281.93068,3460.49068,35821.44000,0.00000,300,0,0,0,0,0.00000,0.00000,0.00000,,0,0,0,0
2022-07-26,39281.82032,3460.38032,35821.44000,0.00000,300,1,0,1,0,0.00000,200.00000,0.00000,,0,0,0,0
2022-07-27,39282.11308,3460.67308,35821.44000,0.00000,301,1,0,0,0,0.00000,0.00000,0.00000,,0,0,0,0
2022-07-28,39129.34111,3307.90111,35821.44000,0.00000,299,0,0,2,0,0.00000,400.00000,0.00000,,0,0,0,0
2022-07-29,38288.37087,3330.93087,34957.44000,0.00000,299,1,0,0,0,0.00000,0.00000,0.00000,,0,0,0,0
2022-07-30,38288.37087,3330.93087,34957.44000,0.00000,299,0,0,0,0,0.00000,0.00000,0.00000,,0,0,0,0
2022-07-31,38159.70009,3496.02009,34663.68000,0.00000,297,1,0,2,0,0.00000,400.00000,0.00000,,0,0,0,0
2022-08-01,37865.94009,3496.02009,34369.92000,0.00000,296,0,0,0,0,0.00000,0.00000,0.00000,,0,0,0,0
2022-08-02,37865.94009,3496.02009,34369.92000,0.00000,296,0,0,0,0,0.00000,0.00000,0.00000,,0,0,0,0
2022-08-03,37779.38585,3495.86585,34283.52000,0.00000,294,0,0,1,0,0.00000,200.00000,0.00000,,0,0,0,0
2022-08-04,36915.38585,3495.86585,33419.52000,0.00000,293,0,0,0,0,0.00000,0.00000,0.00000,,0,0,0,0
2022-08-05,36987.49245,3567.97245,33419.52000,0.00000,293,1,0,1,0,0.00000,200.00000,0.00000,,0,0,0,0
2022-08-06,36585.13673,3735.85673,32849.28000,0.00000,294,2,0,0,0,0.00000,0.00000,0.00000,,0,0,0,0
2022-08-07,36582.88460,3733.60460,32849.28000,0.00000,293,0,0,1,0,0.00000,200.00000,0.00000,,0,0,0,0
2022-08-08,36496.05792,3733.17792,32762.88000,0.00000,291,0,0,1,0,0.00000,200.00000,0.00000,,0,0,0,0
2022-08-09,36496.05792,3733.17792,32762.88000,0.00000,291,0,0,0,0,0.00000,0.00000,0.00000,,0,0,0,0
2022-08-10,37358.46889,3731.58889,33626.88000,0.00000,290,1,0,2,0,0.00000,400.00000,0.00000,,0,0,0,0
2022-08-11,37443.26910,3729.98910,33713.28000,0.00000,290,1,0,1,0,0.00000,200.00000,0.00000,,0,0,0,0
2022-08-12,38013.50910,3729.98910,34283.52000,0.00000,290,1,0,0,0,0.00000,0.00000,0.00000,,0,0,0,0
2022-08-13,38013.50910,3729.98910,34283.52000,0.00000,290,0,0,0,0,0.00000,0.00000,0.00000,,0,0,0,0
2022-08-14,38391.93151,4384.89151,34007.04000,0.00000,290,2,0,0,0,0.00000,0.00000,0.00000,,0,0,0,0
2022-08-15,38392.91233,4385.87233,34007.04000,0.00000,291,1,0,0,0,0.00000,0.00000,0.00000,,0,0,0,0
2022-08-16,38312.07275,4305.03275,34007.04000,0.00000,290,0,0,1,0,0.00000,200.00000,0.00000,,0,0,0,0
2022-08-17,38312.07275,4305.03275,34007.04000,0.00000,290,0,0,0,0,0.00000,0.00000,0.00000,,0,0,0,0
2022-08-18,38312.07275,4305.03275,34007.04000,0.00000,290,0,0,0,0,0.00000,0.00000,0.00000,,0,0,0,0
2022-08-19,39176.07275,4305.03275,34871.04000,0.00000,291,1,0,0,0,0.00000,0.00000,0.00000,,0,0,0,0
2022-08-20,39208.34088,4337.30088,34871.04000,0.00000,294,3,0,0,0,0.00000,0.00000,0.00000,,0,0,0,0
2022-08-21,39218.73424,4347.69424,34871.04000,0.00000,292,1,0,3,0,0.00000,600.00000,0.00000,,0,0,0,0
2022-08-22,39114.74783,4347.38783,34767.36000,0.00000,290,0,0,1,0,0.00000,200.00000,0.00000,,0,0,0,0
2022-08-23,39114.74783,4347.38783,34767.36000,0.00000,290,0,0,0,0,0.00000,0.00000,0.00000,,0,0,0,0
2022-08-24,39119.65231,4352.29231,34767.36000,0.00000,291,1,0,0,0,0.00000,0.00000,0.00000,,0,0,0,0
2022-08-25,39707.17231,4352.29231,35354.88000,0.00000,293,2,0,0,0,0.00000,0.00000,0.00000,,0,0,0,0
2022-08-26,39735.31793,4380.43793,35354.88000,0.00000,294,2,0,1,0,0.00000,200.00000,0.00000,,0,0,0,0
2022-08-27,39819.61791,4378.33791,35441.28000,0.00000,294,1,0,1,0,0.00000,200.00000,0.00000,,0,0,0,0
2022-08-28,39819.61791,4378.33791,35441.28000,0.00000,294,0,0,0,0,0.00000,0.00000,0.00000,,0,0,0,0
2022-08-29,39923.29791,4378.33791,35544.96000,0.00000,295,2,0,0,0,0.00000,0.00000,0.00000,,0,0,0,0
2022-08-30,40787.29791,4378.33791,36408.96000,0.00000,296,1,0,0,0,0.00000,0.00000,0.00000,,0,0,0,0
2022-08-31,40787.29791,4378.33791,36408.96000,0.00000,296,0,0,0,0,0.00000,0.00000,0.00000,,0,0,0,0
2022-09-01,41942.39208,4375.67208,37566.72000,0.00000,297,2,0,1,0,0.00000,200.00000,0.00000,,0,0,0,0
2022-09-02,41942.39208,4375.67208,37566.72000,0.00000,297,0,0,0,0,0.00000,0.00000,0.00000,,0,0,0,0
2022-09-03,42259.66543,4692.94543,37566.72000,0.00000,299,2,0,0,0,0.00000,0.00000,0.00000,,0,0,0,0
2022-09-04,43123.66543,4692.94543,38430.72000,0.00000,300,1,0,0,0,0.00000,0.00000,0.00000,,0,0,0,0
2022-09-05,41965.90543,4692.94543,37272.96000,0.00000,298,0,0,0,0,0.00000,0.00000,0.00000,,0,0,0,0
2022-09-06,41965.90543,4692.94543,37272.96000,0.00000,298,0,0,0,0,0.00000,0.00000,0.00000,,0,0,0,0
2022-09-07,41965.90543,4692.94543,37272.96000,0.00000,298,0,0,0,0,0.00000,0.00000,0.00000,,0,0,0,0
2022-09-08,41964.93584,4691.97584,37272.96000,0.00000,297,1,0,2,0,0.00000,400.00000,0.00000,,0,0,0,0
2022-09-09,42070.14196,4693.50196,37376.64000,0.00000,299,2,0,0,0,0.00000,0.00000,0.00000,,0,0,0,0
2022-09-10,42074.50271,4697.86271,37376.64000,0.00000,299,1,0,1,0,0.00000,200.00000,0.00000,,0,0,0,0
2022-09-11,41884.21288,4697.65288,37186.56000,0.00000,298,1,0,1,0,0.00000,200.00000,0.00000,,0,0,0,0
2022-09-12,41799.14001,4698.98001,37100.16000,0.00000,298,1,0,0,0,0.00000,0.00000,0.00000,,0,0,0,0
2022-09-13,41799.14001,4698.98001,37100.16000,0.00000,298,0,0,0,0,0.00000,0.00000,0.00000,,0,0,0,0
2022-09-14,41801.22502,4701.06502,37100.16000,0.00000,299,1,0,0,0,0.00000,0.00000,0.00000,,0,0,0,0
2022-09-15,42089.16102,4695.24102,37393.92000,0.00000,299,1,0,1,0,0.00000,200.00000,0.00000,,0,0,0,0
2022-09-16,42487.58846,5093.66846,37393.92000,0.00000,302,3,0,0,0,0.00000,0.00000,0.00000,,0,0,0,0
2022-09-17,42812.75398,5125.07398,37687.68000,0.00000,305,3,0,0,0,0.00000,0.00000,0.00000,,0,0,0,0
2022-09-18,42817.15343,5129.47343,37687.68000,0.00000,306,1,0,0,0,0.00000,0.00000,0.00000,,0,0,0,0
2022-09-19,42730.75343,5129.47343,37601.28000,0.00000,305,0,0,0,0,0.00000,0.00000,0.00000,,0,0,0,0
2022-09-20,42648.19907,5133.31907,37514.88000,0.00000,307,3,0,0,0,0.00000,0.00000,0.00000,,0,0,0,0
2022-09-21,43512.19907,5133.31907,38378.88000,0.00000,308,1,0,0,0,0.00000,0.00000,0.00000,,0,0,0,0
2022-09-22,43541.61652,5162.73652,38378.88000,0.00000,310,2,0,0,0,0.00000,0.00000,0.00000,,0,0,0,0
2022-09-23,43542.84220,5163.96220,38378.88000,0.00000,311,1,0,0,0,0.00000,0.00000,0.00000,,0,0,0,0
2022-09-24,43542.84220,5163.96220,38378.88000,0.00000,311,0,0,0,0,0.00000,0.00000,0.00000,,0,0,0,0
2022-09-25,43553.34151,5174.46151,38378.88000,0.00000,312,1,0,0,0,0.00000,0.00000,0.00000,,0,0,0,0
2022-09-26,43553.34151,5174.46151,38378.88000,0.00000,312,0,0,0,0,0.00000,0.00000,0.00000,,0,0,0,0
2022-09-27,43365.65769,5176.85769,38188.80000,0.00000,311,1,0,0,0,0.00000,0.00000,0.00000,,0,0,0,0
2022-09-28,43365.65769,5176.85769,38188.80000,0.00000,311,0,0,0,0,0.00000,0.00000,0.00000,,0,0,0,0
2022-09-29,43695.80155,5213.24155,38482.56000,0.00000,313,3,0,1,0,0.00000,200.00000,0.00000,,0,0,0,0
2022-09-30,43702.04462,5219.48462,38482.56000,0.00000,315,2,0,0,0,0.00000,0.00000,0.00000,,0,0,0,0
2022-10-01,43701.80917,5219.24917,38482.56000,0.00000,315,1,0,1,0,0.00000,200.00000,0.00000,,0,0,0,0
2022-10-02,43701.80917,5219.24917,38482.56000,0.00000,315,0,0,0,0,0.00000,0.00000,0.00000,,0,0,0,0
2022-10-03,43705.50944,5222.94944,38482.56000,0.00000,316,1,0,0,0,0.00000,0.00000,0.00000,,0,0,0,0
2022-10-04,43767.74552,5285.18552,38482.56000,0.00000,318,2,0,0,0,0.00000,0.00000,0.00000,,0,0,0,0
2022-10-05,44061.47636,5285.15636,38776.32000,0.00000,318,1,0,1,0,0.00000,200.00000,0.00000,,0,0,0,0
2022-10-06,44472.45826,5402.37826,39070.08000,0.00000,320,3,0,0,0,0.00000,0.00000,0.00000,,0,0,0,0
2022-10-07,44472.45826,5402.37826,39070.08000,0.00000,320,0,0,0,0,0.00000,0.00000,0.00000,,0,0,0,0
2022-10-08,44472.45826,5402.37826,39070.08000,0.00000,320,0,0,0,0,0.00000,0.00000,0.00000,,0,0,0,0
2022-10-09,45336.45826,5402.37826,39934.08000,0.00000,321,1,0,0,0,0.00000,0.00000,0.00000,,0,0,0,0
2022-10-10,45438.30865,5797.98865,39640.32000,0.00000,320,2,0,2,0,0.00000,400.00000,0.00000,,0,0,0,0
2022-10-11,45686.18734,5855.78734,39830.40000,0.00000,324,4,0,0,0,0.00000,0.00000,0.00000,,0,0,0,0
2022-10-12,45496.10734,5855.78734,39640.32000,0.00000,324,1,0,0,0,0.00000,0.00000,0.00000,,0,0,0,0
2022-10-13,45603.25672,5859.25672,39744.00000,0.00000,326,2,0,0,0,0.00000,0.00000,0.00000,,0,0,0,0
2022-10-14,45516.85672,5859.25672,39657.60000,0.00000,325,0,0,0,0,0.00000,0.00000,0.00000,,0,0,0,0
2022-10-15,45518.50246,5860.90246,39657.60000,0.00000,326,1,0,0,0,0.00000,0.00000,0.00000,,0,0,0,0
2022-10-16,45529.18036,5871.58036,39657.60000,0.00000,328,2,0,0,0,0.00000,0.00000,0.00000,,0,0,0,0
2022-10-17,45541.48292,5883.88292,39657.60000,0.00000,329,1,0,0,0,0.00000,0.00000,0.00000,,0,0,0,0
2022-10-18,45541.48292,5883.88292,39657.60000,0.00000,329,0,0,0,0,0.00000,0.00000,0.00000,,0,0,0,0
2022-10-19,45541.48292,5883.88292,39657.60000,0.00000,329,0,0,0,0,0.00000,0.00000,0.00000,,0,0,0,0
2022-10-20,45537.73483,5880.13483,39657.60000,0.00000,329,1,0,1,0,0.00000,200.00000,0.00000,,0,0,0,0
2022-10-21,45537.73483,5880.13483,39657.60000,0.00000,329,0,0,0,0,0.00000,0.00000,0.00000,,0,0,0,0
2022-10-22,45624.13483,5880.13483,39744.00000,0.00000,330,1,0,0,0,0.00000,0.00000,0.00000,,0,0,0,0
2022-10-23,45974.41818,6144.01818,39830.40000,0.00000,333,3,0,0,0,0.00000,0.00000,0.00000,,0,0,0,0
2022-10-24,45974.41818,6144.01818,39830.40000,0.00000,333,0,0,0,0,0.00000,0.00000,0.00000,,0,0,0,0
2022-10-25,45974.41818,6144.01818,39830.40000,0.00000,333,0,0,0,0,0.00000,0.00000,0.00000,,0,0,0,0
2022-10-26,45974.41818,6144.01818,39830.40000,0.00000,333,0,0,0,0,0.00000,0.00000,0.00000,,0,0,0,0
2022-10-27,46054.30052,6137.50052,39916.80000,0.00000,332,1,0,2,0,0.00000,400.00000,0.00000,,0,0,0,0
2022-10-28,46054.30052,6137.50052,39916.80000,0.00000,332,0,0,0,0,0.00000,0.00000,0.00000,,0,0,0,0
2022-10-29,45298.27761,6141.79761,39156.48000,0.00000,333,2,0,0,0,0.00000,0.00000,0.00000,,0,0,0,0
2022-10-30,45678.43761,6141.79761,39536.64000,0.00000,335,2,0,0,0,0.00000,0.00000,0.00000,,0,0,0,0
2022-10-31,45678.55026,6141.91026,39536.64000,0.00000,336,1,0,0,0,0.00000,0.00000,0.00000,,0,0,0,0
2022-11-01,46071.92625,6241.52625,39830.40000,0.00000,339,3,0,0,0,0.00000,0.00000,0.00000,,0,0,0,0
2022-11-02,46068.89225,6238.49225,39830.40000,0.00000,339,1,0,1,0,0.00000,200.00000,0.00000,,0,0,0,0
2022-11-03,46104.81453,6274.41453,39830.40000,0.00000,341,2,0,0,0,0.00000,0.00000,0.00000,,0,0,0,0
2022-11-04,46104.81453,6274.41453,39830.40000,0.00000,341,0,0,0,0,0.00000,0.00000,0.00000,,0,0,0,0
2022-11-05,46104.81453,6274.41453,39830.40000,0.00000,341,0,0,0,0,0.00000,0.00000,0.00000,,0,0,0,0
2022-11-06,46111.35343,6280.95343,39830.40000,0.00000,342,1,0,0,0,0.00000,0.00000,0.00000,,0,0,0,0
2022-11-07,46110.47250,6280.07250,39830.40000,0.00000,341,0,0,1,0,0.00000,200.00000,0.00000,,0,0,0,0
2022-11-08,46113.45188,6283.05188,39830.40000,0.00000,342,1,0,0,0,0.00000,0.00000,0.00000,,0,0,0,0
2022-11-09,46113.45188,6283.05188,39830.40000,0.00000,342,0,0,0,0,0.00000,0.00000,0.00000,,0,0,0,0
2022-11-10,46115.34849,6284.94849,39830.40000,0.00000,343,2,0,1,0,0.00000,200.00000,0.00000,,0,0,0,0
2022-11-11,46045.35706,6214.95706,39830.40000,0.00000,341,1,0,3,0,0.00000,600.00000,0.00000,,0,0,0,0
2022-11-12,46131.75706,6214.95706,39916.80000,0.00000,342,1,0,0,0,0.00000,0.00000,0.00000,,0,0,0,0
2022-11-13,46058.59777,6228.19777,39830.40000,0.00000,342,3,0,2,0,0.00000,400.00000,0.00000,,0,0,0,0
2022-11-14,46065.94569,6235.54569,39830.40000,0.00000,344,2,0,0,0,0.00000,0.00000,0.00000,,0,0,0,0
2022-11-15,46066.42874,6236.02874,39830.40000,0.00000,345,1,0,0,0,0.00000,0.00000,0.00000,,0,0,0,0
2022-11-16,46066.34167,6235.94167,39830.40000,0.00000,344,0,0,1,0,0.00000,200.00000,0.00000,,0,0,0,0
2022-11-17,46067.35623,6236.95623,39830.40000,0.00000,345,1,0,0,0,0.00000,0.00000,0.00000,,0,0,0,0
2022-11-18,46155.59589,6238.79589,39916.80000,0.00000,347,2,0,0,0,0.00000,0.00000,0.00000,,0,0,0,0
2022-11-19,46156.02052,6239.22052,39916.80000,0.00000,348,1,0,0,0,0.00000,0.00000,0.00000,,0,0,0,0
2022-11-20,46069.62052,6239.22052,39830.40000,0.00000,347,0,0,0,0,0.00000,0.00000,0.00000,,0,0,0,0
2022-11-21,46141.26125,6310.86125,39830.40000,0.00000,349,2,0,0,0,0.00000,0.00000,0.00000,,0,0,0,0
2022-11-22,46232.36306,6315.56306,39916.80000,0.00000,352,3,0,0,0,0.00000,0.00000,0.00000,,0,0,0,0
2022-11-23,46042.28306,6315.56306,39726.72000,0.00000,350,0,0,0,0,0.00000,0.00000,0.00000,,0,0,0,0
2022-11-24,46042.28306,6315.56306,39726.72000,0.00000,350,0,0,0,0,0.00000,0.00000,0.00000,,0,0,0,0
2022-11-25,47217.32306,6315.56306,40901.76000,0.00000,352,3,0,0,0,0.00000,0.00000,0.00000,,0,0,0,0
2022-11-26,47217.32306,6315.56306,40901.76000,0.00000,352,0,0,0,0,0.00000,0.00000,0.00000,,0,0,0,0
2022-11-27,47245.22348,6343.46348,40901.76000,0.00000,353,1,0,0,0,0.00000,0.00000,0.00000,,0,0,0,0
2022-11-28,47273.20948,6371.44948,40901.76000,0.00000,354,1,0,0,0,0.00000,0.00000,0.00000,,0,0,0,0
2022-11-29,47319.73923,6417.97923,40901.76000,0.00000,356,2,0,0,0,0.00000,0.00000,0.00000,,0,0,0,0
2022-11-30,47026.35520,6418.35520,40608.00000,0.00000,356,1,0,0,0,0.00000,0.00000,0.00000,,0,0,0,0
2022-12-01,47029.66391,6421.66391,40608.00000,0.00000,358,2,0,0,0,0.00000,0.00000,0.00000,,0,0,0,0
2022-12-02,47028.43679,6420.43679,40608.00000,0.00000,357,0,0,1,0,0.00000,200.00000,0.00000,,0,0,0,0
2022-12-03,46924.75679,6420.43679,40504.32000,0.00000,356,0,0,0,0,0.00000,0.00000,0.00000,,0,0,0,0
2022-12-04,47218.56873,6420.48873,40798.08000,0.00000,358,3,0,0,0,0.00000,0.00000,0.00000,,0,0,0,0
2022-12-05,47218.40207,6420.32207,40798.08000,0.00000,357,0,0,1,0,0.00000,200.00000,0.00000,,0,0,0,0
2022-12-06,47218.40207,6420.32207,40798.08000,0.00000,357,0,0,0,0,0.00000,0.00000,0.00000,,0,0,0,0
2022-12-07,47239.21708,6441.13708,40798.08000,0.00000,359,2,0,0,0,0.00000,0.00000,0.00000,,0,0,0,0
2022-12-08,47240.39477,6442.31477,40798.08000,0.00000,360,1,0,0,0,0.00000,0.00000,0.00000,,0,0,0,0
2022-12-09,47194.30736,6482.62736,40711.68000,0.00000,361,2,0,0,0,0.00000,0.00000,0.00000,,0,0,0,0
2022-12-10,46479.81090,6632.13090,39847.68000,0.00000,363,3,0,0,0,0.00000,0.00000,0.00000,,0,0,0,0
2022-12-11,46485.31535,6637.63535,39847.68000,0.00000,363,1,0,1,0,0.00000,200.00000,0.00000,,0,0,0,0
2022-12-12,46408.32909,6647.04909,39761.28000,0.00000,363,1,0,0,0,0.00000,0.00000,0.00000,,0,0,0,0
2022-12-13,46494.72909,6647.04909,39847.68000,0.00000,364,1,0,0,0,0.00000,0.00000,0.00000,,0,0,0,0
2022-12-14,46493.01432,6645.33432,39847.68000,0.00000,363,0,0,1,0,0.00000,200.00000,0.00000,,0,0,0,0
2022-12-15,46406.61432,6645.33432,39761.28000,0.00000,362,0,0,0,0,0.00000,0.00000,0.00000,,0,0,0,0
2022-12-16,45542.61432,6645.33432,38897.28000,0.00000,361,0,0,0,0,0.00000,0.00000,0.00000,,0,0,0,0
2022-12-17,45542.86311,6645.58311,38897.28000,0.00000,362,1,0,0,0,0.00000,0.00000,0.00000,,0,0,0,0
2022-12-18,45543.70765,6646.42765,38897.28000,0.00000,363,1,0,0,0,0.00000,0.00000,0.00000,,0,0,0,0
2022-12-19,45538.61588,6641.33588,38897.28000,0.00000,362,0,0,1,0,0.00000,200.00000,0.00000,,0,0,0,0
2022-12-20,45538.61588,6641.33588,38897.28000,0.00000,362,0,0,0,0,0.00000,0.00000,0.00000,,0,0,0,0
2022-12-21,45683.88779,6786.60779,38897.28000,0.00000,364,2,0,0,0,0.00000,0.00000,0.00000,,0,0,0,0
2022-12-22,45681.39744,6784.11744,38897.28000,0.00000,364,1,0,1,0,0.00000,200.00000,0.00000,,0,0,0,0
2022-12-23,45681.39744,6784.11744,38897.28000,0.00000,364,0,0,0,0,0.00000,0.00000,0.00000,,0,0,0,0
2022-12-24,44792.42449,6845.54449,37946.88000,0.00000,363,1,0,0,0,0.00000,0.00000,0.00000,,0,0,0,0
2022-12-25,44990.93179,6836.69179,38154.24000,0.00000,364,2,0,1,0,0.00000,200.00000,0.00000,,0,0,0,0
2022-12-26,44901.91896,6851.35896,38050.56000,0.00000,364,1,0,0,0,0.00000,0.00000,0.00000,,0,0,0,0
2022-12-27,44901.91896,6851.35896,38050.56000,0.00000,364,0,0,0,0,0.00000,0.00000,0.00000,,0,0,0,0
2022-12-28,44901.91896,6851.35896,38050.56000,0.00000,364,0,0,0,0,0.00000,0.00000,0.00000,,0,0,0,0
2022-12-29,44798.23896,6851.35896,37946.88000,0.00000,363,0,0,0,0,0.00000,0.00000,0.00000,,0,0,0,0
2022-12-30,44843.86184,6896.98184,37946.88000,0.00000,364,1,0,0,0,0.00000,0.00000,0.00000,,0,0,0,0
2022-12-31,45033.94184,6896.98184,38136.96000,0.00000,364,1,0,0,0,0.00000,0.00000,0.00000,,0,0,0,0
