Date,Daily Emissions (Kg Methane),Daily Mitigable Emissions (Kg Methane),Daily Non-Mitigable Emissions (Kg Methane),Daily Cost ($),Active Leaks,New Leaks,Leaks Repaired,Leaks Naturally Repaired,Leaks Tagged,Daily Repair Cost ($),Daily Natural Repair Cost ($),stationary_mdl_high Deployment Cost ($),stationary_mdl_high Sites flagged for Follow-Up,stationary_mdl_high Leaks tagged for repair,stationary_mdl_high Sites Visited,stationary_mdl_high Travel Time (Minutes),stationary_mdl_high Survey Time (Minutes),OGI_FU_mdl_high Deployment Cost ($),OGI_FU_mdl_high Sites flagged for Follow-Up,OGI_FU_mdl_high Leaks tagged for repair,OGI_FU_mdl_high Sites Visited,OGI_FU_mdl_high Travel Time (Minutes),OGI_FU_mdl_high Survey Time (Minutes)
2022-01-01,39507.80780,5207.00780,34300.80000,6030.00000,376,377,0,1,0.00000,0.00000,200.00000,6030,0,,10,0,0,0.00000,,0,0,0,0
2022-01-02,40030.06211,5729.26211,34300.80000,30.00000,376,1,0,1,0.00000,0.00000,200.00000,30,0,,10,0,0,0.00000,,0,0,0,0
2022-01-03,40032.24910,5731.44910,34300.80000,30.00000,377,2,0,1,0.00000,0.00000,200.00000,30,0,,10,0,0,0.00000,,0,0,0,0
2022-01-04,40032.24910,5731.44910,34300.80000,30.00000,377,0,0,0,0.00000,0.00000,0.00000,30,0,,10,0,0,0.00000,,0,0,0,0
2022-01-05,40033.85669,5733.05669,34300.80000,30.00000,378,1,0,0,0.00000,0.00000,0.00000,30,0,,10,0,0,0.00000,,0,0,0,0
2022-01-06,40961.35934,5796.55934,35164.80000,30.00000,380,3,0,1,0.00000,0.00000,200.00000,30,0,,10,0,0,0.00000,,0,0,0,0
2022-01-07,40646.62072,5775.58072,34871.04000,30.00000,378,1,0,1,0.00000,0.00000,200.00000,30,0,,10,0,0,0.00000,,0,0,0,0
2022-01-08,40650.80204,5779.76204,34871.04000,30.00000,379,1,0,0,0.00000,0.00000,0.00000,30,0,,10,0,0,0.00000,,0,0,0,0
2022-01-09,41514.80204,5779.76204,35735.04000,30.00000,380,1,0,0,0.00000,0.00000,0.00000,30,0,,10,0,0,0.00000,,0,0,0,0
2022-01-10,41514.42582,5779.38582,35735.04000,1030.00000,379,0,0,1,60.00000,0.00000,200.00000,30,10,,10,0,0,1000.00000,,60,3,120,360
2022-01-11,41588.46652,5853.42652,35735.04000,1030.00000,383,4,0,0,63.00000,0.00000,0.00000,30,0,,10,0,0,1000.00000,,63,3,120,360
2022-01-12,41587.89247,5852.85247,35735.04000,1030.00000,382,0,0,1,65.00000,0.00000,200.00000,30,0,,10,0,0,1000.00000,,65,3,120,360
2022-01-13,41591.27115,5856.23115,35735.04000,530.00000,382,1,0,1,24.00000,0.00000,200.00000,30,0,,10,0,0,500.00000,,24,1,30,120
2022-01-14,41591.27115,5856.23115,35735.04000,30.00000,382,0,0,0,0.00000,0.00000,0.00000,30,0,,10,0,0,0.00000,,0,0,0,0
2022-01-15,41591.89946,5856.85946,35735.04000,30.00000,383,1,0,0,0.00000,0.00000,0.00000,30,0,,10,0,0,0.00000,,0,0,0,0
2022-01-16,41301.13512,5859.85512,35441.28000,30.00000,382,2,0,2,0.00000,0.00000,400.00000,30,0,,10,0,0,0.00000,,0,0,0,0
2022-01-17,41214.73512,5859.85512,35354.88000,30.00000,381,0,0,0,0.00000,0.00000,0.00000,30,0,,10,0,0,0.00000,,0,0,0,0
2022-01-18,41220.92504,5866.04504,35354.88000,30.00000,383,2,0,0,0.00000,0.00000,0.00000,30,0,,10,0,0,0.00000,,0,0,0,0
2022-01-19,41238.64109,5866.48109,35372.16000,1030.00000,384,2,0,0,74.00000,0.00000,0.00000,30,10,,10,0,0,1000.00000,,74,3,120,360
2022-01-20,41238.64109,5866.48109,35372.16000,1030.00000,384,0,0,0,59.00000,0.00000,0.00000,30,0,,10,0,0,1000.00000,,59,3,120,360
2022-01-21,42102.64109,5866.48109,36236.16000,1030.00000,385,1,0,0,59.00000,0.00000,0.00000,30,0,,10,0,0,1000.00000,,59,3,120,360
2022-01-22,42116.75014,5880.59014,36236.16000,530.00000,385,1,0,1,19.00000,0.00000,200.00000,30,0,,10,0,0,500.00000,,19,1,30,120
2022-01-23,41926.67014,5880.59014,36046.08000,30.00000,383,0,0,0,0.00000,0.00000,0.00000,30,0,,10,0,0,0.00000,,0,0,0,0
2022-01-24,41065.78132,5883.70132,35182.08000,30.00000,384,2,0,0,0.00000,0.00000,0.00000,30,0,,10,0,0,0.00000,,0,0,0,0
2022-01-25,39198.33491,4016.25491,35182.08000,10030.00000,336,2,50,0,0.00000,10000.00000,0.00000,30,0,,10,0,0,0.00000,,0,0,0,0
2022-01-26,37003.31338,1821.23338,35182.08000,10230.00000,285,0,51,0,0.00000,10200.00000,0.00000,30,0,,10,0,0,0.00000,,0,0,0,0
2022-01-27,35976.64115,794.56115,35182.08000,11430.00000,230,2,57,0,0.00000,11400.00000,0.00000,30,0,,10,0,0,0.00000,,0,0,0,0
2022-01-28,35593.06491,410.98491,35182.08000,5030.00000,211,1,20,0,29.00000,4000.00000,0.00000,30,10,,10,0,0,1000.00000,,29,3,120,360
2022-01-29,36353.38491,410.98491,35942.40000,1030.00000,211,1,0,0,21.00000,0.00000,0.00000,30,0,,10,0,0,1000.00000,,21,3,120,360
2022-01-30,36371.08267,428.68267,35942.40000,1030.00000,211,1,0,1,25.00000,0.00000,200.00000,30,0,,10,0,0,1000.00000,,25,3,120,360
2022-01-31,36398.34907,455.94907,35942.40000,530.00000,212,1,0,0,8.00000,0.00000,0.00000,30,0,,10,0,0,500.00000,,8,1,30,120
2022-02-01,36505.33865,459.25865,36046.08000,30.00000,214,2,0,0,0.00000,0.00000,0.00000,30,0,,10,0,0,0.00000,,0,0,0,0
2022-02-02,36505.33865,459.25865,36046.08000,30.00000,214,0,0,0,0.00000,0.00000,0.00000,30,0,,10,0,0,0.00000,,0,0,0,0
2022-02-03,36424.53065,378.45065,36046.08000,4030.00000,195,1,20,0,0.00000,4000.00000,0.00000,30,0,,10,0,0,0.00000,,0,0,0,0
2022-02-04,36375.19122,329.11122,36046.08000,2030.00000,185,0,10,0,0.00000,2000.00000,0.00000,30,0,,10,0,0,0.00000,,0,0,0,0
2022-02-05,36038.39637,286.07637,35752.32000,2230.00000,172,0,11,1,0.00000,2200.00000,200.00000,30,0,,10,0,0,0.00000,,0,0,0,0
2022-02-06,36026.60947,274.28947,35752.32000,1830.00000,168,0,4,0,17.00000,800.00000,0.00000,30,10,,10,0,0,1000.00000,,17,3,120,360
2022-02-07,36098.90469,346.58469,35752.32000,1030.00000,170,2,0,0,22.00000,0.00000,0.00000,30,0,,10,0,0,1000.00000,,22,3,120,360
2022-02-08,36098.90469,346.58469,35752.32000,1030.00000,170,0,0,0,24.00000,0.00000,0.00000,30,0,,10,0,0,1000.00000,,24,3,120,360
2022-02-09,36098.90469,346.58469,35752.32000,530.00000,170,0,0,0,8.00000,0.00000,0.00000,30,0,,10,0,0,500.00000,,8,1,30,120
2022-02-10,36098.90469,346.58469,35752.32000,30.00000,170,0,0,0,0.00000,0.00000,0.00000,30,0,,10,0,0,0.00000,,0,0,0,0
2022-02-11,36098.76279,346.44279,35752.32000,30.00000,169,0,0,1,0.00000,0.00000,200.00000,30,0,,10,0,0,0.00000,,0,0,0,0
2022-02-12,35989.75110,237.43110,35752.32000,2230.00000,158,1,11,1,0.00000,2200.00000,200.00000,30,0,,10,0,0,0.00000,,0,0,0,0
2022-02-13,35977.11113,224.79113,35752.32000,1030.00000,153,0,5,0,0.00000,1000.00000,0.00000,30,0,,10,0,0,0.00000,,0,0,0,0
2022-02-14,35932.93247,180.61247,35752.32000,1230.00000,148,1,6,0,0.00000,1200.00000,0.00000,30,0,,10,0,0,0.00000,,0,0,0,0
2022-02-15,35913.70110,161.38110,35752.32000,1630.00000,145,0,3,0,20.00000,600.00000,0.00000,30,10,,10,0,0,1000.00000,,20,3,120,360
2022-02-16,35913.30387,160.98387,35752.32000,1030.00000,144,0,0,1,20.00000,0.00000,200.00000,30,0,,10,0,0,1000.00000,,20,3,120,360
2022-02-17,35941.48452,189.16452,35752.32000,1030.00000,146,2,0,0,16.00000,0.00000,0.00000,30,0,,10,0,0,1000.00000,,16,3,120,360
2022-02-18,35941.48452,189.16452,35752.32000,530.00000,146,0,0,0,5.00000,0.00000,0.00000,30,0,,10,0,0,500.00000,,5,1,30,120
2022-02-19,36156.80797,404.48797,35752.32000,30.00000,148,3,0,1,0.00000,0.00000,200.00000,30,0,,10,0,0,0.00000,,0,0,0,0
2022-02-20,36744.03854,404.19854,36339.84000,30.00000,149,2,0,1,0.00000,0.00000,200.00000,30,0,,10,0,0,0.00000,,0,0,0,0
2022-02-21,36753.27029,413.43029,36339.84000,30.00000,149,1,0,1,0.00000,0.00000,200.00000,30,0,,10,0,0,0.00000,,0,0,0,0
2022-02-22,36800.55442,374.31442,36426.24000,1430.00000,144,2,7,0,0.00000,1400.00000,0.00000,30,0,,10,0,0,0.00000,,0,0,0,0
2022-02-23,35864.15434,301.91434,35562.24000,630.00000,140,0,3,0,0.00000,600.00000,0.00000,30,0,,10,0,0,0.00000,,0,0,0,0
2022-02-24,35862.11270,299.87270,35562.24000,1430.00000,139,1,2,0,18.00000,400.00000,0.00000,30,10,,10,0,0,1000.00000,,18,3,120,360
2022-02-25,36052.19270,299.87270,35752.32000,1030.00000,139,1,0,0,16.00000,0.00000,0.00000,30,0,,10,0,0,1000.00000,,16,3,120,360
2022-02-26,36052.19270,299.87270,35752.32000,1030.00000,139,0,0,0,16.00000,0.00000,0.00000,30,0,,10,0,0,1000.00000,,16,3,120,360
2022-02-27,36090.33287,338.01287,35752.32000,530.00000,140,1,0,0,6.00000,0.00000,0.00000,30,0,,10,0,0,500.00000,,6,1,30,120
2022-02-28,36090.33287,338.01287,35752.32000,30.00000,140,0,0,0,0.00000,0.00000,0.00000,30,0,,10,0,0,0.00000,,0,0,0,0
2022-03-01,36243.09659,404.37659,35838.72000,30.00000,142,2,0,0,0.00000,0.00000,0.00000,30,0,,10,0,0,0.00000,,0,0,0,0
2022-03-02,35372.24098,397.52098,34974.72000,830.00000,137,0,4,0,0.00000,800.00000,0.00000,30,0,,10,0,0,0.00000,,0,0,0,0
2022-03-03,34400.91467,393.87467,34007.04000,430.00000,133,0,2,0,0.00000,400.00000,0.00000,30,0,,10,0,0,0.00000,,0,0,0,0
2022-03-04,34376.29263,369.25263,34007.04000,630.00000,131,1,3,0,0.00000,600.00000,0.00000,30,0,,10,0,0,0.00000,,0,0,0,0
2022-03-05,33512.98045,369.94045,33143.04000,1230.00000,130,1,1,0,18.00000,200.00000,0.00000,30,10,,10,0,0,1000.00000,,18,3,120,360
2022-03-06,33616.66045,369.94045,33246.72000,1030.00000,131,1,0,0,14.00000,0.00000,0.00000,30,0,,10,0,0,1000.00000,,14,3,120,360
2022-03-07,33616.66045,369.94045,33246.72000,1030.00000,131,0,0,0,19.00000,0.00000,0.00000,30,0,,10,0,0,1000.00000,,19,3,120,360
2022-03-08,33617.48046,370.76046,33246.72000,530.00000,132,1,0,0,5.00000,0.00000,0.00000,30,0,,10,0,0,500.00000,,5,1,30,120
2022-03-09,33617.48046,370.76046,33246.72000,30.00000,132,0,0,0,0.00000,0.00000,0.00000,30,0,,10,0,0,0.00000,,0,0,0,0
2022-03-10,33645.50971,398.78971,33246.72000,30.00000,133,1,0,0,0.00000,0.00000,0.00000,30,0,,10,0,0,0.00000,,0,0,0,0
2022-03-11,33601.98925,355.26925,33246.72000,830.00000,129,0,4,0,0.00000,800.00000,0.00000,30,0,,10,0,0,0.00000,,0,0,0,0
2022-03-12,33601.37988,354.65988,33246.72000,430.00000,128,1,2,0,0.00000,400.00000,0.00000,30,0,,10,0,0,0.00000,,0,0,0,0
2022-03-13,33403.32459,156.60459,33246.72000,430.00000,126,0,2,0,0.00000,400.00000,0.00000,30,0,,10,0,0,0.00000,,0,0,0,0
2022-03-14,33316.14871,155.82871,33160.32000,1230.00000,124,0,1,0,13.00000,200.00000,0.00000,30,10,,10,0,0,1000.00000,,13,3,120,360
2022-03-15,33419.82871,155.82871,33264.00000,1030.00000,125,1,0,0,13.00000,0.00000,0.00000,30,0,,10,0,0,1000.00000,,13,3,120,360
2022-03-16,33402.54871,155.82871,33246.72000,1030.00000,125,1,0,0,20.00000,0.00000,0.00000,30,0,,10,0,0,1000.00000,,20,3,120,360
2022-03-17,33404.16804,157.44804,33246.72000,530.00000,126,1,0,0,5.00000,0.00000,0.00000,30,0,,10,0,0,500.00000,,5,1,30,120
2022-03-18,33404.16804,157.44804,33246.72000,30.00000,126,0,0,0,0.00000,0.00000,0.00000,30,0,,10,0,0,0.00000,,0,0,0,0
2022-03-19,33404.16804,157.44804,33246.72000,30.00000,126,0,0,0,0.00000,0.00000,0.00000,30,0,,10,0,0,0.00000,,0,0,0,0
2022-03-20,33505.98352,155.58352,33350.40000,430.00000,125,2,2,0,0.00000,400.00000,0.00000,30,0,,10,0,0,0.00000,,0,0,0,0
2022-03-21,33506.41615,156.01615,33350.40000,630.00000,123,1,3,0,0.00000,600.00000,0.00000,30,0,,10,0,0,0.00000,,0,0,0,0
2022-03-22,33394.54694,44.14694,33350.40000,1030.00000,119,2,5,0,0.00000,1000.00000,0.00000,30,0,,10,0,0,0.00000,,0,0,0,0
2022-03-23,34448.27726,43.79726,34404.48000,1230.00000,120,3,1,0,17.00000,200.00000,0.00000,30,10,,10,0,0,1000.00000,,17,3,120,360
2022-03-24,34448.27726,43.79726,34404.48000,1030.00000,120,0,0,0,14.00000,0.00000,0.00000,30,0,,10,0,0,1000.00000,,14,3,120,360
2022-03-25,34448.27726,43.79726,34404.48000,1030.00000,120,0,0,0,16.00000,0.00000,0.00000,30,0,,10,0,0,1000.00000,,16,3,120,360
2022-03-26,34345.07139,44.27139,34300.80000,530.00000,120,1,0,0,5.00000,0.00000,0.00000,30,0,,10,0,0,500.00000,,5,1,30,120
2022-03-27,34349.54105,48.74105,34300.80000,30.00000,121,1,0,0,0.00000,0.00000,0.00000,30,0,,10,0,0,0.00000,,0,0,0,0
2022-03-28,34919.78105,48.74105,34871.04000,30.00000,121,1,0,0,0.00000,0.00000,0.00000,30,0,,10,0,0,0.00000,,0,0,0,0
2022-03-29,34919.78105,48.74105,34871.04000,30.00000,121,0,0,0,0.00000,0.00000,0.00000,30,0,,10,0,0,0.00000,,0,0,0,0
2022-03-30,34633.16521,55.88521,34577.28000,230.00000,120,1,1,0,0.00000,200.00000,0.00000,30,0,,10,0,0,0.00000,,0,0,0,0
2022-03-31,34631.83344,54.55344,34577.28000,630.00000,117,0,3,0,0.00000,600.00000,0.00000,30,0,,10,0,0,0.00000,,0,0,0,0
2022-04-01,34635.67908,58.39908,34577.28000,1030.00000,119,2,0,0,16.00000,0.00000,0.00000,30,10,,10,0,0,1000.00000,,16,3,120,360
2022-04-02,34641.84355,64.56355,34577.28000,1030.00000,120,1,0,0,18.00000,0.00000,0.00000,30,0,,10,0,0,1000.00000,,18,3,120,360
2022-04-03,34729.93968,66.25968,34663.68000,1030.00000,123,3,0,0,16.00000,0.00000,0.00000,30,0,,10,0,0,1000.00000,,16,3,120,360
2022-04-04,35594.55344,66.87344,35527.68000,530.00000,125,2,0,0,6.00000,0.00000,0.00000,30,0,,10,0,0,500.00000,,6,1,30,120
2022-04-05,35594.70570,67.02570,35527.68000,30.00000,126,1,0,0,0.00000,0.00000,0.00000,30,0,,10,0,0,0.00000,,0,0,0,0
2022-04-06,35594.70570,67.02570,35527.68000,30.00000,126,0,0,0,0.00000,0.00000,0.00000,30,0,,10,0,0,0.00000,,0,0,0,0
2022-04-07,35594.46465,66.78465,35527.68000,430.00000,125,1,2,0,0.00000,400.00000,0.00000,30,0,,10,0,0,0.00000,,0,0,0,0
2022-04-08,35592.94409,65.26409,35527.68000,230.00000,124,0,1,0,0.00000,200.00000,0.00000,30,0,,10,0,0,0.00000,,0,0,0,0
2022-04-09,35298.93005,65.01005,35233.92000,430.00000,121,0,2,0,0.00000,400.00000,0.00000,30,0,,10,0,0,0.00000,,0,0,0,0
2022-04-10,35299.12736,65.20736,35233.92000,1030.00000,122,1,0,0,18.00000,0.00000,0.00000,30,10,,10,0,0,1000.00000,,18,3,120,360
2022-04-11,35417.41003,183.49003,35233.92000,1030.00000,124,2,0,0,15.00000,0.00000,0.00000,30,0,,10,0,0,1000.00000,,15,3,120,360
2022-04-12,35332.33587,184.81587,35147.52000,1030.00000,124,1,0,0,14.00000,0.00000,0.00000,30,0,,10,0,0,1000.00000,,14,3,120,360
2022-04-13,35399.18512,251.66512,35147.52000,530.00000,127,3,0,0,6.00000,0.00000,0.00000,30,0,,10,0,0,500.00000,,6,1,30,120
2022-04-14,35779.34512,251.66512,35527.68000,30.00000,129,2,0,0,0.00000,0.00000,0.00000,30,0,,10,0,0,0.00000,,0,0,0,0
2022-04-15,35779.34512,251.66512,35527.68000,30.00000,129,0,0,0,0.00000,0.00000,0.00000,30,0,,10,0,0,0.00000,,0,0,0,0
2022-04-16,35758.02505,247.62505,35510.40000,430.00000,127,1,2,0,0.00000,400.00000,0.00000,30,0,,10,0,0,0.00000,,0,0,0,0
2022-04-17,35716.52996,206.12996,35510.40000,1030.00000,122,0,5,0,0.00000,1000.00000,0.00000,30,0,,10,0,0,0.00000,,0,0,0,0
2022-04-18,35714.70855,204.30855,35510.40000,430.00000,121,1,2,0,0.00000,400.00000,0.00000,30,0,,10,0,0,0.00000,,0,0,0,0
2022-04-19,35714.70855,204.30855,35510.40000,1030.00000,121,0,0,0,15.00000,0.00000,0.00000,30,10,,10,0,0,1000.00000,,15,3,120,360
2022-04-20,36578.70855,204.30855,36374.40000,1030.00000,122,1,0,0,15.00000,0.00000,0.00000,30,0,,10,0,0,1000.00000,,15,3,120,360
2022-04-21,36579.87960,205.47960,36374.40000,1030.00000,123,1,0,0,16.00000,0.00000,0.00000,30,0,,10,0,0,1000.00000,,16,3,120,360
2022-04-22,36517.74365,247.02365,36270.72000,530.00000,124,2,0,0,7.00000,0.00000,0.00000,30,0,,10,0,0,500.00000,,7,1,30,120
2022-04-23,36519.71248,248.99248,36270.72000,30.00000,125,1,0,0,0.00000,0.00000,0.00000,30,0,,10,0,0,0.00000,,0,0,0,0
2022-04-24,36813.93636,249.45636,36564.48000,30.00000,127,2,0,0,0.00000,0.00000,0.00000,30,0,,10,0,0,0.00000,,0,0,0,0
2022-04-25,36516.28326,245.56326,36270.72000,630.00000,123,0,3,0,0.00000,600.00000,0.00000,30,0,,10,0,0,0.00000,,0,0,0,0
2022-04-26,36398.27380,127.55380,36270.72000,430.00000,121,0,2,0,0.00000,400.00000,0.00000,30,0,,10,0,0,0.00000,,0,0,0,0
2022-04-27,36104.51380,127.55380,35976.96000,30.00000,120,0,0,0,0.00000,0.00000,0.00000,30,0,,10,0,0,0.00000,,0,0,0,0
2022-04-28,36012.64168,122.08168,35890.56000,1230.00000,118,0,1,0,17.00000,200.00000,0.00000,30,10,,10,0,0,1000.00000,,17,3,120,360
2022-04-29,35252.32168,122.08168,35130.24000,1030.00000,118,1,0,0,14.00000,0.00000,0.00000,30,0,,10,0,0,1000.00000,,14,3,120,360
2022-04-30,34388.32168,122.08168,34266.24000,1030.00000,117,0,0,0,15.00000,0.00000,0.00000,30,0,,10,0,0,1000.00000,,15,3,120,360
2022-05-01,34399.37881,133.13881,34266.24000,530.00000,118,1,0,0,4.00000,0.00000,0.00000,30,0,,10,0,0,500.00000,,4,1,30,120
2022-05-02,34400.12263,133.88263,34266.24000,30.00000,119,1,0,0,0.00000,0.00000,0.00000,30,0,,10,0,0,0.00000,,0,0,0,0
2022-05-03,34970.36263,133.88263,34836.48000,30.00000,119,1,0,0,0.00000,0.00000,0.00000,30,0,,10,0,0,0.00000,,0,0,0,0
2022-05-04,34969.64091,133.16091,34836.48000,430.00000,118,1,2,0,0.00000,400.00000,0.00000,30,0,,10,0,0,0.00000,,0,0,0,0
2022-05-05,34973.17698,136.69698,34836.48000,230.00000,118,1,1,0,0.00000,200.00000,0.00000,30,0,,10,0,0,0.00000,,0,0,0,0
2022-05-06,34888.39114,138.31114,34750.08000,30.00000,118,1,0,0,0.00000,0.00000,0.00000,30,0,,10,0,0,0.00000,,0,0,0,0
2022-05-07,34885.49888,135.41888,34750.08000,1230.00000,117,0,1,0,15.00000,200.00000,0.00000,30,10,,10,0,0,1000.00000,,15,3,120,360
2022-05-08,34781.81888,135.41888,34646.40000,1030.00000,116,0,0,0,17.00000,0.00000,0.00000,30,0,,10,0,0,1000.00000,,17,3,120,360
2022-05-09,34801.51585,155.11585,34646.40000,1030.00000,118,2,0,0,16.00000,0.00000,0.00000,30,0,,10,0,0,1000.00000,,16,3,120,360
2022-05-10,35099.99372,159.83372,34940.16000,530.00000,120,2,0,0,5.00000,0.00000,0.00000,30,0,,10,0,0,500.00000,,5,1,30,120
2022-05-11,35099.99372,159.83372,34940.16000,30.00000,120,0,0,0,0.00000,0.00000,0.00000,30,0,,10,0,0,0.00000,,0,0,0,0
2022-05-12,35099.99372,159.83372,34940.16000,30.00000,120,0,0,0,0.00000,0.00000,0.00000,30,0,,10,0,0,0.00000,,0,0,0,0
2022-05-13,35096.70453,156.54453,34940.16000,430.00000,118,0,2,0,0.00000,400.00000,0.00000,30,0,,10,0,0,0.00000,,0,0,0,0
2022-05-14,35096.70453,156.54453,34940.16000,30.00000,118,0,0,0,0.00000,0.00000,0.00000,30,0,,10,0,0,0.00000,,0,0,0,0
2022-05-15,34139.70145,149.94145,33989.76000,230.00000,116,1,1,0,0.00000,200.00000,0.00000,30,0,,10,0,0,0.00000,,0,0,0,0
2022-05-16,33857.88446,161.88446,33696.00000,1030.00000,116,1,0,0,17.00000,0.00000,0.00000,30,10,,10,0,0,1000.00000,,17,3,120,360
2022-05-17,33860.52579,164.52579,33696.00000,1030.00000,117,1,0,0,19.00000,0.00000,0.00000,30,0,,10,0,0,1000.00000,,19,3,120,360
2022-05-18,33943.46276,247.46276,33696.00000,1030.00000,121,4,0,0,14.00000,0.00000,0.00000,30,0,,10,0,0,1000.00000,,14,3,120,360
2022-05-19,33944.27171,248.27171,33696.00000,530.00000,122,1,0,0,6.00000,0.00000,0.00000,30,0,,10,0,0,500.00000,,6,1,30,120
2022-05-20,33668.39099,248.87099,33419.52000,30.00000,124,3,0,0,0.00000,0.00000,0.00000,30,0,,10,0,0,0.00000,,0,0,0,0
2022-05-21,33668.39099,248.87099,33419.52000,30.00000,124,0,0,0,0.00000,0.00000,0.00000,30,0,,10,0,0,0.00000,,0,0,0,0
2022-05-22,33667.85937,248.33937,33419.52000,230.00000,123,0,1,0,0.00000,200.00000,0.00000,30,0,,10,0,0,0.00000,,0,0,0,0
2022-05-23,33589.40254,169.88254,33419.52000,1230.00000,118,1,6,0,0.00000,1200.00000,0.00000,30,0,,10,0,0,0.00000,,0,0,0,0
2022-05-24,33503.00254,169.88254,33333.12000,30.00000,117,0,0,0,0.00000,0.00000,0.00000,30,0,,10,0,0,0.00000,,0,0,0,0
2022-05-25,33505.41572,172.29572,33333.12000,1030.00000,119,2,0,0,14.00000,0.00000,0.00000,30,10,,10,0,0,1000.00000,,14,3,120,360
2022-05-26,33221.45401,182.09401,33039.36000,1030.00000,119,1,0,0,14.00000,0.00000,0.00000,30,0,,10,0,0,1000.00000,,14,3,120,360
2022-05-27,33117.77401,182.09401,32935.68000,1030.00000,118,0,0,0,19.00000,0.00000,0.00000,30,0,,10,0,0,1000.00000,,19,3,120,360
2022-05-28,33221.45401,182.09401,33039.36000,530.00000,119,1,0,0,7.00000,0.00000,0.00000,30,0,,10,0,0,500.00000,,7,1,30,120
2022-05-29,32927.69401,182.09401,32745.60000,30.00000,118,0,0,0,0.00000,0.00000,0.00000,30,0,,10,0,0,0.00000,,0,0,0,0
2022-05-30,32927.69401,182.09401,32745.60000,30.00000,118,0,0,0,0.00000,0.00000,0.00000,30,0,,10,0,0,0.00000,,0,0,0,0
2022-05-31,33790.65441,181.05441,33609.60000,430.00000,118,2,2,0,0.00000,400.00000,0.00000,30,0,,10,0,0,0.00000,,0,0,0,0
2022-06-01,33750.55155,140.95155,33609.60000,630.00000,116,1,3,0,0.00000,600.00000,0.00000,30,0,,10,0,0,0.00000,,0,0,0,0
2022-06-02,33760.65696,151.05696,33609.60000,230.00000,116,1,1,0,0.00000,200.00000,0.00000,30,0,,10,0,0,0.00000,,0,0,0,0
2022-06-03,34049.71830,146.35830,33903.36000,1230.00000,117,2,1,0,19.00000,200.00000,0.00000,30,10,,10,0,0,1000.00000,,19,3,120,360
2022-06-04,34915.44581,148.08581,34767.36000,1030.00000,120,3,0,0,15.00000,0.00000,0.00000,30,0,,10,0,0,1000.00000,,15,3,120,360
2022-06-05,34940.64210,173.28210,34767.36000,1030.00000,122,2,0,0,19.00000,0.00000,0.00000,30,0,,10,0,0,1000.00000,,19,3,120,360
2022-06-06,34940.64210,173.28210,34767.36000,530.00000,122,0,0,0,6.00000,0.00000,0.00000,30,0,,10,0,0,500.00000,,6,1,30,120
2022-06-07,34941.02885,173.66885,34767.36000,30.00000,123,1,0,0,0.00000,0.00000,0.00000,30,0,,10,0,0,0.00000,,0,0,0,0
2022-06-08,36494.49083,1727.13083,34767.36000,30.00000,124,1,0,0,0.00000,0.00000,0.00000,30,0,,10,0,0,0.00000,,0,0,0,0
2022-06-09,37357.89155,1726.53155,35631.36000,230.00000,124,1,1,0,0.00000,200.00000,0.00000,30,0,,10,0,0,0.00000,,0,0,0,0
2022-06-10,37357.89155,1726.53155,35631.36000,30.00000,124,0,0,0,0.00000,0.00000,0.00000,30,0,,10,0,0,0.00000,,0,0,0,0
2022-06-11,37245.64152,1700.68152,35544.96000,630.00000,122,2,3,0,0.00000,600.00000,0.00000,30,0,,10,0,0,0.00000,,0,0,0,0
2022-06-12,37245.64152,1700.68152,35544.96000,1030.00000,122,0,0,0,20.00000,0.00000,0.00000,30,10,,10,0,0,1000.00000,,20,3,120,360
2022-06-13,37248.18437,1703.22437,35544.96000,1030.00000,123,1,0,0,17.00000,0.00000,0.00000,30,0,,10,0,0,1000.00000,,17,3,120,360
2022-06-14,37248.71636,1703.75636,35544.96000,1030.00000,124,1,0,0,19.00000,0.00000,0.00000,30,0,,10,0,0,1000.00000,,19,3,120,360
2022-06-15,37248.71636,1703.75636,35544.96000,530.00000,124,0,0,0,7.00000,0.00000,0.00000,30,0,,10,0,0,500.00000,,7,1,30,120
2022-06-16,36494.13613,1709.49613,34784.64000,30.00000,125,2,0,0,0.00000,0.00000,0.00000,30,0,,10,0,0,0.00000,,0,0,0,0
2022-06-17,36494.13613,1709.49613,34784.64000,30.00000,125,0,0,0,0.00000,0.00000,0.00000,30,0,,10,0,0,0.00000,,0,0,0,0
2022-06-18,36493.96270,1709.32270,34784.64000,430.00000,124,1,2,0,0.00000,400.00000,0.00000,30,0,,10,0,0,0.00000,,0,0,0,0
2022-06-19,36483.89601,1699.25601,34784.64000,430.00000,122,1,2,0,0.00000,400.00000,0.00000,30,0,,10,0,0,0.00000,,0,0,0,0
2022-06-20,36356.96486,1658.72486,34698.24000,1230.00000,115,0,6,0,0.00000,1200.00000,0.00000,30,0,,10,0,0,0.00000,,0,0,0,0
2022-06-21,36380.47799,1682.23799,34698.24000,1430.00000,114,1,2,0,17.00000,400.00000,0.00000,30,10,,10,0,0,1000.00000,,17,3,120,360
2022-06-22,36380.47799,1682.23799,34698.24000,1030.00000,114,0,0,0,12.00000,0.00000,0.00000,30,0,,10,0,0,1000.00000,,12,3,120,360
2022-06-23,36380.47799,1682.23799,34698.24000,1030.00000,114,0,0,0,19.00000,0.00000,0.00000,30,0,,10,0,0,1000.00000,,19,3,120,360
2022-06-24,36380.47799,1682.23799,34698.24000,530.00000,114,0,0,0,6.00000,0.00000,0.00000,30,0,,10,0,0,500.00000,,6,1,30,120
2022-06-25,36380.47799,1682.23799,34698.24000,30.00000,114,0,0,0,0.00000,0.00000,0.00000,30,0,,10,0,0,0.00000,,0,0,0,0
2022-06-26,36380.47799,1682.23799,34698.24000,30.00000,114,0,0,0,0.00000,0.00000,0.00000,30,0,,10,0,0,0.00000,,0,0,0,0
2022-06-27,36327.37837,1629.13837,34698.24000,1030.00000,110,1,5,0,0.00000,1000.00000,0.00000,30,0,,10,0,0,0.00000,,0,0,0,0
2022-06-28,36320.26118,1622.02118,34698.24000,630.00000,107,0,3,0,0.00000,600.00000,0.00000,30,0,,10,0,0,0.00000,,0,0,0,0
2022-06-29,34765.23649,66.99649,34698.24000,630.00000,104,0,3,0,0.00000,600.00000,0.00000,30,0,,10,0,0,0.00000,,0,0,0,0
2022-06-30,34772.29961,74.05961,34698.24000,1230.00000,104,1,1,0,19.00000,200.00000,0.00000,30,10,,10,0,0,1000.00000,,19,3,120,360
2022-07-01,34214.85692,86.85692,34128.00000,1030.00000,105,2,0,0,13.00000,0.00000,0.00000,30,0,,10,0,0,1000.00000,,13,3,120,360
2022-07-02,34112.74854,88.42854,34024.32000,1030.00000,106,2,0,0,14.00000,0.00000,0.00000,30,0,,10,0,0,1000.00000,,14,3,120,360
2022-07-03,34112.74854,88.42854,34024.32000,530.00000,106,0,0,0,5.00000,0.00000,0.00000,30,0,,10,0,0,500.00000,,5,1,30,120
2022-07-04,34112.74854,88.42854,34024.32000,30.00000,106,0,0,0,0.00000,0.00000,0.00000,30,0,,10,0,0,0.00000,,0,0,0,0
2022-07-05,33910.14376,179.58376,33730.56000,30.00000,106,1,0,0,0.00000,0.00000,0.00000,30,0,,10,0,0,0.00000,,0,0,0,0
2022-07-06,33910.14376,179.58376,33730.56000,30.00000,106,0,0,0,0.00000,0.00000,0.00000,30,0,,10,0,0,0.00000,,0,0,0,0
2022-07-07,33869.62872,139.06872,33730.56000,430.00000,104,0,2,0,0.00000,400.00000,0.00000,30,0,,10,0,0,0.00000,,0,0,0,0
2022-07-08,33870.66707,140.10707,33730.56000,230.00000,104,1,1,0,0.00000,200.00000,0.00000,30,0,,10,0,0,0.00000,,0,0,0,0
2022-07-09,33968.60730,134.36730,33834.24000,1230.00000,104,1,1,0,15.00000,200.00000,0.00000,30,10,,10,0,0,1000.00000,,15,3,120,360
2022-07-10,33968.60730,134.36730,33834.24000,1030.00000,104,0,0,0,13.00000,0.00000,0.00000,30,0,,10,0,0,1000.00000,,13,3,120,360
2022-07-11,33882.20730,134.36730,33747.84000,1030.00000,103,0,0,0,17.00000,0.00000,0.00000,30,0,,10,0,0,1000.00000,,17,3,120,360
2022-07-12,33795.80730,134.36730,33661.44000,530.00000,102,0,0,0,5.00000,0.00000,0.00000,30,0,,10,0,0,500.00000,,5,1,30,120
2022-07-13,34003.16730,134.36730,33868.80000,30.00000,102,1,0,0,0.00000,0.00000,0.00000,30,0,,10,0,0,0.00000,,0,0,0,0
2022-07-14,34004.65589,135.85589,33868.80000,30.00000,102,1,0,1,0.00000,0.00000,200.00000,30,0,,10,0,0,0.00000,,0,0,0,0
2022-07-15,33992.99058,124.19058,33868.80000,630.00000,100,1,3,0,0.00000,600.00000,0.00000,30,0,,10,0,0,0.00000,,0,0,0,0
2022-07-16,33915.97231,150.85231,33765.12000,30.00000,101,2,0,0,0.00000,0.00000,0.00000,30,0,,10,0,0,0.00000,,0,0,0,0
2022-07-17,33923.39485,158.27485,33765.12000,630.00000,100,2,3,0,0.00000,600.00000,0.00000,30,0,,10,0,0,0.00000,,0,0,0,0
2022-07-18,34217.15485,158.27485,34058.88000,1030.00000,101,1,0,0,17.00000,0.00000,0.00000,30,10,,10,0,0,1000.00000,,17,3,120,360
2022-07-19,34113.47485,158.27485,33955.20000,1030.00000,100,0,0,0,15.00000,0.00000,0.00000,30,0,,10,0,0,1000.00000,,15,3,120,360
2022-07-20,34113.47485,158.27485,33955.20000,1030.00000,100,0,0,0,13.00000,0.00000,0.00000,30,0,,10,0,0,1000.00000,,13,3,120,360
2022-07-21,34113.47485,158.27485,33955.20000,530.00000,100,0,0,0,5.00000,0.00000,0.00000,30,0,,10,0,0,500.00000,,5,1,30,120
2022-07-22,34113.47485,158.27485,33955.20000,30.00000,100,0,0,0,0.00000,0.00000,0.00000,30,0,,10,0,0,0.00000,,0,0,0,0
2022-07-23,34244.32869,202.72869,34041.60000,30.00000,102,2,0,0,0.00000,0.00000,0.00000,30,0,,10,0,0,0.00000,,0,0,0,0
2022-07-24,34153.17347,111.57347,34041.60000,230.00000,101,0,1,0,0.00000,200.00000,0.00000,30,0,,10,0,0,0.00000,,0,0,0,0
2022-07-25,34150.46902,108.86902,34041.60000,230.00000,100,0,1,0,0.00000,200.00000,0.00000,30,0,,10,0,0,0.00000,,0,0,0,0
2022-07-26,34140.60272,99.00272,34041.60000,230.00000,100,1,1,0,0.00000,200.00000,0.00000,30,0,,10,0,0,0.00000,,0,0,0,0
2022-07-27,34140.60272,99.00272,34041.60000,1030.00000,100,0,0,0,14.00000,0.00000,0.00000,30,10,,10,0,0,1000.00000,,14,3,120,360
2022-07-28,34454.39700,412.79700,34041.60000,1030.00000,105,5,0,0,15.00000,0.00000,0.00000,30,0,,10,0,0,1000.00000,,15,3,120,360
2022-07-29,34454.39700,412.79700,34041.60000,1030.00000,105,0,0,0,15.00000,0.00000,0.00000,30,0,,10,0,0,1000.00000,,15,3,120,360
2022-07-30,34454.39700,412.79700,34041.60000,530.00000,105,0,0,0,7.00000,0.00000,0.00000,30,0,,10,0,0,500.00000,,7,1,30,120
2022-07-31,34369.16894,413.96894,33955.20000,30.00000,106,2,0,0,0.00000,0.00000,0.00000,30,0,,10,0,0,0.00000,,0,0,0,0
2022-08-01,34407.96431,452.76431,33955.20000,30.00000,108,2,0,0,0.00000,0.00000,0.00000,30,0,,10,0,0,0.00000,,0,0,0,0
2022-08-02,34382.01577,426.81577,33955.20000,430.00000,106,0,2,0,0.00000,400.00000,0.00000,30,0,,10,0,0,0.00000,,0,0,0,0
2022-08-03,33514.28169,423.08169,33091.20000,630.00000,102,0,3,0,0.00000,600.00000,0.00000,30,0,,10,0,0,0.00000,,0,0,0,0
2022-08-04,34364.33701,409.13701,33955.20000,230.00000,102,1,1,0,0.00000,200.00000,0.00000,30,0,,10,0,0,0.00000,,0,0,0,0
2022-08-05,34450.73701,409.13701,34041.60000,1030.00000,103,1,0,0,17.00000,0.00000,0.00000,30,10,,10,0,0,1000.00000,,17,3,120,360
2022-08-06,34450.73701,409.13701,34041.60000,1030.00000,103,0,0,0,16.00000,0.00000,0.00000,30,0,,10,0,0,1000.00000,,16,3,120,360
2022-08-07,34537.13701,409.13701,34128.00000,1030.00000,104,1,0,0,12.00000,0.00000,0.00000,30,0,,10,0,0,1000.00000,,12,3,120,360
2022-08-08,34537.13701,409.13701,34128.00000,530.00000,104,0,0,0,6.00000,0.00000,0.00000,30,0,,10,0,0,500.00000,,6,1,30,120
2022-08-09,34623.53701,409.13701,34214.40000,30.00000,105,1,0,0,0.00000,0.00000,0.00000,30,0,,10,0,0,0.00000,,0,0,0,0
2022-08-10,34537.13701,409.13701,34128.00000,30.00000,104,0,0,0,0.00000,0.00000,0.00000,30,0,,10,0,0,0.00000,,0,0,0,0
2022-08-11,34242.99026,408.75026,33834.24000,230.00000,102,0,1,0,0.00000,200.00000,0.00000,30,0,,10,0,0,0.00000,,0,0,0,0
2022-08-12,34147.36560,313.12560,33834.24000,430.00000,101,1,2,0,0.00000,400.00000,0.00000,30,0,,10,0,0,0.00000,,0,0,0,0
2022-08-13,34134.85848,300.61848,33834.24000,230.00000,100,0,1,0,0.00000,200.00000,0.00000,30,0,,10,0,0,0.00000,,0,0,0,0
2022-08-14,34511.14320,296.74320,34214.40000,1230.00000,102,3,1,0,14.00000,200.00000,0.00000,30,10,,10,0,0,1000.00000,,14,3,120,360
2022-08-15,34805.06224,296.90224,34508.16000,1030.00000,104,2,0,0,14.00000,0.00000,0.00000,30,0,,10,0,0,1000.00000,,14,3,120,360
2022-08-16,35682.12476,309.96476,35372.16000,1030.00000,106,2,0,0,14.00000,0.00000,0.00000,30,0,,10,0,0,1000.00000,,14,3,120,360
2022-08-17,35699.40476,309.96476,35389.44000,530.00000,106,1,0,0,5.00000,0.00000,0.00000,30,0,,10,0,0,500.00000,,5,1,30,120
2022-08-18,35613.05727,310.01727,35303.04000,30.00000,106,1,0,0,0.00000,0.00000,0.00000,30,0,,10,0,0,0.00000,,0,0,0,0
2022-08-19,35947.77209,350.97209,35596.80000,30.00000,110,4,0,0,0.00000,0.00000,0.00000,30,0,,10,0,0,0.00000,,0,0,0,0
2022-08-20,35947.03205,350.23205,35596.80000,230.00000,110,1,1,0,0.00000,200.00000,0.00000,30,0,,10,0,0,0.00000,,0,0,0,0
2022-08-21,35905.22378,308.42378,35596.80000,830.00000,106,0,4,0,0.00000,800.00000,0.00000,30,0,,10,0,0,0.00000,,0,0,0,0
2022-08-22,35389.16049,86.12049,35303.04000,230.00000,104,0,1,0,0.00000,200.00000,0.00000,30,0,,10,0,0,0.00000,,0,0,0,0
2022-08-23,35388.77861,85.73861,35303.04000,1230.00000,103,0,1,0,16.00000,200.00000,0.00000,30,10,,10,0,0,1000.00000,,16,3,120,360
2022-08-24,35389.29159,86.25159,35303.04000,1030.00000,104,1,0,0,12.00000,0.00000,0.00000,30,0,,10,0,0,1000.00000,,12,3,120,360
2022-08-25,34611.69159,86.25159,34525.44000,1030.00000,104,1,0,0,13.00000,0.00000,0.00000,30,0,,10,0,0,1000.00000,,13,3,120,360
2022-08-26,36092.59920,1567.15920,34525.44000,530.00000,106,2,0,0,5.00000,0.00000,0.00000,30,0,,10,0,0,500.00000,,5,1,30,120
2022-08-27,36092.59920,1567.15920,34525.44000,30.00000,106,0,0,0,0.00000,0.00000,0.00000,30,0,,10,0,0,0.00000,,0,0,0,0
2022-08-28,35232.85900,1571.41900,33661.44000,30.00000,107,2,0,0,0.00000,0.00000,0.00000,30,0,,10,0,0,0.00000,,0,0,0,0
2022-08-29,35235.33425,1573.89425,33661.44000,230.00000,107,1,1,0,0.00000,200.00000,0.00000,30,0,,10,0,0,0.00000,,0,0,0,0
2022-08-30,35485.01804,2117.33804,33367.68000,430.00000,106,2,2,0,0.00000,400.00000,0.00000,30,0,,10,0,0,0.00000,,0,0,0,0
2022-08-31,35485.01804,2117.33804,33367.68000,30.00000,106,0,0,0,0.00000,0.00000,0.00000,30,0,,10,0,0,0.00000,,0,0,0,0
2022-09-01,34603.73804,2117.33804,32486.40000,1030.00000,105,1,0,0,16.00000,0.00000,0.00000,30,10,,10,0,0,1000.00000,,16,3,120,360
2022-09-02,34603.73804,2117.33804,32486.40000,1030.00000,105,0,0,0,14.00000,0.00000,0.00000,30,0,,10,0,0,1000.00000,,14,3,120,360
2022-09-03,34711.87676,2225.47676,32486.40000,1030.00000,106,1,0,0,16.00000,0.00000,0.00000,30,0,,10,0,0,1000.00000,,16,3,120,360
2022-09-04,34712.33372,2225.93372,32486.40000,530.00000,107,1,0,0,6.00000,0.00000,0.00000,30,0,,10,0,0,500.00000,,6,1,30,120
2022-09-05,34712.33372,2225.93372,32486.40000,30.00000,107,0,0,0,0.00000,0.00000,0.00000,30,0,,10,0,0,0.00000,,0,0,0,0
2022-09-06,34713.07662,2226.67662,32486.40000,30.00000,108,1,0,0,0.00000,0.00000,0.00000,30,0,,10,0,0,0.00000,,0,0,0,0
2022-09-07,33827.51117,2205.11117,31622.40000,230.00000,106,0,1,0,0.00000,200.00000,0.00000,30,0,,10,0,0,0.00000,,0,0,0,0
2022-09-08,33827.51117,2205.11117,31622.40000,30.00000,106,0,0,0,0.00000,0.00000,0.00000,30,0,,10,0,0,0.00000,,0,0,0,0
2022-09-09,33816.42942,2194.02942,31622.40000,430.00000,106,3,2,0,0.00000,400.00000,0.00000,30,0,,10,0,0,0.00000,,0,0,0,0
2022-09-10,33823.80961,2201.40961,31622.40000,1030.00000,107,1,0,0,18.00000,0.00000,0.00000,30,10,,10,0,0,1000.00000,,18,3,120,360
2022-09-11,34117.56961,2201.40961,31916.16000,1030.00000,108,1,0,0,15.00000,0.00000,0.00000,30,0,,10,0,0,1000.00000,,15,3,120,360
2022-09-12,34117.56961,2201.40961,31916.16000,1030.00000,108,0,0,0,14.00000,0.00000,0.00000,30,0,,10,0,0,1000.00000,,14,3,120,360
2022-09-13,34117.56961,2201.40961,31916.16000,530.00000,108,0,0,0,5.00000,0.00000,0.00000,30,0,,10,0,0,500.00000,,5,1,30,120
2022-09-14,34118.31915,2202.15915,31916.16000,30.00000,109,1,0,0,0.00000,0.00000,0.00000,30,0,,10,0,0,0.00000,,0,0,0,0
2022-09-15,34014.63915,2202.15915,31812.48000,30.00000,108,0,0,0,0.00000,0.00000,0.00000,30,0,,10,0,0,0.00000,,0,0,0,0
2022-09-16,32530.48168,718.00168,31812.48000,630.00000,105,0,3,0,0.00000,600.00000,0.00000,30,0,,10,0,0,0.00000,,0,0,0,0
2022-09-17,32000.73962,188.25962,31812.48000,630.00000,103,1,3,0,0.00000,600.00000,0.00000,30,0,,10,0,0,0.00000,,0,0,0,0
2022-09-18,32003.59108,191.11108,31812.48000,230.00000,103,1,1,0,0.00000,200.00000,0.00000,30,0,,10,0,0,0.00000,,0,0,0,0
2022-09-19,31947.88716,135.40716,31812.48000,1230.00000,102,1,1,0,13.00000,200.00000,0.00000,30,10,,10,0,0,1000.00000,,13,3,120,360
2022-09-20,31846.67430,137.87430,31708.80000,1030.00000,102,1,0,0,15.00000,0.00000,0.00000,30,0,,10,0,0,1000.00000,,15,3,120,360
2022-09-21,31882.86582,174.06582,31708.80000,1030.00000,105,3,0,0,13.00000,0.00000,0.00000,30,0,,10,0,0,1000.00000,,13,3,120,360
2022-09-22,32510.26262,213.94262,32296.32000,530.00000,110,5,0,0,8.00000,0.00000,0.00000,30,0,,10,0,0,500.00000,,8,1,30,120
2022-09-23,32613.94262,213.94262,32400.00000,30.00000,111,1,0,0,0.00000,0.00000,0.00000,30,0,,10,0,0,0.00000,,0,0,0,0
2022-09-24,32613.94262,213.94262,32400.00000,30.00000,111,0,0,0,0.00000,0.00000,0.00000,30,0,,10,0,0,0.00000,,0,0,0,0
2022-09-25,33487.46683,223.46683,33264.00000,430.00000,112,3,2,0,0.00000,400.00000,0.00000,30,0,,10,0,0,0.00000,,0,0,0,0
2022-09-26,33548.42722,284.42722,33264.00000,230.00000,114,3,1,0,0.00000,200.00000,0.00000,30,0,,10,0,0,0.00000,,0,0,0,0
2022-09-27,33432.90831,168.90831,33264.00000,430.00000,112,0,2,0,0.00000,400.00000,0.00000,30,0,,10,0,0,0.00000,,0,0,0,0
2022-09-28,33444.72606,180.72606,33264.00000,1030.00000,113,1,0,0,17.00000,0.00000,0.00000,30,10,,10,0,0,1000.00000,,17,3,120,360
2022-09-29,33239.79186,183.15186,33056.64000,1030.00000,112,1,0,0,13.00000,0.00000,0.00000,30,0,,10,0,0,1000.00000,,13,3,120,360
2022-09-30,33533.55186,183.15186,33350.40000,1030.00000,113,1,0,0,17.00000,0.00000,0.00000,30,0,,10,0,0,1000.00000,,17,3,120,360
2022-10-01,33533.55186,183.15186,33350.40000,530.00000,113,0,0,0,7.00000,0.00000,0.00000,30,0,,10,0,0,500.00000,,7,1,30,120
2022-10-02,33637.23186,183.15186,33454.08000,30.00000,114,1,0,0,0.00000,0.00000,0.00000,30,0,,10,0,0,0.00000,,0,0,0,0
2022-10-03,33649.99805,195.91805,33454.08000,30.00000,115,1,0,0,0.00000,0.00000,0.00000,30,0,,10,0,0,0.00000,,0,0,0,0
2022-10-04,33245.17543,361.33543,32883.84000,30.00000,117,3,0,0,0.00000,0.00000,0.00000,30,0,,10,0,0,0.00000,,0,0,0,0
2022-10-05,34107.76170,359.92170,33747.84000,430.00000,117,2,2,0,0.00000,400.00000,0.00000,30,0,,10,0,0,0.00000,,0,0,0,0
2022-10-06,34075.40672,327.56672,33747.84000,430.00000,115,0,2,0,0.00000,400.00000,0.00000,30,0,,10,0,0,0.00000,,0,0,0,0
2022-10-07,33202.26170,318.42170,32883.84000,1630.00000,111,0,3,0,17.00000,600.00000,0.00000,30,10,,10,0,0,1000.00000,,17,3,120,360
2022-10-08,33202.26170,318.42170,32883.84000,1030.00000,111,0,0,0,14.00000,0.00000,0.00000,30,0,,10,0,0,1000.00000,,14,3,120,360
2022-10-09,33203.01012,319.17012,32883.84000,1030.00000,112,1,0,0,14.00000,0.00000,0.00000,30,0,,10,0,0,1000.00000,,14,3,120,360
2022-10-10,32339.01012,319.17012,32019.84000,530.00000,111,0,0,0,6.00000,0.00000,0.00000,30,0,,10,0,0,500.00000,,6,1,30,120
2022-10-11,32346.61969,326.77969,32019.84000,30.00000,112,1,0,0,0.00000,0.00000,0.00000,30,0,,10,0,0,0.00000,,0,0,0,0
2022-10-12,32452.15378,328.63378,32123.52000,30.00000,114,2,0,0,0.00000,0.00000,0.00000,30,0,,10,0,0,0.00000,,0,0,0,0
2022-10-13,32523.68481,313.76481,32209.92000,430.00000,113,1,2,0,0.00000,400.00000,0.00000,30,0,,10,0,0,0.00000,,0,0,0,0
2022-10-14,32513.12729,303.20729,32209.92000,230.00000,112,0,1,0,0.00000,200.00000,0.00000,30,0,,10,0,0,0.00000,,0,0,0,0
2022-10-15,31684.13548,234.53548,31449.60000,1030.00000,107,1,5,0,0.00000,1000.00000,0.00000,30,0,,10,0,0,0.00000,,0,0,0,0
2022-10-16,32511.61252,198.01252,32313.60000,1430.00000,106,1,2,0,15.00000,400.00000,0.00000,30,10,,10,0,0,1000.00000,,15,3,120,360
2022-10-17,32805.37252,198.01252,32607.36000,1030.00000,107,1,0,0,13.00000,0.00000,0.00000,30,0,,10,0,0,1000.00000,,13,3,120,360
2022-10-18,32788.09252,198.01252,32590.08000,1030.00000,107,1,0,0,14.00000,0.00000,0.00000,30,0,,10,0,0,1000.00000,,14,3,120,360
2022-10-19,31950.55359,224.47359,31726.08000,530.00000,107,1,0,0,5.00000,0.00000,0.00000,30,0,,10,0,0,500.00000,,5,1,30,120
2022-10-20,31950.89352,224.81352,31726.08000,30.00000,108,1,0,0,0.00000,0.00000,0.00000,30,0,,10,0,0,0.00000,,0,0,0,0
2022-10-21,31956.84843,230.76843,31726.08000,30.00000,110,2,0,0,0.00000,0.00000,0.00000,30,0,,10,0,0,0.00000,,0,0,0,0
2022-10-22,31973.69945,247.61945,31726.08000,30.00000,112,2,0,0,0.00000,0.00000,0.00000,30,0,,10,0,0,0.00000,,0,0,0,0
2022-10-23,31846.47007,120.39007,31726.08000,430.00000,110,0,2,0,0.00000,400.00000,0.00000,30,0,,10,0,0,0.00000,,0,0,0,0
2022-10-24,31795.00291,68.92291,31726.08000,430.00000,108,0,2,0,0.00000,400.00000,0.00000,30,0,,10,0,0,0.00000,,0,0,0,0
2022-10-25,32090.69018,70.85018,32019.84000,1030.00000,110,2,0,0,16.00000,0.00000,0.00000,30,10,,10,0,0,1000.00000,,16,3,120,360
2022-10-26,31693.33690,70.93690,31622.40000,1030.00000,109,1,0,0,15.00000,0.00000,0.00000,30,0,,10,0,0,1000.00000,,15,3,120,360
2022-10-27,31695.30195,72.90195,31622.40000,1030.00000,110,1,0,0,13.00000,0.00000,0.00000,30,0,,10,0,0,1000.00000,,13,3,120,360
2022-10-28,31695.30195,72.90195,31622.40000,530.00000,110,0,0,0,6.00000,0.00000,0.00000,30,0,,10,0,0,500.00000,,6,1,30,120
2022-10-29,31695.30195,72.90195,31622.40000,30.00000,110,0,0,0,0.00000,0.00000,0.00000,30,0,,10,0,0,0.00000,,0,0,0,0
2022-10-30,31591.62195,72.90195,31518.72000,30.00000,109,0,0,0,0.00000,0.00000,0.00000,30,0,,10,0,0,0.00000,,0,0,0,0
2022-10-31,31591.62195,72.90195,31518.72000,30.00000,109,0,0,0,0.00000,0.00000,0.00000,30,0,,10,0,0,0.00000,,0,0,0,0
2022-11-01,31591.62195,72.90195,31518.72000,30.00000,109,0,0,0,0.00000,0.00000,0.00000,30,0,,10,0,0,0.00000,,0,0,0,0
2022-11-02,31582.37522,63.65522,31518.72000,630.00000,106,0,3,0,0.00000,600.00000,0.00000,30,0,,10,0,0,0.00000,,0,0,0,0
2022-11-03,31596.40706,77.68706,31518.72000,1030.00000,108,2,0,0,14.00000,0.00000,0.00000,30,10,,10,0,0,1000.00000,,14,3,120,360
2022-11-04,31596.40706,77.68706,31518.72000,1030.00000,108,0,0,0,16.00000,0.00000,0.00000,30,0,,10,0,0,1000.00000,,16,3,120,360
2022-11-05,31596.40706,77.68706,31518.72000,1030.00000,108,0,0,0,11.00000,0.00000,0.00000,30,0,,10,0,0,1000.00000,,11,3,120,360
2022-11-06,31599.88707,81.16707,31518.72000,530.00000,110,2,0,0,6.00000,0.00000,0.00000,30,0,,10,0,0,500.00000,,6,1,30,120
2022-11-07,32360.20707,81.16707,32279.04000,30.00000,110,1,0,0,0.00000,0.00000,0.00000,30,0,,10,0,0,0.00000,,0,0,0,0
2022-11-08,32360.20707,81.16707,32279.04000,30.00000,110,0,0,0,0.00000,0.00000,0.00000,30,0,,10,0,0,0.00000,,0,0,0,0
2022-11-09,32358.27980,79.23980,32279.04000,230.00000,109,0,1,0,0.00000,200.00000,0.00000,30,0,,10,0,0,0.00000,,0,0,0,0
2022-11-10,32372.60535,93.56535,32279.04000,1030.00000,106,2,5,0,0.00000,1000.00000,0.00000,30,0,,10,0,0,0.00000,,0,0,0,0
2022-11-11,32378.86125,99.82125,32279.04000,30.00000,107,1,0,0,0.00000,0.00000,0.00000,30,0,,10,0,0,0.00000,,0,0,0,0
2022-11-12,32362.57656,83.53656,32279.04000,1230.00000,107,1,1,0,14.00000,200.00000,0.00000,30,10,,10,0,0,1000.00000,,14,3,120,360
2022-11-13,32427.95900,148.91900,32279.04000,1030.00000,108,1,0,0,15.00000,0.00000,0.00000,30,0,,10,0,0,1000.00000,,15,3,120,360
2022-11-14,31563.95900,148.91900,31415.04000,1030.00000,107,0,0,0,13.00000,0.00000,0.00000,30,0,,10,0,0,1000.00000,,13,3,120,360
2022-11-15,31563.95900,148.91900,31415.04000,530.00000,107,0,0,0,7.00000,0.00000,0.00000,30,0,,10,0,0,500.00000,,7,1,30,120
2022-11-16,31650.35900,148.91900,31501.44000,30.00000,108,1,0,0,0.00000,0.00000,0.00000,30,0,,10,0,0,0.00000,,0,0,0,0
2022-11-17,31658.09802,156.65802,31501.44000,30.00000,111,3,0,0,0.00000,0.00000,0.00000,30,0,,10,0,0,0.00000,,0,0,0,0
2022-11-18,30794.09802,156.65802,30637.44000,30.00000,110,0,0,0,0.00000,0.00000,0.00000,30,0,,10,0,0,0.00000,,0,0,0,0
2022-11-19,30782.80960,145.36960,30637.44000,230.00000,110,1,1,0,0.00000,200.00000,0.00000,30,0,,10,0,0,0.00000,,0,0,0,0
2022-11-20,30801.39296,163.95296,30637.44000,230.00000,111,2,1,0,0.00000,200.00000,0.00000,30,0,,10,0,0,0.00000,,0,0,0,0
2022-11-21,30802.36332,164.92332,30637.44000,1230.00000,111,1,1,0,17.00000,200.00000,0.00000,30,10,,10,0,0,1000.00000,,17,3,120,360
2022-11-22,30808.15512,170.71512,30637.44000,1030.00000,112,1,0,0,14.00000,0.00000,0.00000,30,0,,10,0,0,1000.00000,,14,3,120,360
2022-11-23,30808.15512,170.71512,30637.44000,1030.00000,112,0,0,0,14.00000,0.00000,0.00000,30,0,,10,0,0,1000.00000,,14,3,120,360
2022-11-24,30834.71737,197.27737,30637.44000,530.00000,113,2,0,0,6.00000,0.00000,0.00000,30,0,,10,0,0,500.00000,,6,1,30,120
2022-11-25,30834.71737,197.27737,30637.44000,30.00000,113,0,0,0,0.00000,0.00000,0.00000,30,0,,10,0,0,0.00000,,0,0,0,0
2022-11-26,30834.71737,197.27737,30637.44000,30.00000,113,0,0,0,0.00000,0.00000,0.00000,30,0,,10,0,0,0.00000,,0,0,0,0
2022-11-27,30818.27325,180.83325,30637.44000,430.00000,112,1,2,0,0.00000,400.00000,0.00000,30,0,,10,0,0,0.00000,,0,0,0,0
2022-11-28,30797.44521,263.68521,30533.76000,630.00000,109,1,3,0,0.00000,600.00000,0.00000,30,0,,10,0,0,0.00000,,0,0,0,0
2022-11-29,30883.02549,349.26549,30533.76000,430.00000,109,2,2,0,0.00000,400.00000,0.00000,30,0,,10,0,0,0.00000,,0,0,0,0
2022-11-30,30761.15182,331.07182,30430.08000,1230.00000,107,0,1,0,13.00000,200.00000,0.00000,30,10,,10,0,0,1000.00000,,13,3,120,360
2022-12-01,30665.19813,338.79813,30326.40000,1030.00000,107,1,0,0,17.00000,0.00000,0.00000,30,0,,10,0,0,1000.00000,,17,3,120,360
2022-12-02,30688.78348,362.38348,30326.40000,1030.00000,108,1,0,0,16.00000,0.00000,0.00000,30,0,,10,0,0,1000.00000,,16,3,120,360
2022-12-03,31466.38348,362.38348,31104.00000,530.00000,108,1,0,0,5.00000,0.00000,0.00000,30,0,,10,0,0,500.00000,,5,1,30,120
2022-12-04,31550.25232,446.25232,31104.00000,30.00000,109,1,0,0,0.00000,0.00000,0.00000,30,0,,10,0,0,0.00000,,0,0,0,0
2022-12-05,31550.25232,446.25232,31104.00000,30.00000,109,0,0,0,0.00000,0.00000,0.00000,30,0,,10,0,0,0.00000,,0,0,0,0
2022-12-06,31307.36122,497.12122,30810.24000,230.00000,108,1,1,0,0.00000,200.00000,0.00000,30,0,,10,0,0,0.00000,,0,0,0,0
2022-12-07,31404.74110,508.10110,30896.64000,230.00000,109,2,1,0,0.00000,200.00000,0.00000,30,0,,10,0,0,0.00000,,0,0,0,0
2022-12-08,31318.02264,507.78264,30810.24000,230.00000,107,0,1,0,0.00000,200.00000,0.00000,30,0,,10,0,0,0.00000,,0,0,0,0
2022-12-09,31296.73004,486.49004,30810.24000,1230.00000,106,0,1,0,15.00000,200.00000,0.00000,30,10,,10,0,0,1000.00000,,15,3,120,360
2022-12-10,31306.85197,496.61197,30810.24000,1030.00000,108,2,0,0,14.00000,0.00000,0.00000,30,0,,10,0,0,1000.00000,,14,3,120,360
2022-12-11,30449.12920,502.88920,29946.24000,1030.00000,108,1,0,0,20.00000,0.00000,0.00000,30,0,,10,0,0,1000.00000,,20,3,120,360
2022-12-12,30503.69311,557.45311,29946.24000,530.00000,109,2,0,0,8.00000,0.00000,0.00000,30,0,,10,0,0,500.00000,,8,1,30,120
2022-12-13,30503.69311,557.45311,29946.24000,30.00000,109,0,0,0,0.00000,0.00000,0.00000,30,0,,10,0,0,0.00000,,0,0,0,0
2022-12-14,30504.95937,558.71937,29946.24000,30.00000,110,1,0,0,0.00000,0.00000,0.00000,30,0,,10,0,0,0.00000,,0,0,0,0
2022-12-15,31366.01628,555.77628,30810.24000,230.00000,111,2,1,0,0.00000,200.00000,0.00000,30,0,,10,0,0,0.00000,,0,0,0,0
2022-12-16,31195.19111,281.27111,30913.92000,830.00000,110,3,4,0,0.00000,800.00000,0.00000,30,0,,10,0,0,0.00000,,0,0,0,0
2022-12-17,31166.98872,253.06872,30913.92000,830.00000,106,0,4,0,0.00000,800.00000,0.00000,30,0,,10,0,0,0.00000,,0,0,0,0
2022-12-18,32030.98872,253.06872,31777.92000,1030.00000,107,1,0,0,13.00000,0.00000,0.00000,30,10,,10,0,0,1000.00000,,13,3,120,360
2022-12-19,32031.68768,253.76768,31777.92000,1030.00000,108,1,0,0,17.00000,0.00000,0.00000,30,0,,10,0,0,1000.00000,,17,3,120,360
2022-12-20,32073.86046,295.94046,31777.92000,1030.00000,112,4,0,0,16.00000,0.00000,0.00000,30,0,,10,0,0,1000.00000,,16,3,120,360
2022-12-21,32073.86046,295.94046,31777.92000,530.00000,112,0,0,0,8.00000,0.00000,0.00000,30,0,,10,0,0,500.00000,,8,1,30,120
2022-12-22,31676.42046,295.94046,31380.48000,30.00000,110,0,0,0,0.00000,0.00000,0.00000,30,0,,10,0,0,0.00000,,0,0,0,0
2022-12-23,31736.55533,356.07533,31380.48000,30.00000,113,3,0,0,0.00000,0.00000,0.00000,30,0,,10,0,0,0.00000,,0,0,0,0
2022-12-24,31683.91197,303.43197,31380.48000,630.00000,111,1,3,0,0.00000,600.00000,0.00000,30,0,,10,0,0,0.00000,,0,0,0,0
2022-12-25,31770.82029,286.66029,31484.16000,230.00000,111,1,1,0,0.00000,200.00000,0.00000,30,0,,10,0,0,0.00000,,0,0,0,0
2022-12-26,31751.66684,267.50684,31484.16000,1030.00000,106,0,5,0,0.00000,1000.00000,0.00000,30,0,,10,0,0,0.00000,,0,0,0,0
2022-12-27,31665.26622,181.10622,31484.16000,1630.00000,104,1,3,0,16.00000,600.00000,0.00000,30,10,,10,0,0,1000.00000,,16,3,120,360
2022-12-28,31665.26622,181.10622,31484.16000,1030.00000,104,0,0,0,15.00000,0.00000,0.00000,30,0,,10,0,0,1000.00000,,15,3,120,360
2022-12-29,31760.80904,190.24904,31570.56000,1030.00000,107,3,0,0,17.00000,0.00000,0.00000,30,0,,10,0,0,1000.00000,,17,3,120,360
2022-12-30,31765.98925,195.42925,31570.56000,530.00000,109,2,0,0,5.00000,0.00000,0.00000,30,0,,10,0,0,500.00000,,5,1,30,120
2022-12-31,31799.37895,228.81895,31570.56000,30.00000,112,3,0,0,0.00000,0.00000,0.00000,30,0,,10,0,0,0.00000,,0,0,0,0
