Date,Daily Emissions (Kg Methane),Daily Mitigable Emissions (Kg Methane),Daily Non-Mitigable Emissions (Kg Methane),Daily Cost ($),Active Leaks,New Leaks,Leaks Repaired,Leaks Naturally Repaired,Leaks Tagged,Daily Repair Cost ($),Daily Natural Repair Cost ($),stationary Deployment Cost ($),stationary Sites flagged for Follow-Up,stationary Leaks tagged for repair,stationary Sites Visited,stationary Travel Time (Minutes),stationary Survey Time (Minutes),OGI_FU Deployment Cost ($),OGI_FU Sites flagged for Follow-Up,OGI_FU Leaks tagged for repair,OGI_FU Sites Visited,OGI_FU Travel Time (Minutes),OGI_FU Survey Time (Minutes)
2022-01-01,9662.65157,6997.08867,2665.56289,6300.00000,3564,3584,0,13,0.00000,0.00000,2600.00000,6300,0,,100,0,0,0.00000,,0,0,0,0
2022-01-02,9672.22264,7004.90940,2667.31324,300.00000,3568,10,0,4,0.00000,0.00000,800.00000,300,0,,100,0,0,0.00000,,0,0,0,0
2022-01-03,9674.23368,7006.25009,2667.98359,300.00000,3571,10,0,6,0.00000,0.00000,1200.00000,300,0,,100,0,0,0.00000,,0,0,0,0
2022-01-04,9711.40074,7027.47777,2683.92297,300.00000,3581,15,0,4,0.00000,0.00000,800.00000,300,0,,100,0,0,0.00000,,0,0,0,0
2022-01-05,9706.07520,7023.67913,2682.39607,300.00000,3580,7,0,6,0.00000,0.00000,1200.00000,300,0,,100,0,0,0.00000,,0,0,0,0
2022-01-06,9694.71653,7013.84737,2680.86916,300.00000,3578,8,0,9,0.00000,0.00000,1800.00000,300,0,,100,0,0,0.00000,,0,0,0,0
2022-01-07,9674.90403,6997.53557,2677.36846,300.00000,3572,8,0,11,0.00000,0.00000,2200.00000,300,0,,100,0,0,0.00000,,0,0,0,0
2022-01-08,9690.69444,7018.31635,2672.37809,300.00000,3579,13,0,2,0.00000,0.00000,400.00000,300,0,,100,0,0,0.00000,,0,0,0,0
2022-01-09,9701.12207,7023.67913,2677.44294,300.00000,3583,13,0,6,0.00000,0.00000,1200.00000,300,0,,100,0,0,0.00000,,0,0,0,0
2022-01-10,9685.92753,7026.58397,2659.34355,1300.00000,3581,11,0,7,68.00000,0.00000,1400.00000,300,100,,100,0,0,1000.00000,,68,3,120,360
2022-01-11,9683.46958,7024.57293,2658.89666,1300.00000,3583,13,0,7,53.00000,0.00000,1400.00000,300,0,,100,0,0,1000.00000,,53,3,120,360
2022-01-12,9683.50683,7027.70122,2655.80561,1300.00000,3580,6,0,5,73.00000,0.00000,1000.00000,300,0,,100,0,0,1000.00000,,73,3,120,360
2022-01-13,9685.44339,7017.42255,2668.02083,1300.00000,3584,12,0,7,73.00000,0.00000,1400.00000,300,0,,100,0,0,1000.00000,,73,3,120,360
2022-01-14,9676.31921,7017.86945,2658.44976,1300.00000,3586,9,0,4,75.00000,0.00000,800.00000,300,0,,100,0,0,1000.00000,,75,3,120,360
2022-01-15,9702.46277,7026.36052,2676.10225,1300.00000,3593,10,0,2,77.00000,0.00000,400.00000,300,0,,100,0,0,1000.00000,,77,3,120,360
2022-01-16,9716.42834,7037.53298,2678.89536,1300.00000,3593,10,0,4,74.00000,0.00000,800.00000,300,0,,100,0,0,1000.00000,,74,3,120,360
2022-01-17,9735.60773,7046.24750,2689.36023,1300.00000,3596,9,0,6,53.00000,0.00000,1200.00000,300,0,,100,0,0,1000.00000,,53,3,120,360
2022-01-18,9740.33741,7044.23646,2696.10095,1300.00000,3594,8,0,7,65.00000,0.00000,1400.00000,300,0,,100,0,0,1000.00000,,65,3,120,360
2022-01-19,9746.03536,7053.39788,2692.63749,1300.00000,3596,11,0,6,69.00000,0.00000,1200.00000,300,24,,100,0,0,1000.00000,,69,3,120,360
2022-01-20,9773.07272,7072.83796,2700.23476,1300.00000,3600,7,0,2,71.00000,0.00000,400.00000,300,0,,100,0,0,1000.00000,,71,3,120,360
2022-01-21,9772.92375,7085.79801,2687.12574,1300.00000,3595,7,0,8,54.00000,0.00000,1600.00000,300,0,,100,0,0,1000.00000,,54,3,120,360
2022-01-22,9772.70030,7094.06563,2678.63467,1300.00000,3599,9,0,2,75.00000,0.00000,400.00000,300,0,,100,0,0,1000.00000,,75,3,120,360
2022-01-23,9792.32659,7112.16502,2680.16157,1300.00000,3601,9,0,5,76.00000,0.00000,1000.00000,300,0,,100,0,0,1000.00000,,76,3,120,360
2022-01-24,9807.96804,7119.98574,2687.98230,1300.00000,3605,11,0,5,76.00000,0.00000,1000.00000,300,0,,100,0,0,1000.00000,,76,3,120,360
2022-01-25,9580.90639,6882.45923,2698.44717,13500.00000,3542,10,61,10,78.00000,12200.00000,2000.00000,300,0,,100,0,0,1000.00000,,78,3,120,360
2022-01-26,9425.23678,6739.67518,2685.56160,10500.00000,3487,3,46,7,76.00000,9200.00000,1400.00000,300,0,,100,0,0,1000.00000,,76,3,120,360
2022-01-27,9219.88695,6544.15712,2675.72983,13300.00000,3431,14,60,6,55.00000,12000.00000,1200.00000,300,24,,100,0,0,1000.00000,,55,3,120,360
2022-01-28,8987.94667,6330.76312,2657.18355,14300.00000,3357,4,65,8,14.00000,13000.00000,1600.00000,300,0,,100,0,0,1000.00000,,14,3,120,360
2022-01-29,8732.13456,6102.62147,2629.51308,14700.00000,3284,6,67,7,10.00000,13400.00000,1400.00000,300,0,,100,0,0,1000.00000,,10,3,120,360
2022-01-30,8472.26312,5834.03552,2638.22760,15300.00000,3220,11,70,3,16.00000,14000.00000,600.00000,300,0,,100,0,0,1000.00000,,16,3,120,360
2022-01-31,8240.99319,5593.82761,2647.16557,14300.00000,3158,8,65,3,12.00000,13000.00000,600.00000,300,0,,100,0,0,1000.00000,,12,3,120,360
2022-02-01,8125.09753,5473.16504,2651.93249,10300.00000,3119,12,45,3,15.00000,9000.00000,600.00000,300,0,,100,0,0,1000.00000,,15,3,120,360
2022-02-02,7927.34497,5274.29524,2653.04974,12700.00000,3066,12,57,7,14.00000,11400.00000,1400.00000,300,0,,100,0,0,1000.00000,,14,3,120,360
2022-02-03,7707.95509,5065.81712,2642.13797,13500.00000,3006,12,61,9,13.00000,12200.00000,1800.00000,300,0,,100,0,0,1000.00000,,13,3,120,360
2022-02-04,7693.43089,5050.84603,2642.58486,1700.00000,3004,11,2,8,12.00000,400.00000,1600.00000,300,24,,100,0,0,1000.00000,,12,3,120,360
2022-02-05,7702.36886,5060.00744,2642.36141,1500.00000,3008,8,1,2,13.00000,200.00000,400.00000,300,0,,100,0,0,1000.00000,,13,3,120,360
2022-02-06,7734.69451,5070.73301,2663.96151,1700.00000,3016,15,2,3,9.00000,400.00000,600.00000,300,0,,100,0,0,1000.00000,,9,3,120,360
2022-02-07,7726.24068,5081.90547,2644.33522,2300.00000,3013,10,5,4,16.00000,1000.00000,800.00000,300,0,,100,0,0,1000.00000,,16,3,120,360
2022-02-08,7743.63248,5096.87656,2646.75592,1500.00000,3016,14,1,8,12.00000,200.00000,1600.00000,300,0,,100,0,0,1000.00000,,12,3,120,360
2022-02-09,7765.12085,5121.45598,2643.66487,1300.00000,3021,13,0,4,17.00000,0.00000,800.00000,300,0,,100,0,0,1000.00000,,17,3,120,360
2022-02-10,7792.67958,5152.96232,2639.71727,1500.00000,3027,11,1,2,19.00000,200.00000,400.00000,300,0,,100,0,0,1000.00000,,19,3,120,360
2022-02-11,7766.75947,5126.14841,2640.61106,1700.00000,3025,8,2,8,17.00000,400.00000,1600.00000,300,0,,100,0,0,1000.00000,,17,3,120,360
2022-02-12,7778.11814,5143.35400,2634.76414,1300.00000,3033,12,0,3,12.00000,0.00000,600.00000,300,24,,100,0,0,1000.00000,,12,3,120,360
2022-02-13,7758.67806,5149.83403,2608.84403,1300.00000,3037,9,0,1,12.00000,0.00000,200.00000,300,0,,100,0,0,1000.00000,,12,3,120,360
2022-02-14,7773.20226,5155.86716,2617.33510,1500.00000,3044,13,1,1,9.00000,200.00000,200.00000,300,0,,100,0,0,1000.00000,,9,3,120,360
2022-02-15,7768.50982,5158.99544,2609.51438,1300.00000,3045,8,0,5,16.00000,0.00000,1000.00000,300,0,,100,0,0,1000.00000,,16,3,120,360
2022-02-16,7761.99256,5150.95127,2611.04128,1500.00000,3043,8,1,8,15.00000,200.00000,1600.00000,300,0,,100,0,0,1000.00000,,15,3,120,360
2022-02-17,7746.83525,5126.14841,2620.68684,1900.00000,3038,12,3,9,16.00000,600.00000,1800.00000,300,0,,100,0,0,1000.00000,,16,3,120,360
2022-02-18,7753.79942,5133.52223,2620.27718,1900.00000,3039,9,3,4,19.00000,600.00000,800.00000,300,0,,100,0,0,1000.00000,,19,3,120,360
2022-02-19,7767.54154,5141.56641,2625.97514,1500.00000,3041,9,1,5,14.00000,200.00000,1000.00000,300,0,,100,0,0,1000.00000,,14,3,120,360
2022-02-20,7755.73598,5132.18154,2623.55444,1500.00000,3036,5,1,7,15.00000,200.00000,1400.00000,300,24,,100,0,0,1000.00000,,15,3,120,360
2022-02-21,7733.46554,5129.94705,2603.51849,1500.00000,3037,16,1,10,11.00000,200.00000,2000.00000,300,0,,100,0,0,1000.00000,,11,3,120,360
2022-02-22,7731.23105,5137.09742,2594.13363,1700.00000,3038,9,2,2,10.00000,400.00000,400.00000,300,0,,100,0,0,1000.00000,,10,3,120,360
2022-02-23,7707.58267,5115.19940,2592.38327,1900.00000,3031,8,3,9,16.00000,600.00000,1800.00000,300,0,,100,0,0,1000.00000,,16,3,120,360
2022-02-24,7711.82821,5120.33873,2591.48948,1700.00000,3030,10,2,6,12.00000,400.00000,1200.00000,300,0,,100,0,0,1000.00000,,12,3,120,360
2022-02-25,7712.94545,5129.72360,2583.22186,2100.00000,3028,10,4,5,14.00000,800.00000,1000.00000,300,0,,100,0,0,1000.00000,,14,3,120,360
2022-02-26,7737.74832,5154.52646,2583.22186,1700.00000,3032,10,2,3,15.00000,400.00000,600.00000,300,0,,100,0,0,1000.00000,,15,3,120,360
2022-02-27,7778.00642,5179.55277,2598.45364,1900.00000,3038,19,3,6,17.00000,600.00000,1200.00000,300,0,,100,0,0,1000.00000,,17,3,120,360
2022-02-28,7785.38024,5178.43553,2606.94471,1300.00000,3041,10,0,4,12.00000,0.00000,800.00000,300,24,,100,0,0,1000.00000,,12,3,120,360
2022-03-01,7771.04225,5152.73887,2618.30338,1300.00000,3040,10,0,11,12.00000,0.00000,2200.00000,300,0,,100,0,0,1000.00000,,12,3,120,360
2022-03-02,7762.58842,5145.58849,2616.99993,1500.00000,3039,7,1,6,9.00000,200.00000,1200.00000,300,0,,100,0,0,1000.00000,,9,3,120,360
2022-03-03,7779.53332,5152.29197,2627.24135,1900.00000,3047,18,3,5,18.00000,600.00000,1000.00000,300,0,,100,0,0,1000.00000,,18,3,120,360
2022-03-04,7772.82984,5146.25884,2626.57100,1300.00000,3043,4,0,5,10.00000,0.00000,1000.00000,300,0,,100,0,0,1000.00000,,10,3,120,360
2022-03-05,7748.73457,5132.62844,2616.10613,1900.00000,3038,9,3,9,14.00000,600.00000,1800.00000,300,0,,100,0,0,1000.00000,,14,3,120,360
2022-03-06,7751.86286,5136.87397,2614.98889,1900.00000,3044,15,3,3,15.00000,600.00000,600.00000,300,0,,100,0,0,1000.00000,,15,3,120,360
2022-03-07,7758.78978,5144.02435,2614.76544,2100.00000,3044,12,4,5,18.00000,800.00000,1000.00000,300,0,,100,0,0,1000.00000,,18,3,120,360
2022-03-08,7765.04636,5150.50437,2614.54199,1300.00000,3047,7,0,3,11.00000,0.00000,600.00000,300,24,,100,0,0,1000.00000,,11,3,120,360
2022-03-09,7755.88494,5158.54855,2597.33640,1700.00000,3045,8,2,4,13.00000,400.00000,800.00000,300,0,,100,0,0,1000.00000,,13,3,120,360
2022-03-10,7759.64634,5152.73887,2606.90747,1700.00000,3044,7,2,4,8.00000,400.00000,800.00000,300,0,,100,0,0,1000.00000,,8,3,120,360
2022-03-11,7781.73057,5172.40240,2609.32817,1300.00000,3049,10,0,5,16.00000,0.00000,1000.00000,300,0,,100,0,0,1000.00000,,16,3,120,360
2022-03-12,7774.31950,5171.95550,2602.36400,1300.00000,3050,12,0,7,10.00000,0.00000,1400.00000,300,0,,100,0,0,1000.00000,,10,3,120,360
2022-03-13,7795.91959,5190.27833,2605.64126,1300.00000,3056,13,0,4,15.00000,0.00000,800.00000,300,0,,100,0,0,1000.00000,,15,3,120,360
2022-03-14,7813.16243,5200.55700,2612.60543,1700.00000,3061,13,2,4,18.00000,400.00000,800.00000,300,0,,100,0,0,1000.00000,,18,3,120,360
2022-03-15,7809.36379,5205.69633,2603.66746,1900.00000,3060,13,3,6,19.00000,600.00000,1200.00000,300,0,,100,0,0,1000.00000,,19,3,120,360
2022-03-16,7805.67688,5199.43975,2606.23712,1700.00000,3051,2,2,5,9.00000,400.00000,1000.00000,300,24,,100,0,0,1000.00000,,9,3,120,360
2022-03-17,7804.07549,5196.31146,2607.76403,1300.00000,3048,7,0,7,12.00000,0.00000,1400.00000,300,0,,100,0,0,1000.00000,,12,3,120,360
2022-03-18,7757.74702,5146.25884,2611.48818,1900.00000,3041,7,3,9,10.00000,600.00000,1800.00000,300,0,,100,0,0,1000.00000,,10,3,120,360
2022-03-19,7762.17876,5165.25202,2596.92674,1500.00000,3053,17,1,1,14.00000,200.00000,200.00000,300,0,,100,0,0,1000.00000,,14,3,120,360
2022-03-20,7769.06845,5179.77622,2589.29223,1300.00000,3051,12,0,10,9.00000,0.00000,2000.00000,300,0,,100,0,0,1000.00000,,9,3,120,360
2022-03-21,7767.54154,5180.44657,2587.09498,1700.00000,3051,9,2,4,15.00000,400.00000,800.00000,300,0,,100,0,0,1000.00000,,15,3,120,360
2022-03-22,7760.80083,5178.88242,2581.91840,2500.00000,3051,14,6,7,18.00000,1200.00000,1400.00000,300,0,,100,0,0,1000.00000,,18,3,120,360
2022-03-23,7781.58160,5191.84248,2589.73912,1500.00000,3058,14,1,2,16.00000,200.00000,400.00000,300,0,,100,0,0,1000.00000,,16,3,120,360
2022-03-24,7822.17488,5219.10328,2603.07159,1500.00000,3071,20,1,4,13.00000,200.00000,800.00000,300,24,,100,0,0,1000.00000,,13,3,120,360
2022-03-25,7791.63682,5210.38876,2581.24805,1500.00000,3059,5,1,11,11.00000,200.00000,2200.00000,300,0,,100,0,0,1000.00000,,11,3,120,360
2022-03-26,7811.30035,5229.60540,2581.69495,1300.00000,3067,16,0,7,10.00000,0.00000,1400.00000,300,0,,100,0,0,1000.00000,,10,3,120,360
2022-03-27,7831.18733,5251.50342,2579.68391,1300.00000,3070,10,0,3,17.00000,0.00000,600.00000,300,0,,100,0,0,1000.00000,,17,3,120,360
2022-03-28,7816.92382,5247.70478,2569.21904,1500.00000,3066,10,1,9,11.00000,200.00000,1800.00000,300,0,,100,0,0,1000.00000,,11,3,120,360
2022-03-29,7806.19826,5236.53232,2569.66594,1900.00000,3060,10,3,10,13.00000,600.00000,2000.00000,300,0,,100,0,0,1000.00000,,13,3,120,360
2022-03-30,7791.97199,5224.91296,2567.05903,2100.00000,3056,9,4,5,18.00000,800.00000,1000.00000,300,0,,100,0,0,1000.00000,,18,3,120,360
2022-03-31,7780.79953,5205.47288,2575.32665,1700.00000,3052,11,2,12,20.00000,400.00000,2400.00000,300,0,,100,0,0,1000.00000,,20,3,120,360
2022-04-01,7788.80646,5219.10328,2569.70318,1500.00000,3053,8,1,5,8.00000,200.00000,1000.00000,300,24,,100,0,0,1000.00000,,8,3,120,360
2022-04-02,7776.70296,5196.08801,2580.61495,1700.00000,3046,8,2,12,12.00000,400.00000,2400.00000,300,0,,100,0,0,1000.00000,,12,3,120,360
2022-04-03,7761.95531,5181.11692,2580.83840,1500.00000,3042,3,1,5,12.00000,200.00000,1000.00000,300,0,,100,0,0,1000.00000,,12,3,120,360
2022-04-04,7774.02157,5193.18317,2580.83840,1300.00000,3045,7,0,3,16.00000,0.00000,600.00000,300,0,,100,0,0,1000.00000,,16,3,120,360
2022-04-05,7788.13611,5209.27152,2578.86460,1300.00000,3046,6,0,4,12.00000,0.00000,800.00000,300,0,,100,0,0,1000.00000,,12,3,120,360
2022-04-06,7800.23961,5222.90192,2577.33769,1700.00000,3048,15,2,9,14.00000,400.00000,1800.00000,300,0,,100,0,0,1000.00000,,14,3,120,360
2022-04-07,7804.93205,5226.92401,2578.00804,2300.00000,3051,14,5,5,20.00000,1000.00000,1000.00000,300,0,,100,0,0,1000.00000,,20,3,120,360
2022-04-08,7812.11966,5236.30887,2575.81079,1900.00000,3054,14,3,4,16.00000,600.00000,800.00000,300,0,,100,0,0,1000.00000,,16,3,120,360
2022-04-09,7849.65913,5265.58072,2584.07841,1300.00000,3065,17,0,5,13.00000,0.00000,1000.00000,300,24,,100,0,0,1000.00000,,13,3,120,360
2022-04-10,7861.76263,5278.54077,2583.22186,1500.00000,3067,10,1,4,14.00000,200.00000,800.00000,300,0,,100,0,0,1000.00000,,14,3,120,360
2022-04-11,7860.16124,5265.58072,2594.58052,1900.00000,3067,10,3,7,17.00000,600.00000,1400.00000,300,0,,100,0,0,1000.00000,,17,3,120,360
2022-04-12,7848.02050,5259.54759,2588.47291,1700.00000,3064,7,2,3,14.00000,400.00000,600.00000,300,0,,100,0,0,1000.00000,,14,3,120,360
2022-04-13,7845.74877,5280.55182,2565.19695,1300.00000,3063,11,0,8,14.00000,0.00000,1600.00000,300,0,,100,0,0,1000.00000,,14,3,120,360
2022-04-14,7859.75159,5283.23321,2576.51838,1900.00000,3064,13,3,6,15.00000,600.00000,1200.00000,300,0,,100,0,0,1000.00000,,15,3,120,360
2022-04-15,7882.76686,5296.41671,2586.35014,2300.00000,3071,14,5,2,17.00000,1000.00000,400.00000,300,0,,100,0,0,1000.00000,,17,3,120,360
2022-04-16,7877.77649,5291.50083,2586.27566,1700.00000,3070,10,2,3,19.00000,400.00000,600.00000,300,0,,100,0,0,1000.00000,,19,3,120,360
2022-04-17,7851.89362,5276.52973,2575.36389,1700.00000,3058,5,2,10,6.00000,400.00000,2000.00000,300,24,,100,0,0,1000.00000,,6,3,120,360
2022-04-18,7835.13493,5259.77104,2575.36389,2100.00000,3054,11,4,8,14.00000,800.00000,1600.00000,300,0,,100,0,0,1000.00000,,14,3,120,360
2022-04-19,7860.83159,5285.24425,2575.58734,1300.00000,3060,11,0,3,15.00000,0.00000,600.00000,300,0,,100,0,0,1000.00000,,15,3,120,360
2022-04-20,7846.30739,5270.49660,2575.81079,1700.00000,3060,15,2,12,17.00000,400.00000,2400.00000,300,0,,100,0,0,1000.00000,,17,3,120,360
2022-04-21,7875.80269,5299.99190,2575.81079,1500.00000,3067,14,1,3,14.00000,200.00000,600.00000,300,0,,100,0,0,1000.00000,,14,3,120,360
2022-04-22,7870.36542,5281.22216,2589.14326,2100.00000,3068,12,4,7,16.00000,800.00000,1400.00000,300,0,,100,0,0,1000.00000,,16,3,120,360
2022-04-23,7842.80669,5253.29101,2589.51568,2500.00000,3061,13,6,9,15.00000,1200.00000,1800.00000,300,0,,100,0,0,1000.00000,,15,3,120,360
2022-04-24,7837.63011,5255.30206,2582.32806,1900.00000,3063,12,3,4,15.00000,600.00000,800.00000,300,0,,100,0,0,1000.00000,,15,3,120,360
2022-04-25,7845.56256,5249.26893,2596.29363,1700.00000,3065,12,2,7,12.00000,400.00000,1400.00000,300,24,,100,0,0,1000.00000,,12,3,120,360
2022-04-26,7808.99137,5215.97499,2593.01638,2500.00000,3061,10,6,5,14.00000,1200.00000,1000.00000,300,0,,100,0,0,1000.00000,,14,3,120,360
2022-04-27,7815.65761,5220.44398,2595.21363,1500.00000,3070,16,1,5,9.00000,200.00000,1000.00000,300,0,,100,0,0,1000.00000,,9,3,120,360
2022-04-28,7791.48785,5203.90874,2587.57912,2100.00000,3062,4,4,6,18.00000,800.00000,1200.00000,300,0,,100,0,0,1000.00000,,18,3,120,360
2022-04-29,7780.31539,5192.28938,2588.02601,1500.00000,3061,9,1,7,10.00000,200.00000,1400.00000,300,0,,100,0,0,1000.00000,,10,3,120,360
2022-04-30,7810.89069,5219.77363,2591.11706,1300.00000,3069,14,0,6,16.00000,0.00000,1200.00000,300,0,,100,0,0,1000.00000,,16,3,120,360
2022-05-01,7792.30716,5214.41085,2577.89632,2100.00000,3066,9,4,6,16.00000,800.00000,1200.00000,300,0,,100,0,0,1000.00000,,16,3,120,360
2022-05-02,7805.71412,5236.97922,2568.73490,1300.00000,3069,11,0,5,20.00000,0.00000,1000.00000,300,0,,100,0,0,1000.00000,,20,3,120,360
2022-05-03,7822.91971,5244.57649,2578.34321,1700.00000,3070,11,2,5,6.00000,400.00000,1000.00000,300,24,,100,0,0,1000.00000,,6,3,120,360
2022-05-04,7824.03695,5237.87302,2586.16394,1700.00000,3069,12,2,9,16.00000,400.00000,1800.00000,300,0,,100,0,0,1000.00000,,16,3,120,360
2022-05-05,7827.35145,5230.05229,2597.29916,1900.00000,3071,12,3,6,9.00000,600.00000,1200.00000,300,0,,100,0,0,1000.00000,,9,3,120,360
2022-05-06,7824.59558,5232.51024,2592.08534,1700.00000,3076,13,2,2,16.00000,400.00000,400.00000,300,0,,100,0,0,1000.00000,,16,3,120,360
2022-05-07,7819.67969,5218.43293,2601.24676,1700.00000,3077,12,2,7,8.00000,400.00000,1400.00000,300,0,,100,0,0,1000.00000,,8,3,120,360
2022-05-08,7781.99126,5185.58590,2596.40536,1700.00000,3068,8,2,9,16.00000,400.00000,1800.00000,300,0,,100,0,0,1000.00000,,16,3,120,360
2022-05-09,7806.53343,5208.37772,2598.15571,2100.00000,3070,13,4,4,13.00000,800.00000,800.00000,300,0,,100,0,0,1000.00000,,13,3,120,360
2022-05-10,7816.14175,5218.20949,2597.93226,1700.00000,3067,13,2,11,16.00000,400.00000,2200.00000,300,0,,100,0,0,1000.00000,,16,3,120,360
2022-05-11,7831.96940,5232.06334,2599.90606,1700.00000,3071,13,2,6,12.00000,400.00000,1200.00000,300,24,,100,0,0,1000.00000,,12,3,120,360
2022-05-12,7825.86179,5238.31991,2587.54187,1300.00000,3073,12,0,7,15.00000,0.00000,1400.00000,300,0,,100,0,0,1000.00000,,15,3,120,360
2022-05-13,7819.19555,5232.95713,2586.23842,1700.00000,3072,6,2,4,11.00000,400.00000,800.00000,300,0,,100,0,0,1000.00000,,11,3,120,360
2022-05-14,7813.57208,5233.18058,2580.39150,1300.00000,3072,6,0,5,16.00000,0.00000,1000.00000,300,0,,100,0,0,1000.00000,,16,3,120,360
2022-05-15,7832.08112,5242.11855,2589.96257,1500.00000,3078,15,1,4,9.00000,200.00000,800.00000,300,0,,100,0,0,1000.00000,,9,3,120,360
2022-05-16,7847.35015,5270.27315,2577.07700,1300.00000,3082,11,0,4,16.00000,0.00000,800.00000,300,0,,100,0,0,1000.00000,,16,3,120,360
2022-05-17,7848.54188,5276.08283,2572.45905,2300.00000,3080,12,5,6,13.00000,1000.00000,1200.00000,300,0,,100,0,0,1000.00000,,13,3,120,360
2022-05-18,7847.98326,5281.66906,2566.31420,1300.00000,3084,12,0,4,17.00000,0.00000,800.00000,300,0,,100,0,0,1000.00000,,17,3,120,360
2022-05-19,7830.74043,5270.49660,2560.24383,1900.00000,3082,11,3,8,14.00000,600.00000,1600.00000,300,24,,100,0,0,1000.00000,,14,3,120,360
2022-05-20,7843.70048,5275.85938,2567.84110,1700.00000,3086,12,2,4,13.00000,400.00000,800.00000,300,0,,100,0,0,1000.00000,,13,3,120,360
2022-05-21,7841.95013,5275.18903,2566.76110,1500.00000,3089,10,1,4,11.00000,200.00000,800.00000,300,0,,100,0,0,1000.00000,,11,3,120,360
2022-05-22,7878.33511,5283.90355,2594.43156,1300.00000,3096,13,0,4,18.00000,0.00000,800.00000,300,0,,100,0,0,1000.00000,,18,3,120,360
2022-05-23,7912.63457,5303.56708,2609.06748,1700.00000,3103,15,2,4,10.00000,400.00000,800.00000,300,0,,100,0,0,1000.00000,,10,3,120,360
2022-05-24,7919.33804,5310.04711,2609.29093,1300.00000,3109,14,0,4,15.00000,0.00000,800.00000,300,0,,100,0,0,1000.00000,,15,3,120,360
2022-05-25,7921.79598,5303.56708,2618.22890,2300.00000,3112,16,5,7,15.00000,1000.00000,1400.00000,300,0,,100,0,0,1000.00000,,15,3,120,360
2022-05-26,7939.18778,5319.43198,2619.75580,1700.00000,3116,10,2,3,13.00000,400.00000,600.00000,300,0,,100,0,0,1000.00000,,13,3,120,360
2022-05-27,7995.31077,5376.63498,2618.67580,1500.00000,3123,15,1,4,13.00000,200.00000,800.00000,300,24,,100,0,0,1000.00000,,13,3,120,360
2022-05-28,7987.45281,5383.56190,2603.89091,1700.00000,3123,10,2,6,16.00000,400.00000,1200.00000,300,0,,100,0,0,1000.00000,,16,3,120,360
2022-05-29,7985.70246,5384.00880,2601.69366,1700.00000,3119,8,2,6,10.00000,400.00000,1200.00000,300,0,,100,0,0,1000.00000,,10,3,120,360
2022-05-30,8003.54115,5391.38263,2612.15853,1500.00000,3119,9,1,7,20.00000,200.00000,1400.00000,300,0,,100,0,0,1000.00000,,20,3,120,360
2022-05-31,8026.10952,5414.39789,2611.71163,1500.00000,3118,10,1,8,13.00000,200.00000,1600.00000,300,0,,100,0,0,1000.00000,,13,3,120,360
2022-06-01,8014.30396,5395.40471,2618.89925,1300.00000,3116,9,0,8,19.00000,0.00000,1600.00000,300,0,,100,0,0,1000.00000,,19,3,120,360
2022-06-02,8018.43777,5393.61712,2624.82065,1700.00000,3119,13,2,5,17.00000,400.00000,1000.00000,300,0,,100,0,0,1000.00000,,17,3,120,360
2022-06-03,8019.70398,5383.56190,2636.14208,2700.00000,3119,15,7,3,17.00000,1400.00000,600.00000,300,0,,100,0,0,1000.00000,,17,3,120,360
2022-06-04,8015.42120,5394.28747,2621.13374,1500.00000,3122,12,1,5,9.00000,200.00000,1000.00000,300,24,,100,0,0,1000.00000,,9,3,120,360
2022-06-05,7997.76872,5384.90260,2612.86612,1700.00000,3116,2,2,5,15.00000,400.00000,1000.00000,300,0,,100,0,0,1000.00000,,15,3,120,360
2022-06-06,8015.71914,5388.92468,2626.79445,1700.00000,3115,13,2,9,7.00000,400.00000,1800.00000,300,0,,100,0,0,1000.00000,,7,3,120,360
2022-06-07,8023.94951,5395.85161,2628.09791,1500.00000,3119,15,1,7,20.00000,200.00000,1400.00000,300,0,,100,0,0,1000.00000,,20,3,120,360
2022-06-08,8049.19928,5414.17445,2635.02483,1500.00000,3125,12,1,3,13.00000,200.00000,600.00000,300,0,,100,0,0,1000.00000,,13,3,120,360
2022-06-09,8059.96208,5435.40212,2624.55996,1700.00000,3127,11,2,4,18.00000,400.00000,800.00000,300,0,,100,0,0,1000.00000,,18,3,120,360
2022-06-10,8066.03245,5435.84902,2630.18343,1700.00000,3123,9,2,7,15.00000,400.00000,1400.00000,300,0,,100,0,0,1000.00000,,15,3,120,360
2022-06-11,8041.00614,5419.31378,2621.69236,1900.00000,3117,9,3,6,16.00000,600.00000,1200.00000,300,0,,100,0,0,1000.00000,,16,3,120,360
2022-06-12,8020.37433,5393.84057,2626.53376,2300.00000,3118,11,5,5,14.00000,1000.00000,1000.00000,300,24,,100,0,0,1000.00000,,14,3,120,360
2022-06-13,7997.39630,5366.80321,2630.59309,1500.00000,3109,5,1,7,14.00000,200.00000,1400.00000,300,0,,100,0,0,1000.00000,,14,3,120,360
2022-06-14,8004.09978,5381.55086,2622.54892,1900.00000,3109,14,3,8,8.00000,600.00000,1600.00000,300,0,,100,0,0,1000.00000,,8,3,120,360
2022-06-15,7969.87481,5352.72591,2617.14889,2100.00000,3102,10,4,8,17.00000,800.00000,1600.00000,300,0,,100,0,0,1000.00000,,17,3,120,360
2022-06-16,7932.33534,5332.39203,2599.94330,2300.00000,3087,9,5,14,8.00000,1000.00000,2800.00000,300,0,,100,0,0,1000.00000,,8,3,120,360
2022-06-17,7952.37128,5329.93409,2622.43719,1700.00000,3095,17,2,7,13.00000,400.00000,1400.00000,300,0,,100,0,0,1000.00000,,13,3,120,360
2022-06-18,7932.74499,5320.54922,2612.19577,1900.00000,3097,12,3,5,14.00000,600.00000,1000.00000,300,0,,100,0,0,1000.00000,,14,3,120,360
2022-06-19,7946.30091,5342.00035,2604.30056,1500.00000,3099,13,1,5,16.00000,200.00000,1000.00000,300,0,,100,0,0,1000.00000,,16,3,120,360
2022-06-20,7953.00439,5339.76586,2613.23853,1300.00000,3097,3,0,4,13.00000,0.00000,800.00000,300,24,,100,0,0,1000.00000,,13,3,120,360
2022-06-21,7978.17967,5360.54663,2617.63303,1300.00000,3101,8,0,4,16.00000,0.00000,800.00000,300,0,,100,0,0,1000.00000,,16,3,120,360
2022-06-22,7985.29280,5365.46252,2619.83028,1700.00000,3105,11,2,5,8.00000,400.00000,1000.00000,300,0,,100,0,0,1000.00000,,8,3,120,360
2022-06-23,7975.31207,5367.92046,2607.39161,1500.00000,3104,8,1,3,17.00000,200.00000,600.00000,300,0,,100,0,0,1000.00000,,17,3,120,360
2022-06-24,7959.67062,5368.59081,2591.07982,1500.00000,3098,10,1,10,9.00000,200.00000,2000.00000,300,0,,100,0,0,1000.00000,,9,3,120,360
2022-06-25,7976.46656,5377.30532,2599.16123,1300.00000,3103,12,0,5,13.00000,0.00000,1000.00000,300,0,,100,0,0,1000.00000,,13,3,120,360
2022-06-26,7961.04856,5352.94936,2608.09920,2700.00000,3102,14,7,3,15.00000,1400.00000,600.00000,300,0,,100,0,0,1000.00000,,15,3,120,360
2022-06-27,7932.40982,5331.49824,2600.91158,2300.00000,3099,6,5,2,12.00000,1000.00000,400.00000,300,0,,100,0,0,1000.00000,,12,3,120,360
2022-06-28,7922.61530,5323.67751,2598.93778,1900.00000,3099,9,3,4,13.00000,600.00000,800.00000,300,24,,100,0,0,1000.00000,,13,3,120,360
2022-06-29,7918.81666,5311.16436,2607.65230,1700.00000,3093,8,2,10,14.00000,400.00000,2000.00000,300,0,,100,0,0,1000.00000,,14,3,120,360
2022-06-30,7926.86083,5318.53818,2608.32265,1300.00000,3093,7,0,4,7.00000,0.00000,800.00000,300,0,,100,0,0,1000.00000,,7,3,120,360
2022-07-01,7921.38633,5307.58917,2613.79716,1300.00000,3095,14,0,10,17.00000,0.00000,2000.00000,300,0,,100,0,0,1000.00000,,17,3,120,360
2022-07-02,7952.78094,5342.00035,2610.78059,1300.00000,3106,16,0,3,11.00000,0.00000,600.00000,300,0,,100,0,0,1000.00000,,11,3,120,360
2022-07-03,7978.29139,5360.99353,2617.29786,1500.00000,3108,10,1,4,18.00000,200.00000,800.00000,300,0,,100,0,0,1000.00000,,18,3,120,360
2022-07-04,7983.17003,5380.65706,2602.51297,1700.00000,3114,15,2,4,15.00000,400.00000,800.00000,300,0,,100,0,0,1000.00000,,15,3,120,360
2022-07-05,7994.34249,5392.27642,2602.06607,2100.00000,3111,7,4,4,18.00000,800.00000,800.00000,300,0,,100,0,0,1000.00000,,18,3,120,360
2022-07-06,8007.74945,5396.29851,2611.45094,1500.00000,3116,10,1,4,11.00000,200.00000,800.00000,300,24,,100,0,0,1000.00000,,11,3,120,360
2022-07-07,8055.12068,5425.79380,2629.32688,1300.00000,3128,17,0,4,14.00000,0.00000,800.00000,300,0,,100,0,0,1000.00000,,14,3,120,360
2022-07-08,8047.82134,5423.55931,2624.26203,1700.00000,3122,7,2,6,8.00000,400.00000,1200.00000,300,0,,100,0,0,1000.00000,,8,3,120,360
2022-07-09,8030.46678,5410.37581,2620.09098,1700.00000,3114,5,2,5,16.00000,400.00000,1000.00000,300,0,,100,0,0,1000.00000,,16,3,120,360
2022-07-10,8037.13302,5415.29169,2621.84133,1700.00000,3115,10,2,6,10.00000,400.00000,1200.00000,300,0,,100,0,0,1000.00000,,10,3,120,360
2022-07-11,8037.80337,5433.83798,2603.96539,1500.00000,3116,11,1,6,19.00000,200.00000,1200.00000,300,0,,100,0,0,1000.00000,,19,3,120,360
2022-07-12,8026.40746,5440.31800,2586.08945,1500.00000,3116,10,1,3,14.00000,200.00000,600.00000,300,0,,100,0,0,1000.00000,,14,3,120,360
2022-07-13,8039.92613,5438.75386,2601.17228,1700.00000,3125,17,2,5,17.00000,400.00000,1000.00000,300,0,,100,0,0,1000.00000,,17,3,120,360
2022-07-14,8018.02811,5416.18549,2601.84262,1500.00000,3118,7,1,11,12.00000,200.00000,2200.00000,300,24,,100,0,0,1000.00000,,12,3,120,360
2022-07-15,8028.49298,5425.12346,2603.36953,1500.00000,3122,9,1,3,14.00000,200.00000,600.00000,300,0,,100,0,0,1000.00000,,14,3,120,360
2022-07-16,8021.41709,5429.81589,2591.60120,1300.00000,3123,8,0,1,8.00000,0.00000,200.00000,300,0,,100,0,0,1000.00000,,8,3,120,360
2022-07-17,8019.59226,5426.24070,2593.35155,1700.00000,3122,10,2,8,19.00000,400.00000,1600.00000,300,0,,100,0,0,1000.00000,,19,3,120,360
2022-07-18,7998.32734,5403.00198,2595.32535,2100.00000,3118,7,4,7,10.00000,800.00000,1400.00000,300,0,,100,0,0,1000.00000,,10,3,120,360
2022-07-19,8002.34942,5424.90001,2577.44942,1500.00000,3116,10,1,7,17.00000,200.00000,1400.00000,300,0,,100,0,0,1000.00000,,17,3,120,360
2022-07-20,7983.87762,5428.69864,2555.17898,2300.00000,3113,10,5,3,15.00000,1000.00000,600.00000,300,0,,100,0,0,1000.00000,,15,3,120,360
2022-07-21,8006.25979,5451.93736,2554.32242,1500.00000,3120,12,1,3,13.00000,200.00000,600.00000,300,0,,100,0,0,1000.00000,,13,3,120,360
2022-07-22,8011.21291,5468.24915,2542.96376,1500.00000,3120,10,1,5,12.00000,200.00000,1000.00000,300,24,,100,0,0,1000.00000,,12,3,120,360
2022-07-23,7987.71350,5442.32905,2545.38446,1500.00000,3118,7,1,7,17.00000,200.00000,1400.00000,300,0,,100,0,0,1000.00000,,17,3,120,360
2022-07-24,7996.65147,5450.59667,2546.05480,1500.00000,3123,7,1,0,9.00000,200.00000,0.00000,300,0,,100,0,0,1000.00000,,9,3,120,360
2022-07-25,8020.97019,5465.12087,2555.84933,1500.00000,3133,17,1,2,19.00000,200.00000,400.00000,300,0,,100,0,0,1000.00000,,19,3,120,360
2022-07-26,8023.57710,5447.24493,2576.33217,1700.00000,3129,10,2,9,11.00000,400.00000,1800.00000,300,0,,100,0,0,1000.00000,,11,3,120,360
2022-07-27,8021.30537,5449.92632,2571.37905,1300.00000,3134,13,0,6,19.00000,0.00000,1200.00000,300,0,,100,0,0,1000.00000,,19,3,120,360
2022-07-28,8020.33709,5426.68760,2593.64949,2500.00000,3135,13,6,6,17.00000,1200.00000,1200.00000,300,0,,100,0,0,1000.00000,,17,3,120,360
2022-07-29,8028.75367,5440.31800,2588.43567,1300.00000,3140,11,0,4,12.00000,0.00000,800.00000,300,0,,100,0,0,1000.00000,,12,3,120,360
2022-07-30,8020.03915,5439.42421,2580.61495,1500.00000,3138,8,1,7,14.00000,200.00000,1400.00000,300,24,,100,0,0,1000.00000,,14,3,120,360
2022-07-31,8045.62409,5442.99939,2602.62470,1900.00000,3143,17,3,7,16.00000,600.00000,1400.00000,300,0,,100,0,0,1000.00000,,16,3,120,360
2022-08-01,8046.25719,5441.43525,2604.82195,2100.00000,3142,10,4,4,7.00000,800.00000,800.00000,300,0,,100,0,0,1000.00000,,7,3,120,360
2022-08-02,8038.47371,5428.69864,2609.77507,1700.00000,3138,5,2,4,17.00000,400.00000,800.00000,300,0,,100,0,0,1000.00000,,17,3,120,360
2022-08-03,8029.34954,5413.05720,2616.29234,1700.00000,3132,5,2,7,12.00000,400.00000,1400.00000,300,0,,100,0,0,1000.00000,,12,3,120,360
2022-08-04,8034.71232,5411.26961,2623.44271,1900.00000,3133,11,3,3,17.00000,600.00000,600.00000,300,0,,100,0,0,1000.00000,,17,3,120,360
2022-08-05,8058.17449,5416.63239,2641.54210,1500.00000,3137,9,1,3,14.00000,200.00000,600.00000,300,0,,100,0,0,1000.00000,,14,3,120,360
2022-08-06,8026.22125,5410.59926,2615.62199,1900.00000,3138,9,3,1,17.00000,600.00000,200.00000,300,0,,100,0,0,1000.00000,,17,3,120,360
2022-08-07,7999.85424,5400.09714,2599.75710,2100.00000,3140,16,4,7,10.00000,800.00000,1400.00000,300,24,,100,0,0,1000.00000,,10,3,120,360
2022-08-08,7995.75767,5393.17022,2602.58745,1500.00000,3135,7,1,7,12.00000,200.00000,1400.00000,300,0,,100,0,0,1000.00000,,12,3,120,360
2022-08-09,7981.41968,5386.01984,2595.39984,1500.00000,3134,10,1,7,6.00000,200.00000,1400.00000,300,0,,100,0,0,1000.00000,,6,3,120,360
2022-08-10,7992.07076,5392.05297,2600.01779,1700.00000,3140,16,2,6,18.00000,400.00000,1200.00000,300,0,,100,0,0,1000.00000,,18,3,120,360
2022-08-11,7986.67074,5377.08188,2609.58886,1900.00000,3135,11,3,9,11.00000,600.00000,1800.00000,300,0,,100,0,0,1000.00000,,11,3,120,360
2022-08-12,8011.73429,5385.79640,2625.93790,1700.00000,3139,15,2,8,15.00000,400.00000,1600.00000,300,0,,100,0,0,1000.00000,,15,3,120,360
2022-08-13,7984.43625,5373.95359,2610.48266,1500.00000,3138,10,1,5,15.00000,200.00000,1000.00000,300,0,,100,0,0,1000.00000,,15,3,120,360
2022-08-14,7977.09966,5369.93150,2607.16816,1500.00000,3130,6,1,6,12.00000,200.00000,1200.00000,300,0,,100,0,0,1000.00000,,12,3,120,360
2022-08-15,7969.05549,5371.27220,2597.78330,1300.00000,3128,8,0,7,14.00000,0.00000,1400.00000,300,24,,100,0,0,1000.00000,,14,3,120,360
2022-08-16,7969.42791,5368.14391,2601.28400,1300.00000,3132,13,0,5,13.00000,0.00000,1000.00000,300,0,,100,0,0,1000.00000,,13,3,120,360
2022-08-17,7961.83063,5359.65284,2602.17780,1500.00000,3129,7,1,7,6.00000,200.00000,1400.00000,300,0,,100,0,0,1000.00000,,6,3,120,360
2022-08-18,7938.81536,5327.92305,2610.89232,2100.00000,3121,10,4,14,17.00000,800.00000,2800.00000,300,0,,100,0,0,1000.00000,,17,3,120,360
2022-08-19,7936.65536,5339.31896,2597.33640,1300.00000,3117,6,0,6,9.00000,0.00000,1200.00000,300,0,,100,0,0,1000.00000,,9,3,120,360
2022-08-20,7968.79480,5361.66388,2607.13092,1500.00000,3124,13,1,2,17.00000,200.00000,400.00000,300,0,,100,0,0,1000.00000,,17,3,120,360
2022-08-21,7942.42779,5334.40308,2608.02472,2500.00000,3117,4,6,4,14.00000,1200.00000,800.00000,300,0,,100,0,0,1000.00000,,14,3,120,360
2022-08-22,7928.20153,5332.39203,2595.80949,1300.00000,3116,9,0,6,11.00000,0.00000,1200.00000,300,0,,100,0,0,1000.00000,,11,3,120,360
2022-08-23,7893.19448,5311.16436,2582.03013,1300.00000,3105,3,0,8,15.00000,0.00000,1600.00000,300,24,,100,0,0,1000.00000,,15,3,120,360
2022-08-24,7917.47596,5313.39885,2604.07712,1300.00000,3109,11,0,7,14.00000,0.00000,1400.00000,300,0,,100,0,0,1000.00000,,14,3,120,360
2022-08-25,7900.71727,5296.86361,2603.85367,1700.00000,3105,8,2,6,6.00000,400.00000,1200.00000,300,0,,100,0,0,1000.00000,,6,3,120,360
2022-08-26,7893.38069,5301.10914,2592.27155,1300.00000,3102,4,0,1,15.00000,0.00000,200.00000,300,0,,100,0,0,1000.00000,,15,3,120,360
2022-08-27,7900.12141,5300.43880,2599.68261,1500.00000,3102,7,1,4,9.00000,200.00000,800.00000,300,0,,100,0,0,1000.00000,,9,3,120,360
2022-08-28,7899.63727,5297.75741,2601.87986,1900.00000,3104,14,3,7,17.00000,600.00000,1400.00000,300,0,,100,0,0,1000.00000,,17,3,120,360
2022-08-29,7881.38892,5283.23321,2598.15571,1300.00000,3103,11,0,8,11.00000,0.00000,1600.00000,300,0,,100,0,0,1000.00000,,11,3,120,360
2022-08-30,7854.53777,5270.94350,2583.59427,1700.00000,3103,10,2,6,14.00000,400.00000,1200.00000,300,0,,100,0,0,1000.00000,,14,3,120,360
2022-08-31,7858.29917,5273.40144,2584.89772,1500.00000,3105,11,1,7,13.00000,200.00000,1400.00000,300,24,,100,0,0,1000.00000,,13,3,120,360
2022-09-01,7890.62482,5295.74636,2594.87846,1300.00000,3110,18,0,6,14.00000,0.00000,1200.00000,300,0,,100,0,0,1000.00000,,14,3,120,360
2022-09-02,7896.50898,5314.51610,2581.99288,1300.00000,3110,9,0,4,7.00000,0.00000,800.00000,300,0,,100,0,0,1000.00000,,7,3,120,360
2022-09-03,7885.48549,5299.76845,2585.71704,1500.00000,3102,5,1,10,18.00000,200.00000,2000.00000,300,0,,100,0,0,1000.00000,,18,3,120,360
2022-09-04,7884.10755,5304.68433,2579.42322,1900.00000,3109,13,3,2,10.00000,600.00000,400.00000,300,0,,100,0,0,1000.00000,,10,3,120,360
2022-09-05,7860.23573,5283.45666,2576.77907,1300.00000,3103,3,0,6,15.00000,0.00000,1200.00000,300,0,,100,0,0,1000.00000,,15,3,120,360
2022-09-06,7859.60262,5274.07179,2585.53083,1900.00000,3105,9,3,3,12.00000,600.00000,600.00000,300,0,,100,0,0,1000.00000,,12,3,120,360
2022-09-07,7855.72950,5266.02762,2589.70188,2300.00000,3107,12,5,4,9.00000,1000.00000,800.00000,300,0,,100,0,0,1000.00000,,9,3,120,360
2022-09-08,7838.52391,5239.43716,2599.08675,1500.00000,3103,7,1,10,11.00000,200.00000,2000.00000,300,24,,100,0,0,1000.00000,,11,3,120,360
2022-09-09,7831.63423,5241.89510,2589.73912,1300.00000,3108,19,0,10,15.00000,0.00000,2000.00000,300,0,,100,0,0,1000.00000,,15,3,120,360
2022-09-10,7845.74877,5249.49238,2596.25639,1300.00000,3107,8,0,7,8.00000,0.00000,1400.00000,300,0,,100,0,0,1000.00000,,8,3,120,360
2022-09-11,7862.95436,5266.25107,2596.70329,1300.00000,3115,11,0,2,19.00000,0.00000,400.00000,300,0,,100,0,0,1000.00000,,19,3,120,360
2022-09-12,7871.51991,5278.76422,2592.75569,1500.00000,3119,11,1,3,11.00000,200.00000,600.00000,300,0,,100,0,0,1000.00000,,11,3,120,360
2022-09-13,7867.08817,5276.75318,2590.33499,1300.00000,3118,6,0,5,14.00000,0.00000,1000.00000,300,0,,100,0,0,1000.00000,,14,3,120,360
2022-09-14,7873.34475,5265.80417,2607.54058,1700.00000,3116,10,2,8,13.00000,400.00000,1600.00000,300,0,,100,0,0,1000.00000,,13,3,120,360
2022-09-15,7852.11707,5254.18481,2597.93226,1500.00000,3111,5,1,5,14.00000,200.00000,1000.00000,300,0,,100,0,0,1000.00000,,14,3,120,360
2022-09-16,7879.41512,5282.78631,2596.62881,1700.00000,3116,10,2,2,12.00000,400.00000,400.00000,300,24,,100,0,0,1000.00000,,12,3,120,360
2022-09-17,7886.75170,5279.88147,2606.87023,1500.00000,3116,9,1,8,13.00000,200.00000,1600.00000,300,0,,100,0,0,1000.00000,,13,3,120,360
2022-09-18,7887.90619,5283.00976,2604.89643,1900.00000,3120,13,3,5,9.00000,600.00000,1000.00000,300,0,,100,0,0,1000.00000,,9,3,120,360
2022-09-19,7909.54352,5302.67329,2606.87023,1500.00000,3125,14,1,7,16.00000,200.00000,1400.00000,300,0,,100,0,0,1000.00000,,16,3,120,360
2022-09-20,7912.03870,5307.14227,2604.89643,1500.00000,3124,9,1,7,10.00000,200.00000,1400.00000,300,0,,100,0,0,1000.00000,,10,3,120,360
2022-09-21,7919.41253,5305.57813,2613.83440,1500.00000,3126,10,1,6,12.00000,200.00000,1200.00000,300,0,,100,0,0,1000.00000,,12,3,120,360
2022-09-22,7919.37528,5303.79053,2615.58475,1300.00000,3125,11,0,7,15.00000,0.00000,1400.00000,300,0,,100,0,0,1000.00000,,15,3,120,360
2022-09-23,7919.33804,5328.59340,2590.74465,1300.00000,3128,14,0,6,11.00000,0.00000,1200.00000,300,0,,100,0,0,1000.00000,,11,3,120,360
2022-09-24,7903.43591,5318.53818,2584.89772,1700.00000,3126,4,2,3,14.00000,400.00000,600.00000,300,24,,100,0,0,1000.00000,,14,3,120,360
2022-09-25,7916.91734,5336.86102,2580.05633,1500.00000,3125,9,1,3,11.00000,200.00000,600.00000,300,0,,100,0,0,1000.00000,,11,3,120,360
2022-09-26,7909.13386,5339.31896,2569.81490,1500.00000,3127,8,1,2,10.00000,200.00000,400.00000,300,0,,100,0,0,1000.00000,,10,3,120,360
2022-09-27,7923.39737,5343.78794,2579.60943,1500.00000,3129,12,1,6,14.00000,200.00000,1200.00000,300,0,,100,0,0,1000.00000,,14,3,120,360
2022-09-28,7936.72984,5353.17281,2583.55703,1300.00000,3132,11,0,6,10.00000,0.00000,1200.00000,300,0,,100,0,0,1000.00000,,10,3,120,360
2022-09-29,7955.31337,5356.07765,2599.23572,1500.00000,3135,12,1,5,13.00000,200.00000,1000.00000,300,0,,100,0,0,1000.00000,,13,3,120,360
2022-09-30,7990.32041,5379.31637,2611.00404,1700.00000,3141,14,2,5,12.00000,400.00000,1000.00000,300,0,,100,0,0,1000.00000,,12,3,120,360
2022-10-01,7991.17696,5378.19912,2612.97784,1300.00000,3145,8,0,2,17.00000,0.00000,400.00000,300,0,,100,0,0,1000.00000,,17,3,120,360
2022-10-02,8007.00462,5383.78535,2623.21926,1300.00000,3151,10,0,4,17.00000,0.00000,800.00000,300,24,,100,0,0,1000.00000,,17,3,120,360
2022-10-03,8029.68471,5391.82952,2637.85519,1700.00000,3155,13,2,7,13.00000,400.00000,1400.00000,300,0,,100,0,0,1000.00000,,13,3,120,360
2022-10-04,8029.68471,5392.72332,2636.96139,1300.00000,3155,8,0,4,8.00000,0.00000,800.00000,300,0,,100,0,0,1000.00000,,8,3,120,360
2022-10-05,8033.18542,5401.43784,2631.74758,1500.00000,3162,13,1,2,16.00000,200.00000,400.00000,300,0,,100,0,0,1000.00000,,16,3,120,360
2022-10-06,8040.52200,5406.80062,2633.72138,1300.00000,3168,12,0,3,10.00000,0.00000,600.00000,300,0,,100,0,0,1000.00000,,10,3,120,360
2022-10-07,8039.44199,5399.20335,2640.23865,1900.00000,3165,9,3,6,14.00000,600.00000,1200.00000,300,0,,100,0,0,1000.00000,,14,3,120,360
2022-10-08,8045.10271,5398.53300,2646.56971,1900.00000,3169,11,3,2,12.00000,600.00000,400.00000,300,0,,100,0,0,1000.00000,,12,3,120,360
2022-10-09,8034.82404,5396.07506,2638.74898,1900.00000,3168,8,3,5,13.00000,600.00000,1000.00000,300,0,,100,0,0,1000.00000,,13,3,120,360
2022-10-10,8035.12198,5401.21439,2633.90759,1300.00000,3164,7,0,6,11.00000,0.00000,1200.00000,300,24,,100,0,0,1000.00000,,11,3,120,360
2022-10-11,8038.25027,5395.18126,2643.06900,1700.00000,3164,7,2,5,14.00000,400.00000,1000.00000,300,0,,100,0,0,1000.00000,,14,3,120,360
2022-10-12,8041.82545,5399.42680,2642.39866,1300.00000,3168,12,0,6,7.00000,0.00000,1200.00000,300,0,,100,0,0,1000.00000,,7,3,120,360
2022-10-13,8061.93588,5417.30273,2644.63315,1500.00000,3173,12,1,6,17.00000,200.00000,1200.00000,300,0,,100,0,0,1000.00000,,17,3,120,360
2022-10-14,8063.68623,5415.73859,2647.94764,1500.00000,3177,15,1,9,11.00000,200.00000,1800.00000,300,0,,100,0,0,1000.00000,,11,3,120,360
2022-10-15,8087.26013,5437.63661,2649.62351,1300.00000,3177,15,0,7,13.00000,0.00000,1400.00000,300,0,,100,0,0,1000.00000,,13,3,120,360
2022-10-16,8080.10975,5421.77172,2658.33803,2500.00000,3174,9,6,5,15.00000,1200.00000,1000.00000,300,0,,100,0,0,1000.00000,,15,3,120,360
2022-10-17,8033.14817,5381.77431,2651.37387,2300.00000,3164,4,5,8,14.00000,1000.00000,1600.00000,300,0,,100,0,0,1000.00000,,14,3,120,360
2022-10-18,8028.04608,5386.69019,2641.35589,1700.00000,3163,10,2,4,14.00000,400.00000,800.00000,300,24,,100,0,0,1000.00000,,14,3,120,360
2022-10-19,8039.70268,5390.71228,2648.99041,1300.00000,3166,12,0,6,15.00000,0.00000,1200.00000,300,0,,100,0,0,1000.00000,,15,3,120,360
2022-10-20,8045.32616,5399.20335,2646.12281,1700.00000,3161,9,2,9,11.00000,400.00000,1800.00000,300,0,,100,0,0,1000.00000,,11,3,120,360
2022-10-21,8058.06276,5420.43102,2637.63174,1500.00000,3161,12,1,8,18.00000,200.00000,1600.00000,300,0,,100,0,0,1000.00000,,18,3,120,360
2022-10-22,8052.02963,5431.82693,2620.20270,1500.00000,3161,10,1,4,10.00000,200.00000,800.00000,300,0,,100,0,0,1000.00000,,10,3,120,360
2022-10-23,8049.27376,5432.49728,2616.77648,1500.00000,3164,14,1,8,13.00000,200.00000,1600.00000,300,0,,100,0,0,1000.00000,,13,3,120,360
2022-10-24,8018.32604,5407.02407,2611.30197,2100.00000,3155,9,4,11,14.00000,800.00000,2200.00000,300,0,,100,0,0,1000.00000,,14,3,120,360
2022-10-25,8034.04197,5418.41998,2615.62199,1300.00000,3159,9,0,2,13.00000,0.00000,400.00000,300,0,,100,0,0,1000.00000,,13,3,120,360
2022-10-26,8021.71502,5403.67233,2618.04269,1500.00000,3160,12,1,8,15.00000,200.00000,1600.00000,300,24,,100,0,0,1000.00000,,15,3,120,360
2022-10-27,8024.39641,5406.57717,2617.81924,1500.00000,3162,9,1,4,15.00000,200.00000,800.00000,300,0,,100,0,0,1000.00000,,15,3,120,360
2022-10-28,8028.15781,5409.25856,2618.89925,1500.00000,3163,7,1,3,11.00000,200.00000,600.00000,300,0,,100,0,0,1000.00000,,11,3,120,360
2022-10-29,8003.46667,5389.81848,2613.64819,1500.00000,3159,7,1,7,19.00000,200.00000,1400.00000,300,0,,100,0,0,1000.00000,,19,3,120,360
2022-10-30,8023.39089,5394.95781,2628.43308,1500.00000,3154,8,1,10,9.00000,200.00000,2000.00000,300,0,,100,0,0,1000.00000,,9,3,120,360
2022-10-31,8026.07228,5397.19230,2628.87998,1900.00000,3155,8,3,4,13.00000,600.00000,800.00000,300,0,,100,0,0,1000.00000,,13,3,120,360
2022-11-01,8032.10541,5394.28747,2637.81795,1700.00000,3154,9,2,6,12.00000,400.00000,1200.00000,300,0,,100,0,0,1000.00000,,12,3,120,360
2022-11-02,8002.61012,5373.05979,2629.55033,1900.00000,3148,4,3,6,14.00000,600.00000,1200.00000,300,0,,100,0,0,1000.00000,,14,3,120,360
2022-11-03,7981.86658,5373.28324,2608.58334,1700.00000,3138,8,2,11,15.00000,400.00000,2200.00000,300,24,,100,0,0,1000.00000,,15,3,120,360
2022-11-04,7982.09003,5382.22121,2599.86882,1900.00000,3134,8,3,6,14.00000,600.00000,1200.00000,300,0,,100,0,0,1000.00000,,14,3,120,360
2022-11-05,8006.70668,5400.99094,2605.71574,1700.00000,3136,12,2,3,8.00000,400.00000,600.00000,300,0,,100,0,0,1000.00000,,8,3,120,360
2022-11-06,8006.44599,5407.02407,2599.42192,1300.00000,3143,14,0,5,18.00000,0.00000,1000.00000,300,0,,100,0,0,1000.00000,,18,3,120,360
2022-11-07,7999.70528,5398.53300,2601.17228,1500.00000,3142,10,1,8,11.00000,200.00000,1600.00000,300,0,,100,0,0,1000.00000,,11,3,120,360
2022-11-08,7996.57699,5395.62816,2600.94883,1300.00000,3142,5,0,4,15.00000,0.00000,800.00000,300,0,,100,0,0,1000.00000,,15,3,120,360
2022-11-09,7984.51073,5383.11500,2601.39573,2100.00000,3143,9,4,3,12.00000,800.00000,600.00000,300,0,,100,0,0,1000.00000,,12,3,120,360
2022-11-10,7969.80032,5369.93150,2599.86882,2100.00000,3144,13,4,6,12.00000,800.00000,1200.00000,300,0,,100,0,0,1000.00000,,12,3,120,360
2022-11-11,7968.68308,5386.46674,2582.21633,1500.00000,3142,12,1,6,12.00000,200.00000,1200.00000,300,24,,100,0,0,1000.00000,,12,3,120,360
2022-11-12,7935.64984,5372.83634,2562.81349,1500.00000,3138,8,1,8,14.00000,200.00000,1600.00000,300,0,,100,0,0,1000.00000,,14,3,120,360
2022-11-13,7936.24570,5360.54663,2575.69907,1700.00000,3137,10,2,9,7.00000,400.00000,1800.00000,300,0,,100,0,0,1000.00000,,7,3,120,360
2022-11-14,7944.73677,5386.46674,2558.27003,1500.00000,3141,10,1,2,17.00000,200.00000,400.00000,300,0,,100,0,0,1000.00000,,17,3,120,360
2022-11-15,7944.32711,5396.52196,2547.80516,1500.00000,3140,5,1,2,12.00000,200.00000,400.00000,300,0,,100,0,0,1000.00000,,12,3,120,360
2022-11-16,7945.55608,5395.40471,2550.15137,1500.00000,3135,11,1,9,14.00000,200.00000,1800.00000,300,0,,100,0,0,1000.00000,,14,3,120,360
2022-11-17,7955.08992,5392.05297,2563.03694,1700.00000,3142,15,2,5,13.00000,400.00000,1000.00000,300,0,,100,0,0,1000.00000,,13,3,120,360
2022-11-18,7947.41816,5390.04193,2557.37623,1900.00000,3140,13,3,9,14.00000,600.00000,1800.00000,300,0,,100,0,0,1000.00000,,14,3,120,360
2022-11-19,7945.92850,5410.15236,2535.77614,1500.00000,3138,8,1,3,14.00000,200.00000,600.00000,300,24,,100,0,0,1000.00000,,14,3,120,360
2022-11-20,7920.04563,5396.07506,2523.97057,1300.00000,3130,7,0,11,14.00000,0.00000,2200.00000,300,0,,100,0,0,1000.00000,,14,3,120,360
2022-11-21,7917.14079,5401.66129,2515.47950,1500.00000,3127,7,1,7,8.00000,200.00000,1400.00000,300,0,,100,0,0,1000.00000,,8,3,120,360
2022-11-22,7890.77378,5384.23225,2506.54153,1700.00000,3123,7,2,8,16.00000,400.00000,1600.00000,300,0,,100,0,0,1000.00000,,16,3,120,360
2022-11-23,7876.77097,5374.17704,2502.59393,1900.00000,3115,5,3,7,10.00000,600.00000,1400.00000,300,0,,100,0,0,1000.00000,,10,3,120,360
2022-11-24,7887.49653,5376.63498,2510.86155,1300.00000,3117,11,0,6,11.00000,0.00000,1200.00000,300,0,,100,0,0,1000.00000,,11,3,120,360
2022-11-25,7886.34204,5383.33845,2503.00359,1900.00000,3117,14,3,7,15.00000,600.00000,1400.00000,300,0,,100,0,0,1000.00000,,15,3,120,360
2022-11-26,7892.63586,5391.60608,2501.02979,1700.00000,3114,5,2,5,13.00000,400.00000,1000.00000,300,0,,100,0,0,1000.00000,,13,3,120,360
2022-11-27,7893.12000,5403.00199,2490.11802,1500.00000,3114,10,1,6,13.00000,200.00000,1200.00000,300,24,,100,0,0,1000.00000,,13,3,120,360
2022-11-28,7900.34486,5414.17445,2486.17041,1300.00000,3113,7,0,4,16.00000,0.00000,800.00000,300,0,,100,0,0,1000.00000,,16,3,120,360
2022-11-29,7903.69660,5408.14132,2495.55528,1500.00000,3118,10,1,4,8.00000,200.00000,800.00000,300,0,,100,0,0,1000.00000,,8,3,120,360
2022-11-30,7945.70505,5433.16763,2512.53742,1700.00000,3122,13,2,5,16.00000,400.00000,1000.00000,300,0,,100,0,0,1000.00000,,16,3,120,360
2022-12-01,7953.41405,5433.83798,2519.57607,1300.00000,3131,16,0,6,12.00000,0.00000,1200.00000,300,0,,100,0,0,1000.00000,,12,3,120,360
2022-12-02,7930.43602,5430.03934,2500.39668,1700.00000,3125,8,2,8,13.00000,400.00000,1600.00000,300,0,,100,0,0,1000.00000,,13,3,120,360
2022-12-03,7931.55327,5422.88896,2508.66430,1700.00000,3125,10,2,4,14.00000,400.00000,800.00000,300,0,,100,0,0,1000.00000,,14,3,120,360
2022-12-04,7931.21809,5416.85584,2514.36226,1900.00000,3127,9,3,3,15.00000,600.00000,600.00000,300,0,,100,0,0,1000.00000,,15,3,120,360
2022-12-05,7938.85261,5424.90001,2513.95260,1500.00000,3133,14,1,5,13.00000,200.00000,1000.00000,300,24,,100,0,0,1000.00000,,13,3,120,360
2022-12-06,7924.14220,5420.43102,2503.71118,1500.00000,3130,7,1,7,15.00000,200.00000,1400.00000,300,0,,100,0,0,1000.00000,,15,3,120,360
2022-12-07,7913.67733,5411.26961,2502.40772,1300.00000,3131,7,0,5,9.00000,0.00000,1000.00000,300,0,,100,0,0,1000.00000,,9,3,120,360
2022-12-08,7935.83604,5426.68760,2509.14844,1300.00000,3136,11,0,5,17.00000,0.00000,1000.00000,300,0,,100,0,0,1000.00000,,17,3,120,360
2022-12-09,7932.33534,5427.35795,2504.97739,1500.00000,3134,6,1,3,15.00000,200.00000,600.00000,300,0,,100,0,0,1000.00000,,15,3,120,360
2022-12-10,7944.21539,5441.65870,2502.55669,1500.00000,3137,11,1,5,12.00000,200.00000,1000.00000,300,0,,100,0,0,1000.00000,,12,3,120,360
2022-12-11,7928.79739,5427.13450,2501.66289,2100.00000,3130,4,4,4,13.00000,800.00000,800.00000,300,0,,100,0,0,1000.00000,,13,3,120,360
2022-12-12,7924.06772,5421.10137,2502.96635,2100.00000,3125,6,4,4,14.00000,800.00000,800.00000,300,0,,100,0,0,1000.00000,,14,3,120,360
2022-12-13,7928.79739,5419.76068,2509.03672,1900.00000,3126,8,3,2,9.00000,600.00000,400.00000,300,24,,100,0,0,1000.00000,,9,3,120,360
2022-12-14,7922.28012,5420.87792,2501.40220,1300.00000,3129,14,0,5,16.00000,0.00000,1000.00000,300,0,,100,0,0,1000.00000,,16,3,120,360
2022-12-15,7913.97526,5401.88474,2512.09052,1500.00000,3130,10,1,6,12.00000,200.00000,1200.00000,300,0,,100,0,0,1000.00000,,12,3,120,360
2022-12-16,7900.19589,5392.72332,2507.47257,2100.00000,3126,9,4,5,18.00000,800.00000,1000.00000,300,0,,100,0,0,1000.00000,,18,3,120,360
2022-12-17,7910.51180,5413.28065,2497.23115,1900.00000,3126,7,3,2,11.00000,600.00000,400.00000,300,0,,100,0,0,1000.00000,,11,3,120,360
2022-12-18,7915.91182,5411.26961,2504.64222,1300.00000,3126,5,0,4,12.00000,0.00000,800.00000,300,0,,100,0,0,1000.00000,,12,3,120,360
2022-12-19,7891.29517,5393.61712,2497.67805,1900.00000,3116,4,3,7,13.00000,600.00000,1400.00000,300,0,,100,0,0,1000.00000,,13,3,120,360
2022-12-20,7894.34897,5393.61712,2500.73185,1900.00000,3118,12,3,4,14.00000,600.00000,800.00000,300,0,,100,0,0,1000.00000,,14,3,120,360
2022-12-21,7863.55022,5365.01562,2498.53460,1700.00000,3112,9,2,11,10.00000,400.00000,2200.00000,300,24,,100,0,0,1000.00000,,10,3,120,360
2022-12-22,7852.15431,5354.06661,2498.08771,1700.00000,3109,5,2,5,14.00000,400.00000,1000.00000,300,0,,100,0,0,1000.00000,,14,3,120,360
2022-12-23,7829.43698,5346.24588,2483.19109,1500.00000,3101,7,1,7,10.00000,200.00000,1400.00000,300,0,,100,0,0,1000.00000,,10,3,120,360
2022-12-24,7838.37494,5362.55768,2475.81727,1700.00000,3108,16,2,5,18.00000,400.00000,1000.00000,300,0,,100,0,0,1000.00000,,18,3,120,360
2022-12-25,7850.25499,5377.30533,2472.94967,1300.00000,3111,12,0,4,9.00000,0.00000,800.00000,300,0,,100,0,0,1000.00000,,9,3,120,360
2022-12-26,7871.22198,5396.74541,2474.47657,1300.00000,3115,8,0,3,14.00000,0.00000,600.00000,300,0,,100,0,0,1000.00000,,14,3,120,360
2022-12-27,7843.92393,5367.47356,2476.45037,2500.00000,3108,6,6,6,13.00000,1200.00000,1200.00000,300,0,,100,0,0,1000.00000,,13,3,120,360
2022-12-28,7861.79987,5375.51773,2486.28214,1500.00000,3115,13,1,4,12.00000,200.00000,800.00000,300,0,,100,0,0,1000.00000,,12,3,120,360
2022-12-29,7841.54048,5358.53559,2483.00488,2100.00000,3111,6,4,3,12.00000,800.00000,600.00000,300,24,,100,0,0,1000.00000,,12,3,120,360
2022-12-30,7874.57372,5372.83634,2501.73738,1900.00000,3118,13,3,2,11.00000,600.00000,400.00000,300,0,,100,0,0,1000.00000,,11,3,120,360
2022-12-31,7886.67722,5404.56613,2482.11109,1700.00000,3127,20,2,4,11.00000,400.00000,800.00000,300,0,,100,0,0,1000.00000,,11,3,120,360
