Date,Daily Emissions (Kg Methane),Daily Mitigable Emissions (Kg Methane),Daily Non-Mitigable Emissions (Kg Methane),Daily Cost ($),Active Leaks,New Leaks,Leaks Repaired,Leaks Naturally Repaired,Leaks Tagged,Daily Repair Cost ($),Daily Natural Repair Cost ($),aircraft_mdl_high Deployment Cost ($),aircraft_mdl_high Sites flagged for Follow-Up,aircraft_mdl_high Leaks tagged for repair,aircraft_mdl_high Sites Visited,aircraft_mdl_high Travel Time (Minutes),aircraft_mdl_high Survey Time (Minutes),OGI_FU_mdl_high Deployment Cost ($),OGI_FU_mdl_high Sites flagged for Follow-Up,OGI_FU_mdl_high Leaks tagged for repair,OGI_FU_mdl_high Sites Visited,OGI_FU_mdl_high Travel Time (Minutes),OGI_FU_mdl_high Survey Time (Minutes)
2022-01-01,53807.33662,8533.73662,45273.60000,250.00000,367,368,0,1,0.00000,0.00000,200.00000,250.00000,0,,10,20,10,0.00000,,0,0,0,0
2022-01-02,54377.88200,8534.04200,45843.84000,0.00000,369,3,0,0,0.00000,0.00000,0.00000,0.00000,0,,0,0,0,0.00000,,0,0,0,0
2022-01-03,54392.76937,8548.92937,45843.84000,1000.00000,371,2,0,0,59.00000,0.00000,0.00000,0.00000,10,,0,0,0,1000.00000,,59,3,120,360
2022-01-04,54359.66286,8515.82286,45843.84000,1000.00000,371,1,0,1,56.00000,0.00000,200.00000,0.00000,0,,0,0,0,1000.00000,,56,3,120,360
2022-01-05,54362.24755,8518.40755,45843.84000,1000.00000,372,1,0,0,65.00000,0.00000,0.00000,0.00000,0,,0,0,0,1000.00000,,65,3,120,360
2022-01-06,54391.76343,8547.92343,45843.84000,500.00000,373,1,0,0,15.00000,0.00000,0.00000,0.00000,0,,0,0,0,500.00000,,15,1,30,120
2022-01-07,54534.65238,8569.85238,45964.80000,0.00000,373,2,0,0,0.00000,0.00000,0.00000,0.00000,0,,0,0,0,0.00000,,0,0,0,0
2022-01-08,54621.05238,8569.85238,46051.20000,0.00000,374,1,0,0,0.00000,0.00000,0.00000,0.00000,0,,0,0,0,0.00000,,0,0,0,0
2022-01-09,53670.65238,8569.85238,45100.80000,0.00000,372,0,0,0,0.00000,0.00000,0.00000,0.00000,0,,0,0,0,0.00000,,0,0,0,0
2022-01-10,53680.55894,8683.43894,44997.12000,0.00000,375,4,0,0,0.00000,0.00000,0.00000,0.00000,0,,0,0,0,0.00000,,0,0,0,0
2022-01-11,53576.87894,8683.43894,44893.44000,0.00000,374,0,0,0,0.00000,0.00000,0.00000,0.00000,0,,0,0,0,0.00000,,0,0,0,0
2022-01-12,52712.87894,8683.43894,44029.44000,0.00000,373,0,0,0,0.00000,0.00000,0.00000,0.00000,0,,0,0,0,0.00000,,0,0,0,0
2022-01-13,51555.11894,8683.43894,42871.68000,0.00000,371,0,0,0,0.00000,0.00000,0.00000,0.00000,0,,0,0,0,0.00000,,0,0,0,0
2022-01-14,50701.58489,8693.90489,42007.68000,0.00000,373,3,0,0,0.00000,0.00000,0.00000,0.00000,0,,0,0,0,0.00000,,0,0,0,0
2022-01-15,50403.71218,8689.79218,41713.92000,0.00000,371,1,0,2,0.00000,0.00000,400.00000,0.00000,0,,0,0,0,0.00000,,0,0,0,0
2022-01-16,50145.47129,8725.31129,41420.16000,0.00000,371,1,0,0,0.00000,0.00000,0.00000,0.00000,0,,0,0,0,0.00000,,0,0,0,0
2022-01-17,50211.50871,8791.34871,41420.16000,0.00000,374,3,0,0,0.00000,0.00000,0.00000,0.00000,0,,0,0,0,0.00000,,0,0,0,0
2022-01-18,49101.81974,7785.33974,41316.48000,9600.00000,327,2,48,0,0.00000,9600.00000,0.00000,0.00000,0,,0,0,0,0.00000,,0,0,0,0
2022-01-19,46750.12475,5433.64475,41316.48000,10000.00000,276,0,50,1,0.00000,10000.00000,200.00000,0.00000,0,,0,0,0,0.00000,,0,0,0,0
2022-01-20,42421.26282,1294.86282,41126.40000,11000.00000,219,0,55,0,0.00000,11000.00000,0.00000,0.00000,0,,0,0,0,0.00000,,0,0,0,0
2022-01-21,41763.35710,636.95710,41126.40000,2400.00000,207,0,12,0,0.00000,2400.00000,0.00000,0.00000,0,,0,0,0,0.00000,,0,0,0,0
2022-01-22,41763.35710,636.95710,41126.40000,0.00000,207,0,0,0,0.00000,0.00000,0.00000,0.00000,0,,0,0,0,0.00000,,0,0,0,0
2022-01-23,41763.35710,636.95710,41126.40000,0.00000,207,0,0,0,0.00000,0.00000,0.00000,0.00000,0,,0,0,0,0.00000,,0,0,0,0
2022-01-24,41777.73813,651.33813,41126.40000,0.00000,211,4,0,0,0.00000,0.00000,0.00000,0.00000,0,,0,0,0,0.00000,,0,0,0,0
2022-01-25,41777.73813,651.33813,41126.40000,0.00000,211,0,0,0,0.00000,0.00000,0.00000,0.00000,0,,0,0,0,0.00000,,0,0,0,0
2022-01-26,41777.96470,651.56470,41126.40000,0.00000,213,2,0,0,0.00000,0.00000,0.00000,0.00000,0,,0,0,0,0.00000,,0,0,0,0
2022-01-27,41778.10453,651.70453,41126.40000,0.00000,214,1,0,0,0.00000,0.00000,0.00000,0.00000,0,,0,0,0,0.00000,,0,0,0,0
2022-01-28,41778.10453,651.70453,41126.40000,0.00000,214,0,0,0,0.00000,0.00000,0.00000,0.00000,0,,0,0,0,0.00000,,0,0,0,0
2022-01-29,41776.68737,650.28737,41126.40000,0.00000,213,0,0,1,0.00000,0.00000,200.00000,0.00000,0,,0,0,0,0.00000,,0,0,0,0
2022-01-30,41776.68737,650.28737,41126.40000,0.00000,213,0,0,0,0.00000,0.00000,0.00000,0.00000,0,,0,0,0,0.00000,,0,0,0,0
2022-01-31,41863.08737,650.28737,41212.80000,0.00000,214,1,0,0,0.00000,0.00000,0.00000,0.00000,0,,0,0,0,0.00000,,0,0,0,0
2022-02-01,41863.08737,650.28737,41212.80000,0.00000,214,0,0,0,0.00000,0.00000,0.00000,0.00000,0,,0,0,0,0.00000,,0,0,0,0
2022-02-02,42725.65444,648.85444,42076.80000,0.00000,212,1,0,3,0.00000,0.00000,600.00000,0.00000,0,,0,0,0,0.00000,,0,0,0,0
2022-02-03,42898.83009,822.03009,42076.80000,0.00000,214,2,0,0,0.00000,0.00000,0.00000,0.00000,0,,0,0,0,0.00000,,0,0,0,0
2022-02-04,42033.11285,820.31285,41212.80000,0.00000,212,0,0,1,0.00000,0.00000,200.00000,0.00000,0,,0,0,0,0.00000,,0,0,0,0
2022-02-05,41915.40854,909.96854,41005.44000,0.00000,214,3,0,0,0.00000,0.00000,0.00000,0.00000,0,,0,0,0,0.00000,,0,0,0,0
2022-02-06,41915.40854,909.96854,41005.44000,0.00000,214,0,0,0,0.00000,0.00000,0.00000,0.00000,0,,0,0,0,0.00000,,0,0,0,0
2022-02-07,41919.79307,914.35307,41005.44000,0.00000,213,1,0,2,0.00000,0.00000,400.00000,0.00000,0,,0,0,0,0.00000,,0,0,0,0
2022-02-08,41923.24403,917.80403,41005.44000,0.00000,215,2,0,0,0.00000,0.00000,0.00000,0.00000,0,,0,0,0,0.00000,,0,0,0,0
2022-02-09,41923.24403,917.80403,41005.44000,0.00000,215,0,0,0,0.00000,0.00000,0.00000,0.00000,0,,0,0,0,0.00000,,0,0,0,0
2022-02-10,41819.56403,917.80403,40901.76000,0.00000,214,0,0,0,0.00000,0.00000,0.00000,0.00000,0,,0,0,0,0.00000,,0,0,0,0
2022-02-11,41822.93395,921.17395,40901.76000,0.00000,214,1,0,1,0.00000,0.00000,200.00000,0.00000,0,,0,0,0,0.00000,,0,0,0,0
2022-02-12,42116.69395,921.17395,41195.52000,0.00000,215,1,0,0,0.00000,0.00000,0.00000,0.00000,0,,0,0,0,0.00000,,0,0,0,0
2022-02-13,42116.69395,921.17395,41195.52000,0.00000,215,0,0,0,0.00000,0.00000,0.00000,0.00000,0,,0,0,0,0.00000,,0,0,0,0
2022-02-14,42116.69395,921.17395,41195.52000,0.00000,215,0,0,0,0.00000,0.00000,0.00000,0.00000,0,,0,0,0,0.00000,,0,0,0,0
2022-02-15,42116.91938,921.39938,41195.52000,0.00000,215,1,0,1,0.00000,0.00000,200.00000,0.00000,0,,0,0,0,0.00000,,0,0,0,0
2022-02-16,42046.99986,955.15986,41091.84000,0.00000,216,2,0,0,0.00000,0.00000,0.00000,0.00000,0,,0,0,0,0.00000,,0,0,0,0
2022-02-17,42057.25120,965.41120,41091.84000,0.00000,218,2,0,0,0.00000,0.00000,0.00000,0.00000,0,,0,0,0,0.00000,,0,0,0,0
2022-02-18,41761.43629,963.35629,40798.08000,0.00000,216,0,0,1,0.00000,0.00000,200.00000,0.00000,0,,0,0,0,0.00000,,0,0,0,0
2022-02-19,41867.21648,982.73648,40884.48000,0.00000,218,2,0,0,0.00000,0.00000,0.00000,0.00000,0,,0,0,0,0.00000,,0,0,0,0
2022-02-20,41866.33673,981.85673,40884.48000,0.00000,217,0,0,1,0.00000,0.00000,200.00000,0.00000,0,,0,0,0,0.00000,,0,0,0,0
2022-02-21,42160.09673,981.85673,41178.24000,0.00000,218,1,0,0,0.00000,0.00000,0.00000,0.00000,0,,0,0,0,0.00000,,0,0,0,0
2022-02-22,42730.33673,981.85673,41748.48000,0.00000,218,1,0,0,0.00000,0.00000,0.00000,0.00000,0,,0,0,0,0.00000,,0,0,0,0
2022-02-23,42726.74727,978.26727,41748.48000,0.00000,218,1,0,1,0.00000,0.00000,200.00000,0.00000,0,,0,0,0,0.00000,,0,0,0,0
2022-02-24,42747.56626,999.08626,41748.48000,0.00000,220,2,0,0,0.00000,0.00000,0.00000,0.00000,0,,0,0,0,0.00000,,0,0,0,0
2022-02-25,42747.56626,999.08626,41748.48000,0.00000,220,0,0,0,0.00000,0.00000,0.00000,0.00000,0,,0,0,0,0.00000,,0,0,0,0
2022-02-26,42747.56626,999.08626,41748.48000,0.00000,220,0,0,0,0.00000,0.00000,0.00000,0.00000,0,,0,0,0,0.00000,,0,0,0,0
2022-02-27,42743.54075,995.06075,41748.48000,0.00000,219,0,0,1,0.00000,0.00000,200.00000,0.00000,0,,0,0,0,0.00000,,0,0,0,0
2022-02-28,42743.54075,995.06075,41748.48000,0.00000,219,0,0,0,0.00000,0.00000,0.00000,0.00000,0,,0,0,0,0.00000,,0,0,0,0
2022-03-01,42481.93430,1027.21430,41454.72000,0.00000,219,1,0,0,0.00000,0.00000,0.00000,0.00000,0,,0,0,0,0.00000,,0,0,0,0
2022-03-02,42481.93430,1027.21430,41454.72000,0.00000,219,0,0,0,0.00000,0.00000,0.00000,0.00000,0,,0,0,0,0.00000,,0,0,0,0
2022-03-03,42379.15460,1028.11460,41351.04000,0.00000,219,1,0,0,0.00000,0.00000,0.00000,0.00000,0,,0,0,0,0.00000,,0,0,0,0
2022-03-04,42465.55460,1028.11460,41437.44000,0.00000,220,1,0,0,0.00000,0.00000,0.00000,0.00000,0,,0,0,0,0.00000,,0,0,0,0
2022-03-05,42465.55460,1028.11460,41437.44000,0.00000,220,0,0,0,0.00000,0.00000,0.00000,0.00000,0,,0,0,0,0.00000,,0,0,0,0
2022-03-06,42565.94994,1024.82994,41541.12000,0.00000,220,1,0,1,0.00000,0.00000,200.00000,0.00000,0,,0,0,0,0.00000,,0,0,0,0
2022-03-07,42565.94994,1024.82994,41541.12000,0.00000,220,0,0,0,0.00000,0.00000,0.00000,0.00000,0,,0,0,0,0.00000,,0,0,0,0
2022-03-08,42272.50836,1025.14836,41247.36000,0.00000,220,1,0,0,0.00000,0.00000,0.00000,0.00000,0,,0,0,0,0.00000,,0,0,0,0
2022-03-09,42400.69076,1153.33076,41247.36000,0.00000,223,3,0,0,0.00000,0.00000,0.00000,0.00000,0,,0,0,0,0.00000,,0,0,0,0
2022-03-10,42400.69076,1153.33076,41247.36000,0.00000,223,0,0,0,0.00000,0.00000,0.00000,0.00000,0,,0,0,0,0.00000,,0,0,0,0
2022-03-11,42400.27585,1152.91585,41247.36000,0.00000,223,1,0,1,0.00000,0.00000,200.00000,0.00000,0,,0,0,0,0.00000,,0,0,0,0
2022-03-12,42400.27585,1152.91585,41247.36000,0.00000,223,0,0,0,0.00000,0.00000,0.00000,0.00000,0,,0,0,0,0.00000,,0,0,0,0
2022-03-13,41907.89575,1524.53575,40383.36000,0.00000,224,2,0,0,0.00000,0.00000,0.00000,0.00000,0,,0,0,0,0.00000,,0,0,0,0
2022-03-14,42012.33274,1525.29274,40487.04000,0.00000,226,2,0,0,0.00000,0.00000,0.00000,0.00000,0,,0,0,0,0.00000,,0,0,0,0
2022-03-15,41442.09274,1525.29274,39916.80000,0.00000,226,1,0,0,0.00000,0.00000,0.00000,0.00000,0,,0,0,0,0.00000,,0,0,0,0
2022-03-16,42306.09274,1525.29274,40780.80000,0.00000,227,1,0,0,0.00000,0.00000,0.00000,0.00000,0,,0,0,0,0.00000,,0,0,0,0
2022-03-17,42876.33274,1525.29274,41351.04000,0.00000,227,1,0,0,0.00000,0.00000,0.00000,0.00000,0,,0,0,0,0.00000,,0,0,0,0
2022-03-18,42876.33274,1525.29274,41351.04000,0.00000,227,0,0,0,0.00000,0.00000,0.00000,0.00000,0,,0,0,0,0.00000,,0,0,0,0
2022-03-19,42582.58834,1525.30834,41057.28000,0.00000,227,1,0,0,0.00000,0.00000,0.00000,0.00000,0,,0,0,0,0.00000,,0,0,0,0
2022-03-20,42866.56282,1515.52282,41351.04000,0.00000,227,1,0,1,0.00000,0.00000,200.00000,0.00000,0,,0,0,0,0.00000,,0,0,0,0
2022-03-21,42868.80074,1517.76074,41351.04000,0.00000,228,1,0,0,0.00000,0.00000,0.00000,0.00000,0,,0,0,0,0.00000,,0,0,0,0
2022-03-22,42004.80074,1517.76074,40487.04000,0.00000,227,0,0,0,0.00000,0.00000,0.00000,0.00000,0,,0,0,0,0.00000,,0,0,0,0
2022-03-23,42004.80074,1517.76074,40487.04000,0.00000,227,0,0,0,0.00000,0.00000,0.00000,0.00000,0,,0,0,0,0.00000,,0,0,0,0
2022-03-24,42004.80074,1517.76074,40487.04000,0.00000,227,0,0,0,0.00000,0.00000,0.00000,0.00000,0,,0,0,0,0.00000,,0,0,0,0
2022-03-25,43577.44907,2140.00907,41437.44000,0.00000,231,4,0,0,0.00000,0.00000,0.00000,0.00000,0,,0,0,0,0.00000,,0,0,0,0
2022-03-26,43577.44907,2140.00907,41437.44000,0.00000,231,0,0,0,0.00000,0.00000,0.00000,0.00000,0,,0,0,0,0.00000,,0,0,0,0
2022-03-27,43579.36362,2141.92362,41437.44000,0.00000,232,1,0,0,0.00000,0.00000,0.00000,0.00000,0,,0,0,0,0.00000,,0,0,0,0
2022-03-28,43582.04103,2144.60103,41437.44000,0.00000,233,2,0,1,0.00000,0.00000,200.00000,0.00000,0,,0,0,0,0.00000,,0,0,0,0
2022-03-29,43607.96792,2170.52792,41437.44000,0.00000,235,2,0,0,0.00000,0.00000,0.00000,0.00000,0,,0,0,0,0.00000,,0,0,0,0
2022-03-30,43711.64792,2170.52792,41541.12000,0.00000,236,1,0,0,0.00000,0.00000,0.00000,0.00000,0,,0,0,0,0.00000,,0,0,0,0
2022-03-31,43711.64792,2170.52792,41541.12000,0.00000,236,0,0,0,0.00000,0.00000,0.00000,0.00000,0,,0,0,0,0.00000,,0,0,0,0
2022-04-01,43417.88792,2170.52792,41247.36000,0.00000,235,0,0,0,0.00000,0.00000,0.00000,0.00000,0,,0,0,0,0.00000,,0,0,0,0
2022-04-02,44281.88792,2170.52792,42111.36000,0.00000,236,1,0,0,0.00000,0.00000,0.00000,0.00000,0,,0,0,0,0.00000,,0,0,0,0
2022-04-03,44281.88792,2170.52792,42111.36000,0.00000,236,0,0,0,0.00000,0.00000,0.00000,0.00000,0,,0,0,0,0.00000,,0,0,0,0
2022-04-04,44281.88792,2170.52792,42111.36000,0.00000,236,0,0,0,0.00000,0.00000,0.00000,0.00000,0,,0,0,0,0.00000,,0,0,0,0
2022-04-05,44281.88792,2170.52792,42111.36000,0.00000,236,0,0,0,0.00000,0.00000,0.00000,0.00000,0,,0,0,0,0.00000,,0,0,0,0
2022-04-06,44385.56792,2170.52792,42215.04000,0.00000,237,1,0,0,0.00000,0.00000,0.00000,0.00000,0,,0,0,0,0.00000,,0,0,0,0
2022-04-07,44195.48792,2170.52792,42024.96000,0.00000,237,1,0,0,0.00000,0.00000,0.00000,0.00000,0,,0,0,0,0.00000,,0,0,0,0
2022-04-08,44227.79403,2202.83403,42024.96000,0.00000,238,1,0,0,0.00000,0.00000,0.00000,0.00000,0,,0,0,0,0.00000,,0,0,0,0
2022-04-09,44229.17593,2204.21593,42024.96000,0.00000,239,1,0,0,0.00000,0.00000,0.00000,0.00000,0,,0,0,0,0.00000,,0,0,0,0
2022-04-10,45093.93279,2204.97279,42888.96000,0.00000,241,2,0,0,0.00000,0.00000,0.00000,0.00000,0,,0,0,0,0.00000,,0,0,0,0
2022-04-11,45092.45318,2203.49318,42888.96000,0.00000,240,0,0,1,0.00000,0.00000,200.00000,0.00000,0,,0,0,0,0.00000,,0,0,0,0
2022-04-12,44694.19437,2202.67437,42491.52000,0.00000,237,0,0,1,0.00000,0.00000,200.00000,0.00000,0,,0,0,0,0.00000,,0,0,0,0
2022-04-13,44590.51437,2202.67437,42387.84000,0.00000,236,0,0,0,0.00000,0.00000,0.00000,0.00000,0,,0,0,0,0.00000,,0,0,0,0
2022-04-14,44884.27437,2202.67437,42681.60000,0.00000,237,1,0,0,0.00000,0.00000,0.00000,0.00000,0,,0,0,0,0.00000,,0,0,0,0
2022-04-15,44884.42305,2202.82305,42681.60000,0.00000,238,1,0,0,0.00000,0.00000,0.00000,0.00000,0,,0,0,0,0.00000,,0,0,0,0
2022-04-16,44884.25348,2202.65348,42681.60000,0.00000,237,0,0,1,0.00000,0.00000,200.00000,0.00000,0,,0,0,0,0.00000,,0,0,0,0
2022-04-17,44884.66974,2203.06974,42681.60000,0.00000,239,2,0,0,0.00000,0.00000,0.00000,0.00000,0,,0,0,0,0.00000,,0,0,0,0
2022-04-18,44015.68184,2198.08184,41817.60000,0.00000,237,0,0,1,0.00000,0.00000,200.00000,0.00000,0,,0,0,0,0.00000,,0,0,0,0
2022-04-19,44015.68184,2198.08184,41817.60000,0.00000,237,0,0,0,0.00000,0.00000,0.00000,0.00000,0,,0,0,0,0.00000,,0,0,0,0
2022-04-20,43912.00184,2198.08184,41713.92000,0.00000,236,0,0,0,0.00000,0.00000,0.00000,0.00000,0,,0,0,0,0.00000,,0,0,0,0
2022-04-21,43818.31436,2208.07436,41610.24000,0.00000,237,2,0,0,0.00000,0.00000,0.00000,0.00000,0,,0,0,0,0.00000,,0,0,0,0
2022-04-22,42230.19162,2244.27162,39985.92000,0.00000,239,4,0,0,0.00000,0.00000,0.00000,0.00000,0,,0,0,0,0.00000,,0,0,0,0
2022-04-23,42229.65636,2243.73636,39985.92000,0.00000,238,0,0,1,0.00000,0.00000,200.00000,0.00000,0,,0,0,0,0.00000,,0,0,0,0
2022-04-24,42229.65636,2243.73636,39985.92000,0.00000,238,0,0,0,0.00000,0.00000,0.00000,0.00000,0,,0,0,0,0.00000,,0,0,0,0
2022-04-25,41497.37574,2375.45574,39121.92000,0.00000,238,1,0,0,0.00000,0.00000,0.00000,0.00000,0,,0,0,0,0.00000,,0,0,0,0
2022-04-26,41894.81574,2375.45574,39519.36000,0.00000,240,2,0,0,0.00000,0.00000,0.00000,0.00000,0,,0,0,0,0.00000,,0,0,0,0
2022-04-27,41856.22898,2423.26898,39432.96000,0.00000,240,1,0,0,0.00000,0.00000,0.00000,0.00000,0,,0,0,0,0.00000,,0,0,0,0
2022-04-28,41856.42065,2423.46065,39432.96000,0.00000,241,1,0,0,0.00000,0.00000,0.00000,0.00000,0,,0,0,0,0.00000,,0,0,0,0
2022-04-29,40042.02065,2423.46065,37618.56000,0.00000,238,0,0,0,0.00000,0.00000,0.00000,0.00000,0,,0,0,0,0.00000,,0,0,0,0
2022-04-30,39178.02065,2423.46065,36754.56000,0.00000,237,0,0,0,0.00000,0.00000,0.00000,0.00000,0,,0,0,0,0.00000,,0,0,0,0
2022-05-01,38152.88694,2435.12694,35717.76000,0.00000,235,2,0,1,0.00000,0.00000,200.00000,0.00000,0,,0,0,0,0.00000,,0,0,0,0
2022-05-02,38154.08974,2436.32974,35717.76000,0.00000,236,1,0,0,0.00000,0.00000,0.00000,0.00000,0,,0,0,0,0.00000,,0,0,0,0
2022-05-03,38154.21405,2436.45405,35717.76000,0.00000,237,1,0,0,0.00000,0.00000,0.00000,0.00000,0,,0,0,0,0.00000,,0,0,0,0
2022-05-04,38924.02580,2445.94580,36478.08000,0.00000,238,2,0,0,0.00000,0.00000,0.00000,0.00000,0,,0,0,0,0.00000,,0,0,0,0
2022-05-05,38965.00954,2486.92954,36478.08000,0.00000,240,2,0,0,0.00000,0.00000,0.00000,0.00000,0,,0,0,0,0.00000,,0,0,0,0
2022-05-06,38115.02214,2500.94214,35614.08000,0.00000,240,1,0,0,0.00000,0.00000,0.00000,0.00000,0,,0,0,0,0.00000,,0,0,0,0
2022-05-07,38115.72471,2501.64471,35614.08000,0.00000,241,1,0,0,0.00000,0.00000,0.00000,0.00000,0,,0,0,0,0.00000,,0,0,0,0
2022-05-08,38115.72471,2501.64471,35614.08000,0.00000,241,0,0,0,0.00000,0.00000,0.00000,0.00000,0,,0,0,0,0.00000,,0,0,0,0
2022-05-09,38219.40471,2501.64471,35717.76000,0.00000,242,1,0,0,0.00000,0.00000,0.00000,0.00000,0,,0,0,0,0.00000,,0,0,0,0
2022-05-10,38219.40471,2501.64471,35717.76000,0.00000,242,0,0,0,0.00000,0.00000,0.00000,0.00000,0,,0,0,0,0.00000,,0,0,0,0
2022-05-11,38219.40471,2501.64471,35717.76000,0.00000,242,0,0,0,0.00000,0.00000,0.00000,0.00000,0,,0,0,0,0.00000,,0,0,0,0
2022-05-12,37359.17342,2505.41342,34853.76000,0.00000,242,1,0,0,0.00000,0.00000,0.00000,0.00000,0,,0,0,0,0.00000,,0,0,0,0
2022-05-13,37359.85616,2506.09616,34853.76000,0.00000,243,1,0,0,0.00000,0.00000,0.00000,0.00000,0,,0,0,0,0.00000,,0,0,0,0
2022-05-14,37359.85616,2506.09616,34853.76000,0.00000,243,0,0,0,0.00000,0.00000,0.00000,0.00000,0,,0,0,0,0.00000,,0,0,0,0
2022-05-15,37363.92018,2510.16018,34853.76000,0.00000,244,1,0,0,0.00000,0.00000,0.00000,0.00000,0,,0,0,0,0.00000,,0,0,0,0
2022-05-16,37277.52018,2510.16018,34767.36000,0.00000,243,0,0,0,0.00000,0.00000,0.00000,0.00000,0,,0,0,0,0.00000,,0,0,0,0
2022-05-17,38228.37938,2510.61938,35717.76000,0.00000,246,3,0,0,0.00000,0.00000,0.00000,0.00000,0,,0,0,0,0.00000,,0,0,0,0
2022-05-18,37946.45550,2522.45550,35424.00000,0.00000,246,1,0,0,0.00000,0.00000,0.00000,0.00000,0,,0,0,0,0.00000,,0,0,0,0
2022-05-19,37939.56015,2515.56015,35424.00000,0.00000,245,0,0,1,0.00000,0.00000,200.00000,0.00000,0,,0,0,0,0.00000,,0,0,0,0
2022-05-20,37283.76439,2516.40439,34767.36000,0.00000,247,3,0,0,0.00000,0.00000,0.00000,0.00000,0,,0,0,0,0.00000,,0,0,0,0
2022-05-21,37207.79567,2526.83567,34680.96000,0.00000,247,1,0,0,0.00000,0.00000,0.00000,0.00000,0,,0,0,0,0.00000,,0,0,0,0
2022-05-22,37293.23868,2525.87868,34767.36000,0.00000,248,2,0,1,0.00000,0.00000,200.00000,0.00000,0,,0,0,0,0.00000,,0,0,0,0
2022-05-23,37111.56293,2551.56293,34560.00000,0.00000,248,2,0,1,0.00000,0.00000,200.00000,0.00000,0,,0,0,0,0.00000,,0,0,0,0
2022-05-24,37026.70768,2553.10768,34473.60000,0.00000,248,1,0,0,0.00000,0.00000,0.00000,0.00000,0,,0,0,0,0.00000,,0,0,0,0
2022-05-25,36732.94768,2553.10768,34179.84000,0.00000,247,0,0,0,0.00000,0.00000,0.00000,0.00000,0,,0,0,0,0.00000,,0,0,0,0
2022-05-26,36732.94768,2553.10768,34179.84000,0.00000,247,0,0,0,0.00000,0.00000,0.00000,0.00000,0,,0,0,0,0.00000,,0,0,0,0
2022-05-27,36732.94768,2553.10768,34179.84000,0.00000,247,0,0,0,0.00000,0.00000,0.00000,0.00000,0,,0,0,0,0.00000,,0,0,0,0
2022-05-28,36629.26768,2553.10768,34076.16000,0.00000,246,0,0,0,0.00000,0.00000,0.00000,0.00000,0,,0,0,0,0.00000,,0,0,0,0
2022-05-29,36715.66768,2553.10768,34162.56000,0.00000,247,1,0,0,0.00000,0.00000,0.00000,0.00000,0,,0,0,0,0.00000,,0,0,0,0
2022-05-30,36802.06768,2553.10768,34248.96000,0.00000,248,1,0,0,0.00000,0.00000,0.00000,0.00000,0,,0,0,0,0.00000,,0,0,0,0
2022-05-31,35935.35919,2550.39919,33384.96000,0.00000,246,0,0,1,0.00000,0.00000,200.00000,0.00000,0,,0,0,0,0.00000,,0,0,0,0
2022-06-01,35641.59919,2550.39919,33091.20000,0.00000,245,0,0,0,0.00000,0.00000,0.00000,0.00000,0,,0,0,0,0.00000,,0,0,0,0
2022-06-02,35641.59919,2550.39919,33091.20000,0.00000,245,0,0,0,0.00000,0.00000,0.00000,0.00000,0,,0,0,0,0.00000,,0,0,0,0
2022-06-03,35641.59919,2550.39919,33091.20000,0.00000,245,0,0,0,0.00000,0.00000,0.00000,0.00000,0,,0,0,0,0.00000,,0,0,0,0
2022-06-04,35641.59919,2550.39919,33091.20000,0.00000,245,0,0,0,0.00000,0.00000,0.00000,0.00000,0,,0,0,0,0.00000,,0,0,0,0
2022-06-05,34777.59919,2550.39919,32227.20000,0.00000,244,0,0,0,0.00000,0.00000,0.00000,0.00000,0,,0,0,0,0.00000,,0,0,0,0
2022-06-06,34854.89561,2541.29561,32313.60000,0.00000,245,3,0,2,0.00000,0.00000,400.00000,0.00000,0,,0,0,0,0.00000,,0,0,0,0
2022-06-07,34558.54016,2538.70016,32019.84000,0.00000,244,1,0,1,0.00000,0.00000,200.00000,0.00000,0,,0,0,0,0.00000,,0,0,0,0
2022-06-08,34558.54016,2538.70016,32019.84000,0.00000,244,0,0,0,0.00000,0.00000,0.00000,0.00000,0,,0,0,0,0.00000,,0,0,0,0
2022-06-09,34766.26057,2539.06057,32227.20000,0.00000,247,3,0,0,0.00000,0.00000,0.00000,0.00000,0,,0,0,0,0.00000,,0,0,0,0
2022-06-10,34766.26057,2539.06057,32227.20000,0.00000,247,1,0,0,0.00000,0.00000,0.00000,0.00000,0,,0,0,0,0.00000,,0,0,0,0
2022-06-11,34770.74703,2543.54703,32227.20000,0.00000,246,1,0,2,0.00000,0.00000,400.00000,0.00000,0,,0,0,0,0.00000,,0,0,0,0
2022-06-12,34770.49184,2543.29184,32227.20000,0.00000,246,1,0,1,0.00000,0.00000,200.00000,0.00000,0,,0,0,0,0.00000,,0,0,0,0
2022-06-13,35634.49184,2543.29184,33091.20000,0.00000,247,1,0,0,0.00000,0.00000,0.00000,0.00000,0,,0,0,0,0.00000,,0,0,0,0
2022-06-14,35351.79911,2554.35911,32797.44000,0.00000,247,1,0,0,0.00000,0.00000,0.00000,0.00000,0,,0,0,0,0.00000,,0,0,0,0
2022-06-15,35070.53533,2566.85533,32503.68000,0.00000,248,2,0,0,0.00000,0.00000,0.00000,0.00000,0,,0,0,0,0.00000,,0,0,0,0
2022-06-16,35070.53533,2566.85533,32503.68000,0.00000,248,0,0,0,0.00000,0.00000,0.00000,0.00000,0,,0,0,0,0.00000,,0,0,0,0
2022-06-17,35070.53533,2566.85533,32503.68000,0.00000,248,0,0,0,0.00000,0.00000,0.00000,0.00000,0,,0,0,0,0.00000,,0,0,0,0
2022-06-18,35071.72440,2568.04440,32503.68000,0.00000,250,2,0,0,0.00000,0.00000,0.00000,0.00000,0,,0,0,0,0.00000,,0,0,0,0
2022-06-19,35071.72440,2568.04440,32503.68000,0.00000,250,0,0,0,0.00000,0.00000,0.00000,0.00000,0,,0,0,0,0.00000,,0,0,0,0
2022-06-20,35071.72440,2568.04440,32503.68000,0.00000,250,0,0,0,0.00000,0.00000,0.00000,0.00000,0,,0,0,0,0.00000,,0,0,0,0
2022-06-21,35176.45122,2569.09122,32607.36000,0.00000,252,2,0,0,0.00000,0.00000,0.00000,0.00000,0,,0,0,0,0.00000,,0,0,0,0
2022-06-22,35176.45122,2569.09122,32607.36000,0.00000,252,0,0,0,0.00000,0.00000,0.00000,0.00000,0,,0,0,0,0.00000,,0,0,0,0
2022-06-23,35195.53402,2570.89402,32624.64000,0.00000,253,3,0,1,0.00000,0.00000,200.00000,0.00000,0,,0,0,0,0.00000,,0,0,0,0
2022-06-24,34902.06413,2571.18413,32330.88000,0.00000,253,1,0,0,0.00000,0.00000,0.00000,0.00000,0,,0,0,0,0.00000,,0,0,0,0
2022-06-25,35226.70343,2895.82343,32330.88000,0.00000,257,4,0,0,0.00000,0.00000,0.00000,0.00000,0,,0,0,0,0.00000,,0,0,0,0
2022-06-26,34362.70343,2895.82343,31466.88000,0.00000,256,0,0,0,0.00000,0.00000,0.00000,0.00000,0,,0,0,0,0.00000,,0,0,0,0
2022-06-27,34362.70343,2895.82343,31466.88000,0.00000,256,0,0,0,0.00000,0.00000,0.00000,0.00000,0,,0,0,0,0.00000,,0,0,0,0
2022-06-28,34466.38343,2895.82343,31570.56000,0.00000,257,1,0,0,0.00000,0.00000,0.00000,0.00000,0,,0,0,0,0.00000,,0,0,0,0
2022-06-29,34466.38343,2895.82343,31570.56000,0.00000,257,0,0,0,0.00000,0.00000,0.00000,0.00000,0,,0,0,0,0.00000,,0,0,0,0
2022-06-30,34552.78343,2895.82343,31656.96000,0.00000,258,1,0,0,0.00000,0.00000,0.00000,0.00000,0,,0,0,0,0.00000,,0,0,0,0
2022-07-01,34661.22134,2900.58134,31760.64000,0.00000,260,2,0,0,0.00000,0.00000,0.00000,0.00000,0,,0,0,0,0.00000,,0,0,0,0
2022-07-02,34661.22134,2900.58134,31760.64000,0.00000,260,0,0,0,0.00000,0.00000,0.00000,0.00000,0,,0,0,0,0.00000,,0,0,0,0
2022-07-03,35543.78126,2919.14126,32624.64000,0.00000,262,2,0,0,0.00000,0.00000,0.00000,0.00000,0,,0,0,0,0.00000,,0,0,0,0
2022-07-04,35543.78126,2919.14126,32624.64000,0.00000,262,0,0,0,0.00000,0.00000,0.00000,0.00000,0,,0,0,0,0.00000,,0,0,0,0
2022-07-05,35543.78126,2919.14126,32624.64000,0.00000,262,0,0,0,0.00000,0.00000,0.00000,0.00000,0,,0,0,0,0.00000,,0,0,0,0
2022-07-06,35543.85311,2919.21311,32624.64000,0.00000,263,1,0,0,0.00000,0.00000,0.00000,0.00000,0,,0,0,0,0.00000,,0,0,0,0
2022-07-07,35555.37221,2930.73221,32624.64000,0.00000,265,2,0,0,0.00000,0.00000,0.00000,0.00000,0,,0,0,0,0.00000,,0,0,0,0
2022-07-08,35292.46178,2961.58178,32330.88000,0.00000,265,1,0,0,0.00000,0.00000,0.00000,0.00000,0,,0,0,0,0.00000,,0,0,0,0
2022-07-09,35292.46178,2961.58178,32330.88000,0.00000,265,1,0,0,0.00000,0.00000,0.00000,0.00000,0,,0,0,0,0.00000,,0,0,0,0
2022-07-10,36242.86178,2961.58178,33281.28000,0.00000,267,2,0,0,0.00000,0.00000,0.00000,0.00000,0,,0,0,0,0.00000,,0,0,0,0
2022-07-11,36242.86178,2961.58178,33281.28000,0.00000,267,0,0,0,0.00000,0.00000,0.00000,0.00000,0,,0,0,0,0.00000,,0,0,0,0
2022-07-12,36242.86178,2961.58178,33281.28000,0.00000,267,0,0,0,0.00000,0.00000,0.00000,0.00000,0,,0,0,0,0.00000,,0,0,0,0
2022-07-13,36242.86178,2961.58178,33281.28000,0.00000,267,0,0,0,0.00000,0.00000,0.00000,0.00000,0,,0,0,0,0.00000,,0,0,0,0
2022-07-14,36240.56221,2959.28221,33281.28000,0.00000,267,2,0,2,0.00000,0.00000,400.00000,0.00000,0,,0,0,0,0.00000,,0,0,0,0
2022-07-15,36240.56221,2959.28221,33281.28000,0.00000,267,1,0,0,0.00000,0.00000,0.00000,0.00000,0,,0,0,0,0.00000,,0,0,0,0
2022-07-16,35940.77022,2953.25022,32987.52000,0.00000,265,0,0,1,0.00000,0.00000,200.00000,0.00000,0,,0,0,0,0.00000,,0,0,0,0
2022-07-17,35940.77022,2953.25022,32987.52000,0.00000,265,0,0,0,0.00000,0.00000,0.00000,0.00000,0,,0,0,0,0.00000,,0,0,0,0
2022-07-18,36044.36714,2953.16714,33091.20000,0.00000,265,1,0,1,0.00000,0.00000,200.00000,0.00000,0,,0,0,0,0.00000,,0,0,0,0
2022-07-19,35750.60714,2953.16714,32797.44000,0.00000,264,0,0,0,0.00000,0.00000,0.00000,0.00000,0,,0,0,0,0.00000,,0,0,0,0
2022-07-20,35750.60714,2953.16714,32797.44000,0.00000,264,0,0,0,0.00000,0.00000,0.00000,0.00000,0,,0,0,0,0.00000,,0,0,0,0
2022-07-21,36327.33593,2959.65593,33367.68000,0.00000,266,3,0,0,0.00000,0.00000,0.00000,0.00000,0,,0,0,0,0.00000,,0,0,0,0
2022-07-22,36329.21283,2961.53283,33367.68000,0.00000,267,1,0,0,0.00000,0.00000,0.00000,0.00000,0,,0,0,0,0.00000,,0,0,0,0
2022-07-23,36329.80058,2962.12058,33367.68000,0.00000,268,1,0,0,0.00000,0.00000,0.00000,0.00000,0,,0,0,0,0.00000,,0,0,0,0
2022-07-24,36433.48058,2962.12058,33471.36000,0.00000,269,1,0,0,0.00000,0.00000,0.00000,0.00000,0,,0,0,0,0.00000,,0,0,0,0
2022-07-25,37300.77646,2965.41646,34335.36000,0.00000,271,2,0,0,0.00000,0.00000,0.00000,0.00000,0,,0,0,0,0.00000,,0,0,0,0
2022-07-26,37300.77646,2965.41646,34335.36000,0.00000,271,0,0,0,0.00000,0.00000,0.00000,0.00000,0,,0,0,0,0.00000,,0,0,0,0
2022-07-27,37595.44458,2966.32458,34629.12000,0.00000,273,2,0,0,0.00000,0.00000,0.00000,0.00000,0,,0,0,0,0.00000,,0,0,0,0
2022-07-28,37597.99123,2968.87123,34629.12000,0.00000,275,2,0,0,0.00000,0.00000,0.00000,0.00000,0,,0,0,0,0.00000,,0,0,0,0
2022-07-29,37304.70328,2969.34328,34335.36000,0.00000,274,1,0,1,0.00000,0.00000,200.00000,0.00000,0,,0,0,0,0.00000,,0,0,0,0
2022-07-30,37303.48866,2968.12866,34335.36000,0.00000,272,0,0,2,0.00000,0.00000,400.00000,0.00000,0,,0,0,0,0.00000,,0,0,0,0
2022-07-31,37303.48866,2968.12866,34335.36000,0.00000,272,0,0,0,0.00000,0.00000,0.00000,0.00000,0,,0,0,0,0.00000,,0,0,0,0
2022-08-01,37307.72452,2972.36452,34335.36000,0.00000,272,1,0,1,0.00000,0.00000,200.00000,0.00000,0,,0,0,0,0.00000,,0,0,0,0
2022-08-02,37307.72452,2972.36452,34335.36000,0.00000,272,0,0,0,0.00000,0.00000,0.00000,0.00000,0,,0,0,0,0.00000,,0,0,0,0
2022-08-03,37308.16026,2972.80026,34335.36000,0.00000,273,1,0,0,0.00000,0.00000,0.00000,0.00000,0,,0,0,0,0.00000,,0,0,0,0
2022-08-04,37605.36802,2976.24802,34629.12000,0.00000,275,2,0,0,0.00000,0.00000,0.00000,0.00000,0,,0,0,0,0.00000,,0,0,0,0
2022-08-05,37603.63055,2974.51055,34629.12000,0.00000,275,1,0,1,0.00000,0.00000,200.00000,0.00000,0,,0,0,0,0.00000,,0,0,0,0
2022-08-06,37603.14207,2974.02207,34629.12000,0.00000,274,0,0,1,0.00000,0.00000,200.00000,0.00000,0,,0,0,0,0.00000,,0,0,0,0
2022-08-07,38000.58207,2974.02207,35026.56000,0.00000,276,2,0,0,0.00000,0.00000,0.00000,0.00000,0,,0,0,0,0.00000,,0,0,0,0
2022-08-08,38000.78681,2974.22681,35026.56000,0.00000,277,2,0,1,0.00000,0.00000,200.00000,0.00000,0,,0,0,0,0.00000,,0,0,0,0
2022-08-09,38000.78681,2974.22681,35026.56000,0.00000,277,0,0,0,0.00000,0.00000,0.00000,0.00000,0,,0,0,0,0.00000,,0,0,0,0
2022-08-10,38001.89589,2975.33589,35026.56000,0.00000,278,1,0,0,0.00000,0.00000,0.00000,0.00000,0,,0,0,0,0.00000,,0,0,0,0
2022-08-11,38200.37600,3173.81600,35026.56000,0.00000,281,3,0,0,0.00000,0.00000,0.00000,0.00000,0,,0,0,0,0.00000,,0,0,0,0
2022-08-12,38199.60238,3173.04238,35026.56000,0.00000,280,0,0,1,0.00000,0.00000,200.00000,0.00000,0,,0,0,0,0.00000,,0,0,0,0
2022-08-13,37902.94991,3170.14991,34732.80000,0.00000,278,0,0,1,0.00000,0.00000,200.00000,0.00000,0,,0,0,0,0.00000,,0,0,0,0
2022-08-14,37699.43160,3260.39160,34439.04000,0.00000,278,1,0,0,0.00000,0.00000,0.00000,0.00000,0,,0,0,0,0.00000,,0,0,0,0
2022-08-15,37786.07087,3260.63087,34525.44000,0.00000,280,2,0,0,0.00000,0.00000,0.00000,0.00000,0,,0,0,0,0.00000,,0,0,0,0
2022-08-16,37492.31087,3260.63087,34231.68000,0.00000,279,0,0,0,0.00000,0.00000,0.00000,0.00000,0,,0,0,0,0.00000,,0,0,0,0
2022-08-17,37492.31087,3260.63087,34231.68000,0.00000,279,0,0,0,0.00000,0.00000,0.00000,0.00000,0,,0,0,0,0.00000,,0,0,0,0
2022-08-18,37489.05970,3257.37970,34231.68000,0.00000,279,1,0,1,0.00000,0.00000,200.00000,0.00000,0,,0,0,0,0.00000,,0,0,0,0
2022-08-19,37108.89970,3257.37970,33851.52000,0.00000,277,0,0,0,0.00000,0.00000,0.00000,0.00000,0,,0,0,0,0.00000,,0,0,0,0
2022-08-20,37108.76065,3257.24065,33851.52000,0.00000,276,0,0,1,0.00000,0.00000,200.00000,0.00000,0,,0,0,0,0.00000,,0,0,0,0
2022-08-21,36624.92065,3257.24065,33367.68000,0.00000,277,2,0,0,0.00000,0.00000,0.00000,0.00000,0,,0,0,0,0.00000,,0,0,0,0
2022-08-22,36624.92065,3257.24065,33367.68000,0.00000,277,0,0,0,0.00000,0.00000,0.00000,0.00000,0,,0,0,0,0.00000,,0,0,0,0
2022-08-23,36624.92065,3257.24065,33367.68000,0.00000,277,0,0,0,0.00000,0.00000,0.00000,0.00000,0,,0,0,0,0.00000,,0,0,0,0
2022-08-24,36639.25123,3271.57123,33367.68000,0.00000,279,3,0,0,0.00000,0.00000,0.00000,0.00000,0,,0,0,0,0.00000,,0,0,0,0
2022-08-25,36638.22254,3270.54254,33367.68000,0.00000,279,1,0,1,0.00000,0.00000,200.00000,0.00000,0,,0,0,0,0.00000,,0,0,0,0
2022-08-26,36643.11604,3275.43604,33367.68000,0.00000,281,3,0,1,0.00000,0.00000,200.00000,0.00000,0,,0,0,0,0.00000,,0,0,0,0
2022-08-27,36643.11604,3275.43604,33367.68000,0.00000,281,1,0,0,0.00000,0.00000,0.00000,0.00000,0,,0,0,0,0.00000,,0,0,0,0
2022-08-28,36646.73967,3279.05967,33367.68000,0.00000,283,2,0,0,0.00000,0.00000,0.00000,0.00000,0,,0,0,0,0.00000,,0,0,0,0
2022-08-29,36836.09371,3278.33371,33557.76000,0.00000,281,1,0,2,0.00000,0.00000,400.00000,0.00000,0,,0,0,0,0.00000,,0,0,0,0
2022-08-30,36836.09371,3278.33371,33557.76000,0.00000,281,0,0,0,0.00000,0.00000,0.00000,0.00000,0,,0,0,0,0.00000,,0,0,0,0
2022-08-31,37700.09371,3278.33371,34421.76000,0.00000,282,1,0,0,0.00000,0.00000,0.00000,0.00000,0,,0,0,0,0.00000,,0,0,0,0
2022-09-01,38564.09371,3278.33371,35285.76000,0.00000,283,1,0,0,0.00000,0.00000,0.00000,0.00000,0,,0,0,0,0.00000,,0,0,0,0
2022-09-02,38564.09371,3278.33371,35285.76000,0.00000,283,0,0,0,0.00000,0.00000,0.00000,0.00000,0,,0,0,0,0.00000,,0,0,0,0
2022-09-03,38553.08377,3267.32377,35285.76000,0.00000,282,0,0,1,0.00000,0.00000,200.00000,0.00000,0,,0,0,0,0.00000,,0,0,0,0
2022-09-04,38642.49846,3270.33846,35372.16000,0.00000,284,2,0,0,0.00000,0.00000,0.00000,0.00000,0,,0,0,0,0.00000,,0,0,0,0
2022-09-05,38539.82365,3271.34365,35268.48000,0.00000,283,1,0,1,0.00000,0.00000,200.00000,0.00000,0,,0,0,0,0.00000,,0,0,0,0
2022-09-06,37675.82365,3271.34365,34404.48000,0.00000,282,0,0,0,0.00000,0.00000,0.00000,0.00000,0,,0,0,0,0.00000,,0,0,0,0
2022-09-07,37683.31437,3278.83437,34404.48000,0.00000,284,2,0,0,0.00000,0.00000,0.00000,0.00000,0,,0,0,0,0.00000,,0,0,0,0
2022-09-08,36869.47663,3328.99663,33540.48000,0.00000,284,1,0,0,0.00000,0.00000,0.00000,0.00000,0,,0,0,0,0.00000,,0,0,0,0
2022-09-09,36869.47663,3328.99663,33540.48000,0.00000,284,0,0,0,0.00000,0.00000,0.00000,0.00000,0,,0,0,0,0.00000,,0,0,0,0
2022-09-10,36955.87663,3328.99663,33626.88000,0.00000,285,1,0,0,0.00000,0.00000,0.00000,0.00000,0,,0,0,0,0.00000,,0,0,0,0
2022-09-11,36955.87663,3328.99663,33626.88000,0.00000,285,0,0,0,0.00000,0.00000,0.00000,0.00000,0,,0,0,0,0.00000,,0,0,0,0
2022-09-12,37834.48840,3343.60840,34490.88000,0.00000,287,2,0,0,0.00000,0.00000,0.00000,0.00000,0,,0,0,0,0.00000,,0,0,0,0
2022-09-13,37834.48840,3343.60840,34490.88000,0.00000,287,0,0,0,0.00000,0.00000,0.00000,0.00000,0,,0,0,0,0.00000,,0,0,0,0
2022-09-14,37840.98753,3350.10753,34490.88000,0.00000,289,2,0,0,0.00000,0.00000,0.00000,0.00000,0,,0,0,0,0.00000,,0,0,0,0
2022-09-15,37869.38368,3378.50368,34490.88000,0.00000,290,1,0,0,0.00000,0.00000,0.00000,0.00000,0,,0,0,0,0.00000,,0,0,0,0
2022-09-16,37873.10491,3382.22491,34490.88000,0.00000,290,1,0,1,0.00000,0.00000,200.00000,0.00000,0,,0,0,0,0.00000,,0,0,0,0
2022-09-17,37579.34491,3382.22491,34197.12000,0.00000,289,0,0,0,0.00000,0.00000,0.00000,0.00000,0,,0,0,0,0.00000,,0,0,0,0
2022-09-18,37579.34491,3382.22491,34197.12000,0.00000,289,0,0,0,0.00000,0.00000,0.00000,0.00000,0,,0,0,0,0.00000,,0,0,0,0
2022-09-19,37579.34491,3382.22491,34197.12000,0.00000,289,0,0,0,0.00000,0.00000,0.00000,0.00000,0,,0,0,0,0.00000,,0,0,0,0
2022-09-20,37372.33532,3382.57532,33989.76000,0.00000,290,2,0,0,0.00000,0.00000,0.00000,0.00000,0,,0,0,0,0.00000,,0,0,0,0
2022-09-21,37177.48857,3395.08857,33782.40000,0.00000,289,1,0,0,0.00000,0.00000,0.00000,0.00000,0,,0,0,0,0.00000,,0,0,0,0
2022-09-22,37177.48857,3395.08857,33782.40000,0.00000,289,1,0,0,0.00000,0.00000,0.00000,0.00000,0,,0,0,0,0.00000,,0,0,0,0
2022-09-23,38042.37364,3395.97364,34646.40000,0.00000,291,2,0,0,0.00000,0.00000,0.00000,0.00000,0,,0,0,0,0.00000,,0,0,0,0
2022-09-24,38042.37364,3395.97364,34646.40000,0.00000,291,0,0,0,0.00000,0.00000,0.00000,0.00000,0,,0,0,0,0.00000,,0,0,0,0
2022-09-25,38348.91091,3408.75091,34940.16000,0.00000,292,2,0,1,0.00000,0.00000,200.00000,0.00000,0,,0,0,0,0.00000,,0,0,0,0
2022-09-26,38348.91091,3408.75091,34940.16000,0.00000,292,0,0,0,0.00000,0.00000,0.00000,0.00000,0,,0,0,0,0.00000,,0,0,0,0
2022-09-27,39213.19589,3409.03589,35804.16000,0.00000,294,2,0,0,0.00000,0.00000,0.00000,0.00000,0,,0,0,0,0.00000,,0,0,0,0
2022-09-28,39386.14371,3409.18371,35976.96000,0.00000,297,3,0,0,0.00000,0.00000,0.00000,0.00000,0,,0,0,0,0.00000,,0,0,0,0
2022-09-29,39764.17997,3407.05997,36357.12000,0.00000,298,2,0,1,0.00000,0.00000,200.00000,0.00000,0,,0,0,0,0.00000,,0,0,0,0
2022-09-30,39764.17997,3407.05997,36357.12000,0.00000,298,0,0,0,0.00000,0.00000,0.00000,0.00000,0,,0,0,0,0.00000,,0,0,0,0
2022-10-01,39762.50373,3405.38373,36357.12000,0.00000,297,0,0,1,0.00000,0.00000,200.00000,0.00000,0,,0,0,0,0.00000,,0,0,0,0
2022-10-02,39762.11477,3404.99477,36357.12000,0.00000,296,1,0,1,0.00000,0.00000,200.00000,0.00000,0,,0,0,0,0.00000,,0,0,0,0
2022-10-03,39762.11477,3404.99477,36357.12000,0.00000,296,0,0,0,0.00000,0.00000,0.00000,0.00000,0,,0,0,0,0.00000,,0,0,0,0
2022-10-04,39762.32109,3405.20109,36357.12000,0.00000,296,2,0,2,0.00000,0.00000,400.00000,0.00000,0,,0,0,0,0.00000,,0,0,0,0
2022-10-05,39765.26692,3408.14692,36357.12000,0.00000,297,1,0,0,0.00000,0.00000,0.00000,0.00000,0,,0,0,0,0.00000,,0,0,0,0
2022-10-06,39765.20464,3408.08464,36357.12000,0.00000,296,0,0,1,0.00000,0.00000,200.00000,0.00000,0,,0,0,0,0.00000,,0,0,0,0
2022-10-07,39884.40317,3527.28317,36357.12000,0.00000,296,1,0,1,0.00000,0.00000,200.00000,0.00000,0,,0,0,0,0.00000,,0,0,0,0
2022-10-08,39879.16071,3522.04071,36357.12000,0.00000,295,0,0,1,0.00000,0.00000,200.00000,0.00000,0,,0,0,0,0.00000,,0,0,0,0
2022-10-09,39984.45948,3540.93948,36443.52000,0.00000,298,3,0,0,0.00000,0.00000,0.00000,0.00000,0,,0,0,0,0.00000,,0,0,0,0
2022-10-10,39880.77948,3540.93948,36339.84000,0.00000,297,0,0,0,0.00000,0.00000,0.00000,0.00000,0,,0,0,0,0.00000,,0,0,0,0
2022-10-11,39880.77948,3540.93948,36339.84000,0.00000,297,0,0,0,0.00000,0.00000,0.00000,0.00000,0,,0,0,0,0.00000,,0,0,0,0
2022-10-12,39984.45948,3540.93948,36443.52000,0.00000,298,1,0,0,0.00000,0.00000,0.00000,0.00000,0,,0,0,0,0.00000,,0,0,0,0
2022-10-13,39984.45948,3540.93948,36443.52000,0.00000,298,0,0,0,0.00000,0.00000,0.00000,0.00000,0,,0,0,0,0.00000,,0,0,0,0
2022-10-14,39985.65490,3542.13490,36443.52000,0.00000,299,1,0,0,0.00000,0.00000,0.00000,0.00000,0,,0,0,0,0.00000,,0,0,0,0
2022-10-15,39986.35274,3542.83274,36443.52000,0.00000,300,1,0,0,0.00000,0.00000,0.00000,0.00000,0,,0,0,0,0.00000,,0,0,0,0
2022-10-16,40090.03274,3542.83274,36547.20000,0.00000,301,1,0,0,0.00000,0.00000,0.00000,0.00000,0,,0,0,0,0.00000,,0,0,0,0
2022-10-17,39813.07108,3559.63108,36253.44000,0.00000,301,1,0,0,0.00000,0.00000,0.00000,0.00000,0,,0,0,0,0.00000,,0,0,0,0
2022-10-18,39813.07108,3559.63108,36253.44000,0.00000,301,0,0,0,0.00000,0.00000,0.00000,0.00000,0,,0,0,0,0.00000,,0,0,0,0
2022-10-19,39813.07108,3559.63108,36253.44000,0.00000,301,0,0,0,0.00000,0.00000,0.00000,0.00000,0,,0,0,0,0.00000,,0,0,0,0
2022-10-20,39831.25051,3577.81051,36253.44000,0.00000,303,2,0,0,0.00000,0.00000,0.00000,0.00000,0,,0,0,0,0.00000,,0,0,0,0
2022-10-21,39745.58022,3578.54022,36167.04000,0.00000,303,1,0,0,0.00000,0.00000,0.00000,0.00000,0,,0,0,0,0.00000,,0,0,0,0
2022-10-22,39659.25782,3578.61782,36080.64000,0.00000,303,1,0,0,0.00000,0.00000,0.00000,0.00000,0,,0,0,0,0.00000,,0,0,0,0
2022-10-23,39818.19259,3737.55259,36080.64000,0.00000,305,2,0,0,0.00000,0.00000,0.00000,0.00000,0,,0,0,0,0.00000,,0,0,0,0
2022-10-24,39816.69991,3736.05991,36080.64000,0.00000,303,0,0,2,0.00000,0.00000,400.00000,0.00000,0,,0,0,0,0.00000,,0,0,0,0
2022-10-25,40139.01304,3764.61304,36374.40000,0.00000,305,2,0,0,0.00000,0.00000,0.00000,0.00000,0,,0,0,0,0.00000,,0,0,0,0
2022-10-26,39845.25304,3764.61304,36080.64000,0.00000,304,0,0,0,0.00000,0.00000,0.00000,0.00000,0,,0,0,0,0.00000,,0,0,0,0
2022-10-27,39934.67279,3767.63279,36167.04000,0.00000,306,2,0,0,0.00000,0.00000,0.00000,0.00000,0,,0,0,0,0.00000,,0,0,0,0
2022-10-28,39070.21078,3767.17078,35303.04000,0.00000,304,0,0,1,0.00000,0.00000,200.00000,0.00000,0,,0,0,0,0.00000,,0,0,0,0
2022-10-29,39070.21078,3767.17078,35303.04000,0.00000,304,0,0,0,0.00000,0.00000,0.00000,0.00000,0,,0,0,0,0.00000,,0,0,0,0
2022-10-30,39364.02245,3767.22245,35596.80000,0.00000,306,2,0,0,0.00000,0.00000,0.00000,0.00000,0,,0,0,0,0.00000,,0,0,0,0
2022-10-31,39364.02245,3767.22245,35596.80000,0.00000,306,0,0,0,0.00000,0.00000,0.00000,0.00000,0,,0,0,0,0.00000,,0,0,0,0
2022-11-01,39134.87563,3831.83563,35303.04000,0.00000,307,2,0,0,0.00000,0.00000,0.00000,0.00000,0,,0,0,0,0.00000,,0,0,0,0
2022-11-02,39238.55563,3831.83563,35406.72000,0.00000,308,1,0,0,0.00000,0.00000,0.00000,0.00000,0,,0,0,0,0.00000,,0,0,0,0
2022-11-03,39363.83951,3957.11951,35406.72000,0.00000,309,1,0,0,0.00000,0.00000,0.00000,0.00000,0,,0,0,0,0.00000,,0,0,0,0
2022-11-04,39363.89091,3957.17091,35406.72000,0.00000,310,1,0,0,0.00000,0.00000,0.00000,0.00000,0,,0,0,0,0.00000,,0,0,0,0
2022-11-05,39449.47790,3956.35790,35493.12000,0.00000,310,1,0,1,0.00000,0.00000,200.00000,0.00000,0,,0,0,0,0.00000,,0,0,0,0
2022-11-06,38499.07790,3956.35790,34542.72000,0.00000,308,0,0,0,0.00000,0.00000,0.00000,0.00000,0,,0,0,0,0.00000,,0,0,0,0
2022-11-07,38217.84150,3968.88150,34248.96000,0.00000,307,1,0,1,0.00000,0.00000,200.00000,0.00000,0,,0,0,0,0.00000,,0,0,0,0
2022-11-08,38217.84150,3968.88150,34248.96000,0.00000,307,0,0,0,0.00000,0.00000,0.00000,0.00000,0,,0,0,0,0.00000,,0,0,0,0
2022-11-09,38511.72624,3969.00624,34542.72000,0.00000,309,2,0,0,0.00000,0.00000,0.00000,0.00000,0,,0,0,0,0.00000,,0,0,0,0
2022-11-10,38521.25301,3978.53301,34542.72000,0.00000,311,2,0,0,0.00000,0.00000,0.00000,0.00000,0,,0,0,0,0.00000,,0,0,0,0
2022-11-11,38521.25301,3978.53301,34542.72000,0.00000,311,0,0,0,0.00000,0.00000,0.00000,0.00000,0,,0,0,0,0.00000,,0,0,0,0
2022-11-12,38521.25301,3978.53301,34542.72000,0.00000,311,0,0,0,0.00000,0.00000,0.00000,0.00000,0,,0,0,0,0.00000,,0,0,0,0
2022-11-13,38543.07612,4000.35612,34542.72000,0.00000,313,2,0,0,0.00000,0.00000,0.00000,0.00000,0,,0,0,0,0.00000,,0,0,0,0
2022-11-14,38547.21009,4004.49009,34542.72000,0.00000,315,2,0,0,0.00000,0.00000,0.00000,0.00000,0,,0,0,0,0.00000,,0,0,0,0
2022-11-15,37791.68348,4026.56348,33765.12000,0.00000,316,2,0,0,0.00000,0.00000,0.00000,0.00000,0,,0,0,0,0.00000,,0,0,0,0
2022-11-16,37705.28348,4026.56348,33678.72000,0.00000,315,0,0,0,0.00000,0.00000,0.00000,0.00000,0,,0,0,0,0.00000,,0,0,0,0
2022-11-17,37739.85803,4061.13803,33678.72000,0.00000,317,2,0,0,0.00000,0.00000,0.00000,0.00000,0,,0,0,0,0.00000,,0,0,0,0
2022-11-18,37751.07406,4072.35406,33678.72000,0.00000,317,1,0,1,0.00000,0.00000,200.00000,0.00000,0,,0,0,0,0.00000,,0,0,0,0
2022-11-19,37751.07406,4072.35406,33678.72000,0.00000,317,0,0,0,0.00000,0.00000,0.00000,0.00000,0,,0,0,0,0.00000,,0,0,0,0
2022-11-20,37751.07406,4072.35406,33678.72000,0.00000,317,0,0,0,0.00000,0.00000,0.00000,0.00000,0,,0,0,0,0.00000,,0,0,0,0
2022-11-21,37751.30351,4072.58351,33678.72000,0.00000,318,1,0,0,0.00000,0.00000,0.00000,0.00000,0,,0,0,0,0.00000,,0,0,0,0
2022-11-22,37757.84589,4079.12589,33678.72000,0.00000,319,1,0,0,0.00000,0.00000,0.00000,0.00000,0,,0,0,0,0.00000,,0,0,0,0
2022-11-23,37214.45138,4399.73138,32814.72000,0.00000,318,1,0,1,0.00000,0.00000,200.00000,0.00000,0,,0,0,0,0.00000,,0,0,0,0
2022-11-24,37514.21997,4699.49997,32814.72000,0.00000,320,2,0,0,0.00000,0.00000,0.00000,0.00000,0,,0,0,0,0.00000,,0,0,0,0
2022-11-25,37427.81997,4699.49997,32728.32000,0.00000,319,0,0,0,0.00000,0.00000,0.00000,0.00000,0,,0,0,0,0.00000,,0,0,0,0
2022-11-26,37427.81997,4699.49997,32728.32000,0.00000,319,0,0,0,0.00000,0.00000,0.00000,0.00000,0,,0,0,0,0.00000,,0,0,0,0
2022-11-27,37697.78835,4969.46835,32728.32000,0.00000,319,1,0,1,0.00000,0.00000,200.00000,0.00000,0,,0,0,0,0.00000,,0,0,0,0
2022-11-28,37404.02835,4969.46835,32434.56000,0.00000,318,0,0,0,0.00000,0.00000,0.00000,0.00000,0,,0,0,0,0.00000,,0,0,0,0
2022-11-29,37399.06339,4964.50339,32434.56000,0.00000,317,1,0,2,0.00000,0.00000,400.00000,0.00000,0,,0,0,0,0.00000,,0,0,0,0
2022-11-30,37322.51154,4974.35154,32348.16000,0.00000,318,2,0,0,0.00000,0.00000,0.00000,0.00000,0,,0,0,0,0.00000,,0,0,0,0
2022-12-01,37277.73406,5015.97406,32261.76000,0.00000,318,1,0,0,0.00000,0.00000,0.00000,0.00000,0,,0,0,0,0.00000,,0,0,0,0
2022-12-02,37484.02449,5032.18449,32451.84000,0.00000,318,2,0,1,0.00000,0.00000,200.00000,0.00000,0,,0,0,0,0.00000,,0,0,0,0
2022-12-03,37542.57834,5090.73834,32451.84000,0.00000,319,1,0,0,0.00000,0.00000,0.00000,0.00000,0,,0,0,0,0.00000,,0,0,0,0
2022-12-04,37456.17834,5090.73834,32365.44000,0.00000,318,0,0,0,0.00000,0.00000,0.00000,0.00000,0,,0,0,0,0.00000,,0,0,0,0
2022-12-05,36604.15120,5102.71120,31501.44000,0.00000,318,1,0,0,0.00000,0.00000,0.00000,0.00000,0,,0,0,0,0.00000,,0,0,0,0
2022-12-06,36604.15120,5102.71120,31501.44000,0.00000,318,0,0,0,0.00000,0.00000,0.00000,0.00000,0,,0,0,0,0.00000,,0,0,0,0
2022-12-07,36032.97710,5101.77710,30931.20000,0.00000,317,1,0,1,0.00000,0.00000,200.00000,0.00000,0,,0,0,0,0.00000,,0,0,0,0
2022-12-08,36032.97710,5101.77710,30931.20000,0.00000,317,0,0,0,0.00000,0.00000,0.00000,0.00000,0,,0,0,0,0.00000,,0,0,0,0
2022-12-09,36043.36698,5112.16698,30931.20000,0.00000,319,2,0,0,0.00000,0.00000,0.00000,0.00000,0,,0,0,0,0.00000,,0,0,0,0
2022-12-10,36339.70408,5114.74408,31224.96000,0.00000,321,2,0,0,0.00000,0.00000,0.00000,0.00000,0,,0,0,0,0.00000,,0,0,0,0
2022-12-11,36352.14015,5127.18015,31224.96000,0.00000,325,4,0,0,0.00000,0.00000,0.00000,0.00000,0,,0,0,0,0.00000,,0,0,0,0
2022-12-12,36352.14015,5127.18015,31224.96000,0.00000,325,0,0,0,0.00000,0.00000,0.00000,0.00000,0,,0,0,0,0.00000,,0,0,0,0
2022-12-13,36645.47906,5126.75906,31518.72000,0.00000,326,2,0,1,0.00000,0.00000,200.00000,0.00000,0,,0,0,0,0.00000,,0,0,0,0
2022-12-14,36649.35179,5130.63179,31518.72000,0.00000,328,2,0,0,0.00000,0.00000,0.00000,0.00000,0,,0,0,0,0.00000,,0,0,0,0
2022-12-15,37512.53722,5129.81722,32382.72000,0.00000,328,1,0,1,0.00000,0.00000,200.00000,0.00000,0,,0,0,0,0.00000,,0,0,0,0
2022-12-16,37512.53722,5129.81722,32382.72000,0.00000,328,0,0,0,0.00000,0.00000,0.00000,0.00000,0,,0,0,0,0.00000,,0,0,0,0
2022-12-17,37723.27654,5133.19654,32590.08000,0.00000,330,3,0,0,0.00000,0.00000,0.00000,0.00000,0,,0,0,0,0.00000,,0,0,0,0
2022-12-18,37725.30310,5135.22310,32590.08000,0.00000,332,2,0,0,0.00000,0.00000,0.00000,0.00000,0,,0,0,0,0.00000,,0,0,0,0
2022-12-19,39124.60563,6534.52563,32590.08000,0.00000,332,1,0,1,0.00000,0.00000,200.00000,0.00000,0,,0,0,0,0.00000,,0,0,0,0
2022-12-20,39124.60563,6534.52563,32590.08000,0.00000,332,0,0,0,0.00000,0.00000,0.00000,0.00000,0,,0,0,0,0.00000,,0,0,0,0
2022-12-21,39126.58291,6536.50291,32590.08000,0.00000,333,1,0,0,0.00000,0.00000,0.00000,0.00000,0,,0,0,0,0.00000,,0,0,0,0
2022-12-22,39224.88518,6531.12518,32693.76000,0.00000,333,1,0,1,0.00000,0.00000,200.00000,0.00000,0,,0,0,0,0.00000,,0,0,0,0
2022-12-23,39224.90671,6531.14671,32693.76000,0.00000,334,1,0,0,0.00000,0.00000,0.00000,0.00000,0,,0,0,0,0.00000,,0,0,0,0
2022-12-24,39913.53996,7219.77996,32693.76000,0.00000,336,3,0,1,0.00000,0.00000,200.00000,0.00000,0,,0,0,0,0.00000,,0,0,0,0
2022-12-25,40066.37354,7268.93354,32797.44000,0.00000,339,3,0,0,0.00000,0.00000,0.00000,0.00000,0,,0,0,0,0.00000,,0,0,0,0
2022-12-26,40160.14533,7276.30533,32883.84000,0.00000,341,2,0,0,0.00000,0.00000,0.00000,0.00000,0,,0,0,0,0.00000,,0,0,0,0
2022-12-27,40194.23668,7310.39668,32883.84000,0.00000,342,1,0,0,0.00000,0.00000,0.00000,0.00000,0,,0,0,0,0.00000,,0,0,0,0
2022-12-28,40317.70101,7330.18101,32987.52000,0.00000,344,2,0,0,0.00000,0.00000,0.00000,0.00000,0,,0,0,0,0.00000,,0,0,0,0
2022-12-29,40308.87388,7321.35388,32987.52000,0.00000,344,1,0,1,0.00000,0.00000,200.00000,0.00000,0,,0,0,0,0.00000,,0,0,0,0
2022-12-30,40395.71957,7321.79957,33073.92000,0.00000,346,2,0,0,0.00000,0.00000,0.00000,0.00000,0,,0,0,0,0.00000,,0,0,0,0
2022-12-31,40292.03957,7321.79957,32970.24000,0.00000,345,0,0,0,0.00000,0.00000,0.00000,0.00000,0,,0,0,0,0.00000,,0,0,0,0
